Country_code_A3,activity_code,month_id,Daytype_id,h1,h2,h3,h4,h5,h6,h7,h8,h9,h10,h11,h12,h13,h14,h15,h16,h17,h18,h19,h20,h21,h22,h23,h24
CHN,AGS,1,1,0.02484472,0.02484472,0.02484472,0.02484472,0.02484472,0.026915114,0.031055901,0.037267081,0.045548654,0.055900621,0.060041408,0.066252588,0.074534161,0.072463768,0.070393375,0.064182195,0.055900621,0.045548654,0.037267081,0.031055901,0.026915114,0.02484472,0.02484472,0.02484472
CHN,AGS,1,2,0.033229491,0.033229491,0.033229491,0.033229491,0.033229491,0.034267913,0.036344756,0.039460021,0.043613707,0.048805815,0.050882658,0.053997923,0.05815161,0.057113188,0.056074766,0.052959502,0.048805815,0.043613707,0.039460021,0.036344756,0.034267913,0.033229491,0.033229491,0.033229491
CHN,AGS,1,3,0.037441498,0.037441498,0.037441498,0.037441498,0.037441498,0.037961518,0.03900156,0.040561622,0.042641706,0.04524181,0.046281851,0.047841914,0.049921997,0.049401976,0.048881955,0.047321893,0.04524181,0.042641706,0.040561622,0.03900156,0.037961518,0.037441498,0.037441498,0.037441498
CHN,AGS,2,1,0.02484472,0.02484472,0.02484472,0.02484472,0.02484472,0.026915114,0.031055901,0.037267081,0.045548654,0.055900621,0.060041408,0.066252588,0.074534161,0.072463768,0.070393375,0.064182195,0.055900621,0.045548654,0.037267081,0.031055901,0.026915114,0.02484472,0.02484472,0.02484472
CHN,AGS,2,2,0.033229491,0.033229491,0.033229491,0.033229491,0.033229491,0.034267913,0.036344756,0.039460021,0.043613707,0.048805815,0.050882658,0.053997923,0.05815161,0.057113188,0.056074766,0.052959502,0.048805815,0.043613707,0.039460021,0.036344756,0.034267913,0.033229491,0.033229491,0.033229491
CHN,AGS,2,3,0.037441498,0.037441498,0.037441498,0.037441498,0.037441498,0.037961518,0.03900156,0.040561622,0.042641706,0.04524181,0.046281851,0.047841914,0.049921997,0.049401976,0.048881955,0.047321893,0.04524181,0.042641706,0.040561622,0.03900156,0.037961518,0.037441498,0.037441498,0.037441498
CHN,AGS,3,1,0.02484472,0.02484472,0.02484472,0.02484472,0.02484472,0.026915114,0.031055901,0.037267081,0.045548654,0.055900621,0.060041408,0.066252588,0.074534161,0.072463768,0.070393375,0.064182195,0.055900621,0.045548654,0.037267081,0.031055901,0.026915114,0.02484472,0.02484472,0.02484472
CHN,AGS,3,2,0.033229491,0.033229491,0.033229491,0.033229491,0.033229491,0.034267913,0.036344756,0.039460021,0.043613707,0.048805815,0.050882658,0.053997923,0.05815161,0.057113188,0.056074766,0.052959502,0.048805815,0.043613707,0.039460021,0.036344756,0.034267913,0.033229491,0.033229491,0.033229491
CHN,AGS,3,3,0.037441498,0.037441498,0.037441498,0.037441498,0.037441498,0.037961518,0.03900156,0.040561622,0.042641706,0.04524181,0.046281851,0.047841914,0.049921997,0.049401976,0.048881955,0.047321893,0.04524181,0.042641706,0.040561622,0.03900156,0.037961518,0.037441498,0.037441498,0.037441498
CHN,AGS,4,1,0.02484472,0.02484472,0.02484472,0.02484472,0.02484472,0.026915114,0.031055901,0.037267081,0.045548654,0.055900621,0.060041408,0.066252588,0.074534161,0.072463768,0.070393375,0.064182195,0.055900621,0.045548654,0.037267081,0.031055901,0.026915114,0.02484472,0.02484472,0.02484472
CHN,AGS,4,2,0.033229491,0.033229491,0.033229491,0.033229491,0.033229491,0.034267913,0.036344756,0.039460021,0.043613707,0.048805815,0.050882658,0.053997923,0.05815161,0.057113188,0.056074766,0.052959502,0.048805815,0.043613707,0.039460021,0.036344756,0.034267913,0.033229491,0.033229491,0.033229491
CHN,AGS,4,3,0.037441498,0.037441498,0.037441498,0.037441498,0.037441498,0.037961518,0.03900156,0.040561622,0.042641706,0.04524181,0.046281851,0.047841914,0.049921997,0.049401976,0.048881955,0.047321893,0.04524181,0.042641706,0.040561622,0.03900156,0.037961518,0.037441498,0.037441498,0.037441498
CHN,AGS,5,1,0.02484472,0.02484472,0.02484472,0.02484472,0.02484472,0.026915114,0.031055901,0.037267081,0.045548654,0.055900621,0.060041408,0.066252588,0.074534161,0.072463768,0.070393375,0.064182195,0.055900621,0.045548654,0.037267081,0.031055901,0.026915114,0.02484472,0.02484472,0.02484472
CHN,AGS,5,2,0.033229491,0.033229491,0.033229491,0.033229491,0.033229491,0.034267913,0.036344756,0.039460021,0.043613707,0.048805815,0.050882658,0.053997923,0.05815161,0.057113188,0.056074766,0.052959502,0.048805815,0.043613707,0.039460021,0.036344756,0.034267913,0.033229491,0.033229491,0.033229491
CHN,AGS,5,3,0.037441498,0.037441498,0.037441498,0.037441498,0.037441498,0.037961518,0.03900156,0.040561622,0.042641706,0.04524181,0.046281851,0.047841914,0.049921997,0.049401976,0.048881955,0.047321893,0.04524181,0.042641706,0.040561622,0.03900156,0.037961518,0.037441498,0.037441498,0.037441498
CHN,AGS,6,1,0.02484472,0.02484472,0.02484472,0.02484472,0.02484472,0.026915114,0.031055901,0.037267081,0.045548654,0.055900621,0.060041408,0.066252588,0.074534161,0.072463768,0.070393375,0.064182195,0.055900621,0.045548654,0.037267081,0.031055901,0.026915114,0.02484472,0.02484472,0.02484472
CHN,AGS,6,2,0.033229491,0.033229491,0.033229491,0.033229491,0.033229491,0.034267913,0.036344756,0.039460021,0.043613707,0.048805815,0.050882658,0.053997923,0.05815161,0.057113188,0.056074766,0.052959502,0.048805815,0.043613707,0.039460021,0.036344756,0.034267913,0.033229491,0.033229491,0.033229491
CHN,AGS,6,3,0.037441498,0.037441498,0.037441498,0.037441498,0.037441498,0.037961518,0.03900156,0.040561622,0.042641706,0.04524181,0.046281851,0.047841914,0.049921997,0.049401976,0.048881955,0.047321893,0.04524181,0.042641706,0.040561622,0.03900156,0.037961518,0.037441498,0.037441498,0.037441498
CHN,AGS,7,1,0.02484472,0.02484472,0.02484472,0.02484472,0.02484472,0.026915114,0.031055901,0.037267081,0.045548654,0.055900621,0.060041408,0.066252588,0.074534161,0.072463768,0.070393375,0.064182195,0.055900621,0.045548654,0.037267081,0.031055901,0.026915114,0.02484472,0.02484472,0.02484472
CHN,AGS,7,2,0.033229491,0.033229491,0.033229491,0.033229491,0.033229491,0.034267913,0.036344756,0.039460021,0.043613707,0.048805815,0.050882658,0.053997923,0.05815161,0.057113188,0.056074766,0.052959502,0.048805815,0.043613707,0.039460021,0.036344756,0.034267913,0.033229491,0.033229491,0.033229491
CHN,AGS,7,3,0.037441498,0.037441498,0.037441498,0.037441498,0.037441498,0.037961518,0.03900156,0.040561622,0.042641706,0.04524181,0.046281851,0.047841914,0.049921997,0.049401976,0.048881955,0.047321893,0.04524181,0.042641706,0.040561622,0.03900156,0.037961518,0.037441498,0.037441498,0.037441498
CHN,AGS,8,1,0.02484472,0.02484472,0.02484472,0.02484472,0.02484472,0.026915114,0.031055901,0.037267081,0.045548654,0.055900621,0.060041408,0.066252588,0.074534161,0.072463768,0.070393375,0.064182195,0.055900621,0.045548654,0.037267081,0.031055901,0.026915114,0.02484472,0.02484472,0.02484472
CHN,AGS,8,2,0.033229491,0.033229491,0.033229491,0.033229491,0.033229491,0.034267913,0.036344756,0.039460021,0.043613707,0.048805815,0.050882658,0.053997923,0.05815161,0.057113188,0.056074766,0.052959502,0.048805815,0.043613707,0.039460021,0.036344756,0.034267913,0.033229491,0.033229491,0.033229491
CHN,AGS,8,3,0.037441498,0.037441498,0.037441498,0.037441498,0.037441498,0.037961518,0.03900156,0.040561622,0.042641706,0.04524181,0.046281851,0.047841914,0.049921997,0.049401976,0.048881955,0.047321893,0.04524181,0.042641706,0.040561622,0.03900156,0.037961518,0.037441498,0.037441498,0.037441498
CHN,AGS,9,1,0.02484472,0.02484472,0.02484472,0.02484472,0.02484472,0.026915114,0.031055901,0.037267081,0.045548654,0.055900621,0.060041408,0.066252588,0.074534161,0.072463768,0.070393375,0.064182195,0.055900621,0.045548654,0.037267081,0.031055901,0.026915114,0.02484472,0.02484472,0.02484472
CHN,AGS,9,2,0.033229491,0.033229491,0.033229491,0.033229491,0.033229491,0.034267913,0.036344756,0.039460021,0.043613707,0.048805815,0.050882658,0.053997923,0.05815161,0.057113188,0.056074766,0.052959502,0.048805815,0.043613707,0.039460021,0.036344756,0.034267913,0.033229491,0.033229491,0.033229491
CHN,AGS,9,3,0.037441498,0.037441498,0.037441498,0.037441498,0.037441498,0.037961518,0.03900156,0.040561622,0.042641706,0.04524181,0.046281851,0.047841914,0.049921997,0.049401976,0.048881955,0.047321893,0.04524181,0.042641706,0.040561622,0.03900156,0.037961518,0.037441498,0.037441498,0.037441498
CHN,AGS,10,1,0.02484472,0.02484472,0.02484472,0.02484472,0.02484472,0.026915114,0.031055901,0.037267081,0.045548654,0.055900621,0.060041408,0.066252588,0.074534161,0.072463768,0.070393375,0.064182195,0.055900621,0.045548654,0.037267081,0.031055901,0.026915114,0.02484472,0.02484472,0.02484472
CHN,AGS,10,2,0.033229491,0.033229491,0.033229491,0.033229491,0.033229491,0.034267913,0.036344756,0.039460021,0.043613707,0.048805815,0.050882658,0.053997923,0.05815161,0.057113188,0.056074766,0.052959502,0.048805815,0.043613707,0.039460021,0.036344756,0.034267913,0.033229491,0.033229491,0.033229491
CHN,AGS,10,3,0.037441498,0.037441498,0.037441498,0.037441498,0.037441498,0.037961518,0.03900156,0.040561622,0.042641706,0.04524181,0.046281851,0.047841914,0.049921997,0.049401976,0.048881955,0.047321893,0.04524181,0.042641706,0.040561622,0.03900156,0.037961518,0.037441498,0.037441498,0.037441498
CHN,AGS,11,1,0.02484472,0.02484472,0.02484472,0.02484472,0.02484472,0.026915114,0.031055901,0.037267081,0.045548654,0.055900621,0.060041408,0.066252588,0.074534161,0.072463768,0.070393375,0.064182195,0.055900621,0.045548654,0.037267081,0.031055901,0.026915114,0.02484472,0.02484472,0.02484472
CHN,AGS,11,2,0.033229491,0.033229491,0.033229491,0.033229491,0.033229491,0.034267913,0.036344756,0.039460021,0.043613707,0.048805815,0.050882658,0.053997923,0.05815161,0.057113188,0.056074766,0.052959502,0.048805815,0.043613707,0.039460021,0.036344756,0.034267913,0.033229491,0.033229491,0.033229491
CHN,AGS,11,3,0.037441498,0.037441498,0.037441498,0.037441498,0.037441498,0.037961518,0.03900156,0.040561622,0.042641706,0.04524181,0.046281851,0.047841914,0.049921997,0.049401976,0.048881955,0.047321893,0.04524181,0.042641706,0.040561622,0.03900156,0.037961518,0.037441498,0.037441498,0.037441498
CHN,AGS,12,1,0.02484472,0.02484472,0.02484472,0.02484472,0.02484472,0.026915114,0.031055901,0.037267081,0.045548654,0.055900621,0.060041408,0.066252588,0.074534161,0.072463768,0.070393375,0.064182195,0.055900621,0.045548654,0.037267081,0.031055901,0.026915114,0.02484472,0.02484472,0.02484472
CHN,AGS,12,2,0.033229491,0.033229491,0.033229491,0.033229491,0.033229491,0.034267913,0.036344756,0.039460021,0.043613707,0.048805815,0.050882658,0.053997923,0.05815161,0.057113188,0.056074766,0.052959502,0.048805815,0.043613707,0.039460021,0.036344756,0.034267913,0.033229491,0.033229491,0.033229491
CHN,AGS,12,3,0.037441498,0.037441498,0.037441498,0.037441498,0.037441498,0.037961518,0.03900156,0.040561622,0.042641706,0.04524181,0.046281851,0.047841914,0.049921997,0.049401976,0.048881955,0.047321893,0.04524181,0.042641706,0.040561622,0.03900156,0.037961518,0.037441498,0.037441498,0.037441498
CHN,AWB,1,1,0.02484472,0.02484472,0.02484472,0.02484472,0.02484472,0.026915114,0.031055901,0.037267081,0.045548654,0.055900621,0.060041408,0.066252588,0.074534161,0.072463768,0.070393375,0.064182195,0.055900621,0.045548654,0.037267081,0.031055901,0.026915114,0.02484472,0.02484472,0.02484472
CHN,AWB,1,2,0.033229491,0.033229491,0.033229491,0.033229491,0.033229491,0.034267913,0.036344756,0.039460021,0.043613707,0.048805815,0.050882658,0.053997923,0.05815161,0.057113188,0.056074766,0.052959502,0.048805815,0.043613707,0.039460021,0.036344756,0.034267913,0.033229491,0.033229491,0.033229491
CHN,AWB,1,3,0.037441498,0.037441498,0.037441498,0.037441498,0.037441498,0.037961518,0.03900156,0.040561622,0.042641706,0.04524181,0.046281851,0.047841914,0.049921997,0.049401976,0.048881955,0.047321893,0.04524181,0.042641706,0.040561622,0.03900156,0.037961518,0.037441498,0.037441498,0.037441498
CHN,AWB,2,1,0.02484472,0.02484472,0.02484472,0.02484472,0.02484472,0.026915114,0.031055901,0.037267081,0.045548654,0.055900621,0.060041408,0.066252588,0.074534161,0.072463768,0.070393375,0.064182195,0.055900621,0.045548654,0.037267081,0.031055901,0.026915114,0.02484472,0.02484472,0.02484472
CHN,AWB,2,2,0.033229491,0.033229491,0.033229491,0.033229491,0.033229491,0.034267913,0.036344756,0.039460021,0.043613707,0.048805815,0.050882658,0.053997923,0.05815161,0.057113188,0.056074766,0.052959502,0.048805815,0.043613707,0.039460021,0.036344756,0.034267913,0.033229491,0.033229491,0.033229491
CHN,AWB,2,3,0.037441498,0.037441498,0.037441498,0.037441498,0.037441498,0.037961518,0.03900156,0.040561622,0.042641706,0.04524181,0.046281851,0.047841914,0.049921997,0.049401976,0.048881955,0.047321893,0.04524181,0.042641706,0.040561622,0.03900156,0.037961518,0.037441498,0.037441498,0.037441498
CHN,AWB,3,1,0.02484472,0.02484472,0.02484472,0.02484472,0.02484472,0.026915114,0.031055901,0.037267081,0.045548654,0.055900621,0.060041408,0.066252588,0.074534161,0.072463768,0.070393375,0.064182195,0.055900621,0.045548654,0.037267081,0.031055901,0.026915114,0.02484472,0.02484472,0.02484472
CHN,AWB,3,2,0.033229491,0.033229491,0.033229491,0.033229491,0.033229491,0.034267913,0.036344756,0.039460021,0.043613707,0.048805815,0.050882658,0.053997923,0.05815161,0.057113188,0.056074766,0.052959502,0.048805815,0.043613707,0.039460021,0.036344756,0.034267913,0.033229491,0.033229491,0.033229491
CHN,AWB,3,3,0.037441498,0.037441498,0.037441498,0.037441498,0.037441498,0.037961518,0.03900156,0.040561622,0.042641706,0.04524181,0.046281851,0.047841914,0.049921997,0.049401976,0.048881955,0.047321893,0.04524181,0.042641706,0.040561622,0.03900156,0.037961518,0.037441498,0.037441498,0.037441498
CHN,AWB,4,1,0.02484472,0.02484472,0.02484472,0.02484472,0.02484472,0.026915114,0.031055901,0.037267081,0.045548654,0.055900621,0.060041408,0.066252588,0.074534161,0.072463768,0.070393375,0.064182195,0.055900621,0.045548654,0.037267081,0.031055901,0.026915114,0.02484472,0.02484472,0.02484472
CHN,AWB,4,2,0.033229491,0.033229491,0.033229491,0.033229491,0.033229491,0.034267913,0.036344756,0.039460021,0.043613707,0.048805815,0.050882658,0.053997923,0.05815161,0.057113188,0.056074766,0.052959502,0.048805815,0.043613707,0.039460021,0.036344756,0.034267913,0.033229491,0.033229491,0.033229491
CHN,AWB,4,3,0.037441498,0.037441498,0.037441498,0.037441498,0.037441498,0.037961518,0.03900156,0.040561622,0.042641706,0.04524181,0.046281851,0.047841914,0.049921997,0.049401976,0.048881955,0.047321893,0.04524181,0.042641706,0.040561622,0.03900156,0.037961518,0.037441498,0.037441498,0.037441498
CHN,AWB,5,1,0.02484472,0.02484472,0.02484472,0.02484472,0.02484472,0.026915114,0.031055901,0.037267081,0.045548654,0.055900621,0.060041408,0.066252588,0.074534161,0.072463768,0.070393375,0.064182195,0.055900621,0.045548654,0.037267081,0.031055901,0.026915114,0.02484472,0.02484472,0.02484472
CHN,AWB,5,2,0.033229491,0.033229491,0.033229491,0.033229491,0.033229491,0.034267913,0.036344756,0.039460021,0.043613707,0.048805815,0.050882658,0.053997923,0.05815161,0.057113188,0.056074766,0.052959502,0.048805815,0.043613707,0.039460021,0.036344756,0.034267913,0.033229491,0.033229491,0.033229491
CHN,AWB,5,3,0.037441498,0.037441498,0.037441498,0.037441498,0.037441498,0.037961518,0.03900156,0.040561622,0.042641706,0.04524181,0.046281851,0.047841914,0.049921997,0.049401976,0.048881955,0.047321893,0.04524181,0.042641706,0.040561622,0.03900156,0.037961518,0.037441498,0.037441498,0.037441498
CHN,AWB,6,1,0.02484472,0.02484472,0.02484472,0.02484472,0.02484472,0.026915114,0.031055901,0.037267081,0.045548654,0.055900621,0.060041408,0.066252588,0.074534161,0.072463768,0.070393375,0.064182195,0.055900621,0.045548654,0.037267081,0.031055901,0.026915114,0.02484472,0.02484472,0.02484472
CHN,AWB,6,2,0.033229491,0.033229491,0.033229491,0.033229491,0.033229491,0.034267913,0.036344756,0.039460021,0.043613707,0.048805815,0.050882658,0.053997923,0.05815161,0.057113188,0.056074766,0.052959502,0.048805815,0.043613707,0.039460021,0.036344756,0.034267913,0.033229491,0.033229491,0.033229491
CHN,AWB,6,3,0.037441498,0.037441498,0.037441498,0.037441498,0.037441498,0.037961518,0.03900156,0.040561622,0.042641706,0.04524181,0.046281851,0.047841914,0.049921997,0.049401976,0.048881955,0.047321893,0.04524181,0.042641706,0.040561622,0.03900156,0.037961518,0.037441498,0.037441498,0.037441498
CHN,AWB,7,1,0.02484472,0.02484472,0.02484472,0.02484472,0.02484472,0.026915114,0.031055901,0.037267081,0.045548654,0.055900621,0.060041408,0.066252588,0.074534161,0.072463768,0.070393375,0.064182195,0.055900621,0.045548654,0.037267081,0.031055901,0.026915114,0.02484472,0.02484472,0.02484472
CHN,AWB,7,2,0.033229491,0.033229491,0.033229491,0.033229491,0.033229491,0.034267913,0.036344756,0.039460021,0.043613707,0.048805815,0.050882658,0.053997923,0.05815161,0.057113188,0.056074766,0.052959502,0.048805815,0.043613707,0.039460021,0.036344756,0.034267913,0.033229491,0.033229491,0.033229491
CHN,AWB,7,3,0.037441498,0.037441498,0.037441498,0.037441498,0.037441498,0.037961518,0.03900156,0.040561622,0.042641706,0.04524181,0.046281851,0.047841914,0.049921997,0.049401976,0.048881955,0.047321893,0.04524181,0.042641706,0.040561622,0.03900156,0.037961518,0.037441498,0.037441498,0.037441498
CHN,AWB,8,1,0.02484472,0.02484472,0.02484472,0.02484472,0.02484472,0.026915114,0.031055901,0.037267081,0.045548654,0.055900621,0.060041408,0.066252588,0.074534161,0.072463768,0.070393375,0.064182195,0.055900621,0.045548654,0.037267081,0.031055901,0.026915114,0.02484472,0.02484472,0.02484472
CHN,AWB,8,2,0.033229491,0.033229491,0.033229491,0.033229491,0.033229491,0.034267913,0.036344756,0.039460021,0.043613707,0.048805815,0.050882658,0.053997923,0.05815161,0.057113188,0.056074766,0.052959502,0.048805815,0.043613707,0.039460021,0.036344756,0.034267913,0.033229491,0.033229491,0.033229491
CHN,AWB,8,3,0.037441498,0.037441498,0.037441498,0.037441498,0.037441498,0.037961518,0.03900156,0.040561622,0.042641706,0.04524181,0.046281851,0.047841914,0.049921997,0.049401976,0.048881955,0.047321893,0.04524181,0.042641706,0.040561622,0.03900156,0.037961518,0.037441498,0.037441498,0.037441498
CHN,AWB,9,1,0.02484472,0.02484472,0.02484472,0.02484472,0.02484472,0.026915114,0.031055901,0.037267081,0.045548654,0.055900621,0.060041408,0.066252588,0.074534161,0.072463768,0.070393375,0.064182195,0.055900621,0.045548654,0.037267081,0.031055901,0.026915114,0.02484472,0.02484472,0.02484472
CHN,AWB,9,2,0.033229491,0.033229491,0.033229491,0.033229491,0.033229491,0.034267913,0.036344756,0.039460021,0.043613707,0.048805815,0.050882658,0.053997923,0.05815161,0.057113188,0.056074766,0.052959502,0.048805815,0.043613707,0.039460021,0.036344756,0.034267913,0.033229491,0.033229491,0.033229491
CHN,AWB,9,3,0.037441498,0.037441498,0.037441498,0.037441498,0.037441498,0.037961518,0.03900156,0.040561622,0.042641706,0.04524181,0.046281851,0.047841914,0.049921997,0.049401976,0.048881955,0.047321893,0.04524181,0.042641706,0.040561622,0.03900156,0.037961518,0.037441498,0.037441498,0.037441498
CHN,AWB,10,1,0.02484472,0.02484472,0.02484472,0.02484472,0.02484472,0.026915114,0.031055901,0.037267081,0.045548654,0.055900621,0.060041408,0.066252588,0.074534161,0.072463768,0.070393375,0.064182195,0.055900621,0.045548654,0.037267081,0.031055901,0.026915114,0.02484472,0.02484472,0.02484472
CHN,AWB,10,2,0.033229491,0.033229491,0.033229491,0.033229491,0.033229491,0.034267913,0.036344756,0.039460021,0.043613707,0.048805815,0.050882658,0.053997923,0.05815161,0.057113188,0.056074766,0.052959502,0.048805815,0.043613707,0.039460021,0.036344756,0.034267913,0.033229491,0.033229491,0.033229491
CHN,AWB,10,3,0.037441498,0.037441498,0.037441498,0.037441498,0.037441498,0.037961518,0.03900156,0.040561622,0.042641706,0.04524181,0.046281851,0.047841914,0.049921997,0.049401976,0.048881955,0.047321893,0.04524181,0.042641706,0.040561622,0.03900156,0.037961518,0.037441498,0.037441498,0.037441498
CHN,AWB,11,1,0.02484472,0.02484472,0.02484472,0.02484472,0.02484472,0.026915114,0.031055901,0.037267081,0.045548654,0.055900621,0.060041408,0.066252588,0.074534161,0.072463768,0.070393375,0.064182195,0.055900621,0.045548654,0.037267081,0.031055901,0.026915114,0.02484472,0.02484472,0.02484472
CHN,AWB,11,2,0.033229491,0.033229491,0.033229491,0.033229491,0.033229491,0.034267913,0.036344756,0.039460021,0.043613707,0.048805815,0.050882658,0.053997923,0.05815161,0.057113188,0.056074766,0.052959502,0.048805815,0.043613707,0.039460021,0.036344756,0.034267913,0.033229491,0.033229491,0.033229491
CHN,AWB,11,3,0.037441498,0.037441498,0.037441498,0.037441498,0.037441498,0.037961518,0.03900156,0.040561622,0.042641706,0.04524181,0.046281851,0.047841914,0.049921997,0.049401976,0.048881955,0.047321893,0.04524181,0.042641706,0.040561622,0.03900156,0.037961518,0.037441498,0.037441498,0.037441498
CHN,AWB,12,1,0.02484472,0.02484472,0.02484472,0.02484472,0.02484472,0.026915114,0.031055901,0.037267081,0.045548654,0.055900621,0.060041408,0.066252588,0.074534161,0.072463768,0.070393375,0.064182195,0.055900621,0.045548654,0.037267081,0.031055901,0.026915114,0.02484472,0.02484472,0.02484472
CHN,AWB,12,2,0.033229491,0.033229491,0.033229491,0.033229491,0.033229491,0.034267913,0.036344756,0.039460021,0.043613707,0.048805815,0.050882658,0.053997923,0.05815161,0.057113188,0.056074766,0.052959502,0.048805815,0.043613707,0.039460021,0.036344756,0.034267913,0.033229491,0.033229491,0.033229491
CHN,AWB,12,3,0.037441498,0.037441498,0.037441498,0.037441498,0.037441498,0.037961518,0.03900156,0.040561622,0.042641706,0.04524181,0.046281851,0.047841914,0.049921997,0.049401976,0.048881955,0.047321893,0.04524181,0.042641706,0.040561622,0.03900156,0.037961518,0.037441498,0.037441498,0.037441498
CHN,BMB,1,1,0.041666667,0.041666667,0.041666667,0.041666667,0.041666667,0.041666667,0.041666667,0.041666667,0.041666667,0.041666667,0.041666667,0.041666667,0.041666667,0.041666667,0.041666667,0.041666667,0.041666667,0.041666667,0.041666667,0.041666667,0.041666667,0.041666667,0.041666667,0.041666667
CHN,BMB,1,2,0.041666667,0.041666667,0.041666667,0.041666667,0.041666667,0.041666667,0.041666667,0.041666667,0.041666667,0.041666667,0.041666667,0.041666667,0.041666667,0.041666667,0.041666667,0.041666667,0.041666667,0.041666667,0.041666667,0.041666667,0.041666667,0.041666667,0.041666667,0.041666667
CHN,BMB,1,3,0.041666667,0.041666667,0.041666667,0.041666667,0.041666667,0.041666667,0.041666667,0.041666667,0.041666667,0.041666667,0.041666667,0.041666667,0.041666667,0.041666667,0.041666667,0.041666667,0.041666667,0.041666667,0.041666667,0.041666667,0.041666667,0.041666667,0.041666667,0.041666667
CHN,BMB,2,1,0.041666667,0.041666667,0.041666667,0.041666667,0.041666667,0.041666667,0.041666667,0.041666667,0.041666667,0.041666667,0.041666667,0.041666667,0.041666667,0.041666667,0.041666667,0.041666667,0.041666667,0.041666667,0.041666667,0.041666667,0.041666667,0.041666667,0.041666667,0.041666667
CHN,BMB,2,2,0.041666667,0.041666667,0.041666667,0.041666667,0.041666667,0.041666667,0.041666667,0.041666667,0.041666667,0.041666667,0.041666667,0.041666667,0.041666667,0.041666667,0.041666667,0.041666667,0.041666667,0.041666667,0.041666667,0.041666667,0.041666667,0.041666667,0.041666667,0.041666667
CHN,BMB,2,3,0.041666667,0.041666667,0.041666667,0.041666667,0.041666667,0.041666667,0.041666667,0.041666667,0.041666667,0.041666667,0.041666667,0.041666667,0.041666667,0.041666667,0.041666667,0.041666667,0.041666667,0.041666667,0.041666667,0.041666667,0.041666667,0.041666667,0.041666667,0.041666667
CHN,BMB,3,1,0.041666667,0.041666667,0.041666667,0.041666667,0.041666667,0.041666667,0.041666667,0.041666667,0.041666667,0.041666667,0.041666667,0.041666667,0.041666667,0.041666667,0.041666667,0.041666667,0.041666667,0.041666667,0.041666667,0.041666667,0.041666667,0.041666667,0.041666667,0.041666667
CHN,BMB,3,2,0.041666667,0.041666667,0.041666667,0.041666667,0.041666667,0.041666667,0.041666667,0.041666667,0.041666667,0.041666667,0.041666667,0.041666667,0.041666667,0.041666667,0.041666667,0.041666667,0.041666667,0.041666667,0.041666667,0.041666667,0.041666667,0.041666667,0.041666667,0.041666667
CHN,BMB,3,3,0.041666667,0.041666667,0.041666667,0.041666667,0.041666667,0.041666667,0.041666667,0.041666667,0.041666667,0.041666667,0.041666667,0.041666667,0.041666667,0.041666667,0.041666667,0.041666667,0.041666667,0.041666667,0.041666667,0.041666667,0.041666667,0.041666667,0.041666667,0.041666667
CHN,BMB,4,1,0.041666667,0.041666667,0.041666667,0.041666667,0.041666667,0.041666667,0.041666667,0.041666667,0.041666667,0.041666667,0.041666667,0.041666667,0.041666667,0.041666667,0.041666667,0.041666667,0.041666667,0.041666667,0.041666667,0.041666667,0.041666667,0.041666667,0.041666667,0.041666667
CHN,BMB,4,2,0.041666667,0.041666667,0.041666667,0.041666667,0.041666667,0.041666667,0.041666667,0.041666667,0.041666667,0.041666667,0.041666667,0.041666667,0.041666667,0.041666667,0.041666667,0.041666667,0.041666667,0.041666667,0.041666667,0.041666667,0.041666667,0.041666667,0.041666667,0.041666667
CHN,BMB,4,3,0.041666667,0.041666667,0.041666667,0.041666667,0.041666667,0.041666667,0.041666667,0.041666667,0.041666667,0.041666667,0.041666667,0.041666667,0.041666667,0.041666667,0.041666667,0.041666667,0.041666667,0.041666667,0.041666667,0.041666667,0.041666667,0.041666667,0.041666667,0.041666667
CHN,BMB,5,1,0.041666667,0.041666667,0.041666667,0.041666667,0.041666667,0.041666667,0.041666667,0.041666667,0.041666667,0.041666667,0.041666667,0.041666667,0.041666667,0.041666667,0.041666667,0.041666667,0.041666667,0.041666667,0.041666667,0.041666667,0.041666667,0.041666667,0.041666667,0.041666667
CHN,BMB,5,2,0.041666667,0.041666667,0.041666667,0.041666667,0.041666667,0.041666667,0.041666667,0.041666667,0.041666667,0.041666667,0.041666667,0.041666667,0.041666667,0.041666667,0.041666667,0.041666667,0.041666667,0.041666667,0.041666667,0.041666667,0.041666667,0.041666667,0.041666667,0.041666667
CHN,BMB,5,3,0.041666667,0.041666667,0.041666667,0.041666667,0.041666667,0.041666667,0.041666667,0.041666667,0.041666667,0.041666667,0.041666667,0.041666667,0.041666667,0.041666667,0.041666667,0.041666667,0.041666667,0.041666667,0.041666667,0.041666667,0.041666667,0.041666667,0.041666667,0.041666667
CHN,BMB,6,1,0.041666667,0.041666667,0.041666667,0.041666667,0.041666667,0.041666667,0.041666667,0.041666667,0.041666667,0.041666667,0.041666667,0.041666667,0.041666667,0.041666667,0.041666667,0.041666667,0.041666667,0.041666667,0.041666667,0.041666667,0.041666667,0.041666667,0.041666667,0.041666667
CHN,BMB,6,2,0.041666667,0.041666667,0.041666667,0.041666667,0.041666667,0.041666667,0.041666667,0.041666667,0.041666667,0.041666667,0.041666667,0.041666667,0.041666667,0.041666667,0.041666667,0.041666667,0.041666667,0.041666667,0.041666667,0.041666667,0.041666667,0.041666667,0.041666667,0.041666667
CHN,BMB,6,3,0.041666667,0.041666667,0.041666667,0.041666667,0.041666667,0.041666667,0.041666667,0.041666667,0.041666667,0.041666667,0.041666667,0.041666667,0.041666667,0.041666667,0.041666667,0.041666667,0.041666667,0.041666667,0.041666667,0.041666667,0.041666667,0.041666667,0.041666667,0.041666667
CHN,BMB,7,1,0.041666667,0.041666667,0.041666667,0.041666667,0.041666667,0.041666667,0.041666667,0.041666667,0.041666667,0.041666667,0.041666667,0.041666667,0.041666667,0.041666667,0.041666667,0.041666667,0.041666667,0.041666667,0.041666667,0.041666667,0.041666667,0.041666667,0.041666667,0.041666667
CHN,BMB,7,2,0.041666667,0.041666667,0.041666667,0.041666667,0.041666667,0.041666667,0.041666667,0.041666667,0.041666667,0.041666667,0.041666667,0.041666667,0.041666667,0.041666667,0.041666667,0.041666667,0.041666667,0.041666667,0.041666667,0.041666667,0.041666667,0.041666667,0.041666667,0.041666667
CHN,BMB,7,3,0.041666667,0.041666667,0.041666667,0.041666667,0.041666667,0.041666667,0.041666667,0.041666667,0.041666667,0.041666667,0.041666667,0.041666667,0.041666667,0.041666667,0.041666667,0.041666667,0.041666667,0.041666667,0.041666667,0.041666667,0.041666667,0.041666667,0.041666667,0.041666667
CHN,BMB,8,1,0.041666667,0.041666667,0.041666667,0.041666667,0.041666667,0.041666667,0.041666667,0.041666667,0.041666667,0.041666667,0.041666667,0.041666667,0.041666667,0.041666667,0.041666667,0.041666667,0.041666667,0.041666667,0.041666667,0.041666667,0.041666667,0.041666667,0.041666667,0.041666667
CHN,BMB,8,2,0.041666667,0.041666667,0.041666667,0.041666667,0.041666667,0.041666667,0.041666667,0.041666667,0.041666667,0.041666667,0.041666667,0.041666667,0.041666667,0.041666667,0.041666667,0.041666667,0.041666667,0.041666667,0.041666667,0.041666667,0.041666667,0.041666667,0.041666667,0.041666667
CHN,BMB,8,3,0.041666667,0.041666667,0.041666667,0.041666667,0.041666667,0.041666667,0.041666667,0.041666667,0.041666667,0.041666667,0.041666667,0.041666667,0.041666667,0.041666667,0.041666667,0.041666667,0.041666667,0.041666667,0.041666667,0.041666667,0.041666667,0.041666667,0.041666667,0.041666667
CHN,BMB,9,1,0.041666667,0.041666667,0.041666667,0.041666667,0.041666667,0.041666667,0.041666667,0.041666667,0.041666667,0.041666667,0.041666667,0.041666667,0.041666667,0.041666667,0.041666667,0.041666667,0.041666667,0.041666667,0.041666667,0.041666667,0.041666667,0.041666667,0.041666667,0.041666667
CHN,BMB,9,2,0.041666667,0.041666667,0.041666667,0.041666667,0.041666667,0.041666667,0.041666667,0.041666667,0.041666667,0.041666667,0.041666667,0.041666667,0.041666667,0.041666667,0.041666667,0.041666667,0.041666667,0.041666667,0.041666667,0.041666667,0.041666667,0.041666667,0.041666667,0.041666667
CHN,BMB,9,3,0.041666667,0.041666667,0.041666667,0.041666667,0.041666667,0.041666667,0.041666667,0.041666667,0.041666667,0.041666667,0.041666667,0.041666667,0.041666667,0.041666667,0.041666667,0.041666667,0.041666667,0.041666667,0.041666667,0.041666667,0.041666667,0.041666667,0.041666667,0.041666667
CHN,BMB,10,1,0.041666667,0.041666667,0.041666667,0.041666667,0.041666667,0.041666667,0.041666667,0.041666667,0.041666667,0.041666667,0.041666667,0.041666667,0.041666667,0.041666667,0.041666667,0.041666667,0.041666667,0.041666667,0.041666667,0.041666667,0.041666667,0.041666667,0.041666667,0.041666667
CHN,BMB,10,2,0.041666667,0.041666667,0.041666667,0.041666667,0.041666667,0.041666667,0.041666667,0.041666667,0.041666667,0.041666667,0.041666667,0.041666667,0.041666667,0.041666667,0.041666667,0.041666667,0.041666667,0.041666667,0.041666667,0.041666667,0.041666667,0.041666667,0.041666667,0.041666667
CHN,BMB,10,3,0.041666667,0.041666667,0.041666667,0.041666667,0.041666667,0.041666667,0.041666667,0.041666667,0.041666667,0.041666667,0.041666667,0.041666667,0.041666667,0.041666667,0.041666667,0.041666667,0.041666667,0.041666667,0.041666667,0.041666667,0.041666667,0.041666667,0.041666667,0.041666667
CHN,BMB,11,1,0.041666667,0.041666667,0.041666667,0.041666667,0.041666667,0.041666667,0.041666667,0.041666667,0.041666667,0.041666667,0.041666667,0.041666667,0.041666667,0.041666667,0.041666667,0.041666667,0.041666667,0.041666667,0.041666667,0.041666667,0.041666667,0.041666667,0.041666667,0.041666667
CHN,BMB,11,2,0.041666667,0.041666667,0.041666667,0.041666667,0.041666667,0.041666667,0.041666667,0.041666667,0.041666667,0.041666667,0.041666667,0.041666667,0.041666667,0.041666667,0.041666667,0.041666667,0.041666667,0.041666667,0.041666667,0.041666667,0.041666667,0.041666667,0.041666667,0.041666667
CHN,BMB,11,3,0.041666667,0.041666667,0.041666667,0.041666667,0.041666667,0.041666667,0.041666667,0.041666667,0.041666667,0.041666667,0.041666667,0.041666667,0.041666667,0.041666667,0.041666667,0.041666667,0.041666667,0.041666667,0.041666667,0.041666667,0.041666667,0.041666667,0.041666667,0.041666667
CHN,BMB,12,1,0.041666667,0.041666667,0.041666667,0.041666667,0.041666667,0.041666667,0.041666667,0.041666667,0.041666667,0.041666667,0.041666667,0.041666667,0.041666667,0.041666667,0.041666667,0.041666667,0.041666667,0.041666667,0.041666667,0.041666667,0.041666667,0.041666667,0.041666667,0.041666667
CHN,BMB,12,2,0.041666667,0.041666667,0.041666667,0.041666667,0.041666667,0.041666667,0.041666667,0.041666667,0.041666667,0.041666667,0.041666667,0.041666667,0.041666667,0.041666667,0.041666667,0.041666667,0.041666667,0.041666667,0.041666667,0.041666667,0.041666667,0.041666667,0.041666667,0.041666667
CHN,BMB,12,3,0.041666667,0.041666667,0.041666667,0.041666667,0.041666667,0.041666667,0.041666667,0.041666667,0.041666667,0.041666667,0.041666667,0.041666667,0.041666667,0.041666667,0.041666667,0.041666667,0.041666667,0.041666667,0.041666667,0.041666667,0.041666667,0.041666667,0.041666667,0.041666667
CHN,CHE,1,1,0.036036036,0.038288288,0.038288288,0.040540541,0.040540541,0.042792793,0.042792793,0.045045045,0.045045045,0.045045045,0.045045045,0.045045045,0.045045045,0.045045045,0.045045045,0.045045045,0.042792793,0.042792793,0.040540541,0.040540541,0.038288288,0.038288288,0.036036036,0.036036036
CHN,CHE,1,2,0.036036036,0.038288288,0.038288288,0.040540541,0.040540541,0.042792793,0.042792793,0.045045045,0.045045045,0.045045045,0.045045045,0.045045045,0.045045045,0.045045045,0.045045045,0.045045045,0.042792793,0.042792793,0.040540541,0.040540541,0.038288288,0.038288288,0.036036036,0.036036036
CHN,CHE,1,3,0.036036036,0.038288288,0.038288288,0.040540541,0.040540541,0.042792793,0.042792793,0.045045045,0.045045045,0.045045045,0.045045045,0.045045045,0.045045045,0.045045045,0.045045045,0.045045045,0.042792793,0.042792793,0.040540541,0.040540541,0.038288288,0.038288288,0.036036036,0.036036036
CHN,CHE,2,1,0.036036036,0.038288288,0.038288288,0.040540541,0.040540541,0.042792793,0.042792793,0.045045045,0.045045045,0.045045045,0.045045045,0.045045045,0.045045045,0.045045045,0.045045045,0.045045045,0.042792793,0.042792793,0.040540541,0.040540541,0.038288288,0.038288288,0.036036036,0.036036036
CHN,CHE,2,2,0.036036036,0.038288288,0.038288288,0.040540541,0.040540541,0.042792793,0.042792793,0.045045045,0.045045045,0.045045045,0.045045045,0.045045045,0.045045045,0.045045045,0.045045045,0.045045045,0.042792793,0.042792793,0.040540541,0.040540541,0.038288288,0.038288288,0.036036036,0.036036036
CHN,CHE,2,3,0.036036036,0.038288288,0.038288288,0.040540541,0.040540541,0.042792793,0.042792793,0.045045045,0.045045045,0.045045045,0.045045045,0.045045045,0.045045045,0.045045045,0.045045045,0.045045045,0.042792793,0.042792793,0.040540541,0.040540541,0.038288288,0.038288288,0.036036036,0.036036036
CHN,CHE,3,1,0.036036036,0.038288288,0.038288288,0.040540541,0.040540541,0.042792793,0.042792793,0.045045045,0.045045045,0.045045045,0.045045045,0.045045045,0.045045045,0.045045045,0.045045045,0.045045045,0.042792793,0.042792793,0.040540541,0.040540541,0.038288288,0.038288288,0.036036036,0.036036036
CHN,CHE,3,2,0.036036036,0.038288288,0.038288288,0.040540541,0.040540541,0.042792793,0.042792793,0.045045045,0.045045045,0.045045045,0.045045045,0.045045045,0.045045045,0.045045045,0.045045045,0.045045045,0.042792793,0.042792793,0.040540541,0.040540541,0.038288288,0.038288288,0.036036036,0.036036036
CHN,CHE,3,3,0.036036036,0.038288288,0.038288288,0.040540541,0.040540541,0.042792793,0.042792793,0.045045045,0.045045045,0.045045045,0.045045045,0.045045045,0.045045045,0.045045045,0.045045045,0.045045045,0.042792793,0.042792793,0.040540541,0.040540541,0.038288288,0.038288288,0.036036036,0.036036036
CHN,CHE,4,1,0.036036036,0.038288288,0.038288288,0.040540541,0.040540541,0.042792793,0.042792793,0.045045045,0.045045045,0.045045045,0.045045045,0.045045045,0.045045045,0.045045045,0.045045045,0.045045045,0.042792793,0.042792793,0.040540541,0.040540541,0.038288288,0.038288288,0.036036036,0.036036036
CHN,CHE,4,2,0.036036036,0.038288288,0.038288288,0.040540541,0.040540541,0.042792793,0.042792793,0.045045045,0.045045045,0.045045045,0.045045045,0.045045045,0.045045045,0.045045045,0.045045045,0.045045045,0.042792793,0.042792793,0.040540541,0.040540541,0.038288288,0.038288288,0.036036036,0.036036036
CHN,CHE,4,3,0.036036036,0.038288288,0.038288288,0.040540541,0.040540541,0.042792793,0.042792793,0.045045045,0.045045045,0.045045045,0.045045045,0.045045045,0.045045045,0.045045045,0.045045045,0.045045045,0.042792793,0.042792793,0.040540541,0.040540541,0.038288288,0.038288288,0.036036036,0.036036036
CHN,CHE,5,1,0.036036036,0.038288288,0.038288288,0.040540541,0.040540541,0.042792793,0.042792793,0.045045045,0.045045045,0.045045045,0.045045045,0.045045045,0.045045045,0.045045045,0.045045045,0.045045045,0.042792793,0.042792793,0.040540541,0.040540541,0.038288288,0.038288288,0.036036036,0.036036036
CHN,CHE,5,2,0.036036036,0.038288288,0.038288288,0.040540541,0.040540541,0.042792793,0.042792793,0.045045045,0.045045045,0.045045045,0.045045045,0.045045045,0.045045045,0.045045045,0.045045045,0.045045045,0.042792793,0.042792793,0.040540541,0.040540541,0.038288288,0.038288288,0.036036036,0.036036036
CHN,CHE,5,3,0.036036036,0.038288288,0.038288288,0.040540541,0.040540541,0.042792793,0.042792793,0.045045045,0.045045045,0.045045045,0.045045045,0.045045045,0.045045045,0.045045045,0.045045045,0.045045045,0.042792793,0.042792793,0.040540541,0.040540541,0.038288288,0.038288288,0.036036036,0.036036036
CHN,CHE,6,1,0.036036036,0.038288288,0.038288288,0.040540541,0.040540541,0.042792793,0.042792793,0.045045045,0.045045045,0.045045045,0.045045045,0.045045045,0.045045045,0.045045045,0.045045045,0.045045045,0.042792793,0.042792793,0.040540541,0.040540541,0.038288288,0.038288288,0.036036036,0.036036036
CHN,CHE,6,2,0.036036036,0.038288288,0.038288288,0.040540541,0.040540541,0.042792793,0.042792793,0.045045045,0.045045045,0.045045045,0.045045045,0.045045045,0.045045045,0.045045045,0.045045045,0.045045045,0.042792793,0.042792793,0.040540541,0.040540541,0.038288288,0.038288288,0.036036036,0.036036036
CHN,CHE,6,3,0.036036036,0.038288288,0.038288288,0.040540541,0.040540541,0.042792793,0.042792793,0.045045045,0.045045045,0.045045045,0.045045045,0.045045045,0.045045045,0.045045045,0.045045045,0.045045045,0.042792793,0.042792793,0.040540541,0.040540541,0.038288288,0.038288288,0.036036036,0.036036036
CHN,CHE,7,1,0.036036036,0.038288288,0.038288288,0.040540541,0.040540541,0.042792793,0.042792793,0.045045045,0.045045045,0.045045045,0.045045045,0.045045045,0.045045045,0.045045045,0.045045045,0.045045045,0.042792793,0.042792793,0.040540541,0.040540541,0.038288288,0.038288288,0.036036036,0.036036036
CHN,CHE,7,2,0.036036036,0.038288288,0.038288288,0.040540541,0.040540541,0.042792793,0.042792793,0.045045045,0.045045045,0.045045045,0.045045045,0.045045045,0.045045045,0.045045045,0.045045045,0.045045045,0.042792793,0.042792793,0.040540541,0.040540541,0.038288288,0.038288288,0.036036036,0.036036036
CHN,CHE,7,3,0.036036036,0.038288288,0.038288288,0.040540541,0.040540541,0.042792793,0.042792793,0.045045045,0.045045045,0.045045045,0.045045045,0.045045045,0.045045045,0.045045045,0.045045045,0.045045045,0.042792793,0.042792793,0.040540541,0.040540541,0.038288288,0.038288288,0.036036036,0.036036036
CHN,CHE,8,1,0.036036036,0.038288288,0.038288288,0.040540541,0.040540541,0.042792793,0.042792793,0.045045045,0.045045045,0.045045045,0.045045045,0.045045045,0.045045045,0.045045045,0.045045045,0.045045045,0.042792793,0.042792793,0.040540541,0.040540541,0.038288288,0.038288288,0.036036036,0.036036036
CHN,CHE,8,2,0.036036036,0.038288288,0.038288288,0.040540541,0.040540541,0.042792793,0.042792793,0.045045045,0.045045045,0.045045045,0.045045045,0.045045045,0.045045045,0.045045045,0.045045045,0.045045045,0.042792793,0.042792793,0.040540541,0.040540541,0.038288288,0.038288288,0.036036036,0.036036036
CHN,CHE,8,3,0.036036036,0.038288288,0.038288288,0.040540541,0.040540541,0.042792793,0.042792793,0.045045045,0.045045045,0.045045045,0.045045045,0.045045045,0.045045045,0.045045045,0.045045045,0.045045045,0.042792793,0.042792793,0.040540541,0.040540541,0.038288288,0.038288288,0.036036036,0.036036036
CHN,CHE,9,1,0.036036036,0.038288288,0.038288288,0.040540541,0.040540541,0.042792793,0.042792793,0.045045045,0.045045045,0.045045045,0.045045045,0.045045045,0.045045045,0.045045045,0.045045045,0.045045045,0.042792793,0.042792793,0.040540541,0.040540541,0.038288288,0.038288288,0.036036036,0.036036036
CHN,CHE,9,2,0.036036036,0.038288288,0.038288288,0.040540541,0.040540541,0.042792793,0.042792793,0.045045045,0.045045045,0.045045045,0.045045045,0.045045045,0.045045045,0.045045045,0.045045045,0.045045045,0.042792793,0.042792793,0.040540541,0.040540541,0.038288288,0.038288288,0.036036036,0.036036036
CHN,CHE,9,3,0.036036036,0.038288288,0.038288288,0.040540541,0.040540541,0.042792793,0.042792793,0.045045045,0.045045045,0.045045045,0.045045045,0.045045045,0.045045045,0.045045045,0.045045045,0.045045045,0.042792793,0.042792793,0.040540541,0.040540541,0.038288288,0.038288288,0.036036036,0.036036036
CHN,CHE,10,1,0.036036036,0.038288288,0.038288288,0.040540541,0.040540541,0.042792793,0.042792793,0.045045045,0.045045045,0.045045045,0.045045045,0.045045045,0.045045045,0.045045045,0.045045045,0.045045045,0.042792793,0.042792793,0.040540541,0.040540541,0.038288288,0.038288288,0.036036036,0.036036036
CHN,CHE,10,2,0.036036036,0.038288288,0.038288288,0.040540541,0.040540541,0.042792793,0.042792793,0.045045045,0.045045045,0.045045045,0.045045045,0.045045045,0.045045045,0.045045045,0.045045045,0.045045045,0.042792793,0.042792793,0.040540541,0.040540541,0.038288288,0.038288288,0.036036036,0.036036036
CHN,CHE,10,3,0.036036036,0.038288288,0.038288288,0.040540541,0.040540541,0.042792793,0.042792793,0.045045045,0.045045045,0.045045045,0.045045045,0.045045045,0.045045045,0.045045045,0.045045045,0.045045045,0.042792793,0.042792793,0.040540541,0.040540541,0.038288288,0.038288288,0.036036036,0.036036036
CHN,CHE,11,1,0.036036036,0.038288288,0.038288288,0.040540541,0.040540541,0.042792793,0.042792793,0.045045045,0.045045045,0.045045045,0.045045045,0.045045045,0.045045045,0.045045045,0.045045045,0.045045045,0.042792793,0.042792793,0.040540541,0.040540541,0.038288288,0.038288288,0.036036036,0.036036036
CHN,CHE,11,2,0.036036036,0.038288288,0.038288288,0.040540541,0.040540541,0.042792793,0.042792793,0.045045045,0.045045045,0.045045045,0.045045045,0.045045045,0.045045045,0.045045045,0.045045045,0.045045045,0.042792793,0.042792793,0.040540541,0.040540541,0.038288288,0.038288288,0.036036036,0.036036036
CHN,CHE,11,3,0.036036036,0.038288288,0.038288288,0.040540541,0.040540541,0.042792793,0.042792793,0.045045045,0.045045045,0.045045045,0.045045045,0.045045045,0.045045045,0.045045045,0.045045045,0.045045045,0.042792793,0.042792793,0.040540541,0.040540541,0.038288288,0.038288288,0.036036036,0.036036036
CHN,CHE,12,1,0.036036036,0.038288288,0.038288288,0.040540541,0.040540541,0.042792793,0.042792793,0.045045045,0.045045045,0.045045045,0.045045045,0.045045045,0.045045045,0.045045045,0.045045045,0.045045045,0.042792793,0.042792793,0.040540541,0.040540541,0.038288288,0.038288288,0.036036036,0.036036036
CHN,CHE,12,2,0.036036036,0.038288288,0.038288288,0.040540541,0.040540541,0.042792793,0.042792793,0.045045045,0.045045045,0.045045045,0.045045045,0.045045045,0.045045045,0.045045045,0.045045045,0.045045045,0.042792793,0.042792793,0.040540541,0.040540541,0.038288288,0.038288288,0.036036036,0.036036036
CHN,CHE,12,3,0.036036036,0.038288288,0.038288288,0.040540541,0.040540541,0.042792793,0.042792793,0.045045045,0.045045045,0.045045045,0.045045045,0.045045045,0.045045045,0.045045045,0.045045045,0.045045045,0.042792793,0.042792793,0.040540541,0.040540541,0.038288288,0.038288288,0.036036036,0.036036036
CHN,CLM,1,1,0.041666667,0.041666667,0.041666667,0.041666667,0.041666667,0.041666667,0.041666667,0.041666667,0.041666667,0.041666667,0.041666667,0.041666667,0.041666667,0.041666667,0.041666667,0.041666667,0.041666667,0.041666667,0.041666667,0.041666667,0.041666667,0.041666667,0.041666667,0.041666667
CHN,CLM,1,2,0.041666667,0.041666667,0.041666667,0.041666667,0.041666667,0.041666667,0.041666667,0.041666667,0.041666667,0.041666667,0.041666667,0.041666667,0.041666667,0.041666667,0.041666667,0.041666667,0.041666667,0.041666667,0.041666667,0.041666667,0.041666667,0.041666667,0.041666667,0.041666667
CHN,CLM,1,3,0.041666667,0.041666667,0.041666667,0.041666667,0.041666667,0.041666667,0.041666667,0.041666667,0.041666667,0.041666667,0.041666667,0.041666667,0.041666667,0.041666667,0.041666667,0.041666667,0.041666667,0.041666667,0.041666667,0.041666667,0.041666667,0.041666667,0.041666667,0.041666667
CHN,CLM,2,1,0.041666667,0.041666667,0.041666667,0.041666667,0.041666667,0.041666667,0.041666667,0.041666667,0.041666667,0.041666667,0.041666667,0.041666667,0.041666667,0.041666667,0.041666667,0.041666667,0.041666667,0.041666667,0.041666667,0.041666667,0.041666667,0.041666667,0.041666667,0.041666667
CHN,CLM,2,2,0.041666667,0.041666667,0.041666667,0.041666667,0.041666667,0.041666667,0.041666667,0.041666667,0.041666667,0.041666667,0.041666667,0.041666667,0.041666667,0.041666667,0.041666667,0.041666667,0.041666667,0.041666667,0.041666667,0.041666667,0.041666667,0.041666667,0.041666667,0.041666667
CHN,CLM,2,3,0.041666667,0.041666667,0.041666667,0.041666667,0.041666667,0.041666667,0.041666667,0.041666667,0.041666667,0.041666667,0.041666667,0.041666667,0.041666667,0.041666667,0.041666667,0.041666667,0.041666667,0.041666667,0.041666667,0.041666667,0.041666667,0.041666667,0.041666667,0.041666667
CHN,CLM,3,1,0.041666667,0.041666667,0.041666667,0.041666667,0.041666667,0.041666667,0.041666667,0.041666667,0.041666667,0.041666667,0.041666667,0.041666667,0.041666667,0.041666667,0.041666667,0.041666667,0.041666667,0.041666667,0.041666667,0.041666667,0.041666667,0.041666667,0.041666667,0.041666667
CHN,CLM,3,2,0.041666667,0.041666667,0.041666667,0.041666667,0.041666667,0.041666667,0.041666667,0.041666667,0.041666667,0.041666667,0.041666667,0.041666667,0.041666667,0.041666667,0.041666667,0.041666667,0.041666667,0.041666667,0.041666667,0.041666667,0.041666667,0.041666667,0.041666667,0.041666667
CHN,CLM,3,3,0.041666667,0.041666667,0.041666667,0.041666667,0.041666667,0.041666667,0.041666667,0.041666667,0.041666667,0.041666667,0.041666667,0.041666667,0.041666667,0.041666667,0.041666667,0.041666667,0.041666667,0.041666667,0.041666667,0.041666667,0.041666667,0.041666667,0.041666667,0.041666667
CHN,CLM,4,1,0.041666667,0.041666667,0.041666667,0.041666667,0.041666667,0.041666667,0.041666667,0.041666667,0.041666667,0.041666667,0.041666667,0.041666667,0.041666667,0.041666667,0.041666667,0.041666667,0.041666667,0.041666667,0.041666667,0.041666667,0.041666667,0.041666667,0.041666667,0.041666667
CHN,CLM,4,2,0.041666667,0.041666667,0.041666667,0.041666667,0.041666667,0.041666667,0.041666667,0.041666667,0.041666667,0.041666667,0.041666667,0.041666667,0.041666667,0.041666667,0.041666667,0.041666667,0.041666667,0.041666667,0.041666667,0.041666667,0.041666667,0.041666667,0.041666667,0.041666667
CHN,CLM,4,3,0.041666667,0.041666667,0.041666667,0.041666667,0.041666667,0.041666667,0.041666667,0.041666667,0.041666667,0.041666667,0.041666667,0.041666667,0.041666667,0.041666667,0.041666667,0.041666667,0.041666667,0.041666667,0.041666667,0.041666667,0.041666667,0.041666667,0.041666667,0.041666667
CHN,CLM,5,1,0.041666667,0.041666667,0.041666667,0.041666667,0.041666667,0.041666667,0.041666667,0.041666667,0.041666667,0.041666667,0.041666667,0.041666667,0.041666667,0.041666667,0.041666667,0.041666667,0.041666667,0.041666667,0.041666667,0.041666667,0.041666667,0.041666667,0.041666667,0.041666667
CHN,CLM,5,2,0.041666667,0.041666667,0.041666667,0.041666667,0.041666667,0.041666667,0.041666667,0.041666667,0.041666667,0.041666667,0.041666667,0.041666667,0.041666667,0.041666667,0.041666667,0.041666667,0.041666667,0.041666667,0.041666667,0.041666667,0.041666667,0.041666667,0.041666667,0.041666667
CHN,CLM,5,3,0.041666667,0.041666667,0.041666667,0.041666667,0.041666667,0.041666667,0.041666667,0.041666667,0.041666667,0.041666667,0.041666667,0.041666667,0.041666667,0.041666667,0.041666667,0.041666667,0.041666667,0.041666667,0.041666667,0.041666667,0.041666667,0.041666667,0.041666667,0.041666667
CHN,CLM,6,1,0.041666667,0.041666667,0.041666667,0.041666667,0.041666667,0.041666667,0.041666667,0.041666667,0.041666667,0.041666667,0.041666667,0.041666667,0.041666667,0.041666667,0.041666667,0.041666667,0.041666667,0.041666667,0.041666667,0.041666667,0.041666667,0.041666667,0.041666667,0.041666667
CHN,CLM,6,2,0.041666667,0.041666667,0.041666667,0.041666667,0.041666667,0.041666667,0.041666667,0.041666667,0.041666667,0.041666667,0.041666667,0.041666667,0.041666667,0.041666667,0.041666667,0.041666667,0.041666667,0.041666667,0.041666667,0.041666667,0.041666667,0.041666667,0.041666667,0.041666667
CHN,CLM,6,3,0.041666667,0.041666667,0.041666667,0.041666667,0.041666667,0.041666667,0.041666667,0.041666667,0.041666667,0.041666667,0.041666667,0.041666667,0.041666667,0.041666667,0.041666667,0.041666667,0.041666667,0.041666667,0.041666667,0.041666667,0.041666667,0.041666667,0.041666667,0.041666667
CHN,CLM,7,1,0.041666667,0.041666667,0.041666667,0.041666667,0.041666667,0.041666667,0.041666667,0.041666667,0.041666667,0.041666667,0.041666667,0.041666667,0.041666667,0.041666667,0.041666667,0.041666667,0.041666667,0.041666667,0.041666667,0.041666667,0.041666667,0.041666667,0.041666667,0.041666667
CHN,CLM,7,2,0.041666667,0.041666667,0.041666667,0.041666667,0.041666667,0.041666667,0.041666667,0.041666667,0.041666667,0.041666667,0.041666667,0.041666667,0.041666667,0.041666667,0.041666667,0.041666667,0.041666667,0.041666667,0.041666667,0.041666667,0.041666667,0.041666667,0.041666667,0.041666667
CHN,CLM,7,3,0.041666667,0.041666667,0.041666667,0.041666667,0.041666667,0.041666667,0.041666667,0.041666667,0.041666667,0.041666667,0.041666667,0.041666667,0.041666667,0.041666667,0.041666667,0.041666667,0.041666667,0.041666667,0.041666667,0.041666667,0.041666667,0.041666667,0.041666667,0.041666667
CHN,CLM,8,1,0.041666667,0.041666667,0.041666667,0.041666667,0.041666667,0.041666667,0.041666667,0.041666667,0.041666667,0.041666667,0.041666667,0.041666667,0.041666667,0.041666667,0.041666667,0.041666667,0.041666667,0.041666667,0.041666667,0.041666667,0.041666667,0.041666667,0.041666667,0.041666667
CHN,CLM,8,2,0.041666667,0.041666667,0.041666667,0.041666667,0.041666667,0.041666667,0.041666667,0.041666667,0.041666667,0.041666667,0.041666667,0.041666667,0.041666667,0.041666667,0.041666667,0.041666667,0.041666667,0.041666667,0.041666667,0.041666667,0.041666667,0.041666667,0.041666667,0.041666667
CHN,CLM,8,3,0.041666667,0.041666667,0.041666667,0.041666667,0.041666667,0.041666667,0.041666667,0.041666667,0.041666667,0.041666667,0.041666667,0.041666667,0.041666667,0.041666667,0.041666667,0.041666667,0.041666667,0.041666667,0.041666667,0.041666667,0.041666667,0.041666667,0.041666667,0.041666667
CHN,CLM,9,1,0.041666667,0.041666667,0.041666667,0.041666667,0.041666667,0.041666667,0.041666667,0.041666667,0.041666667,0.041666667,0.041666667,0.041666667,0.041666667,0.041666667,0.041666667,0.041666667,0.041666667,0.041666667,0.041666667,0.041666667,0.041666667,0.041666667,0.041666667,0.041666667
CHN,CLM,9,2,0.041666667,0.041666667,0.041666667,0.041666667,0.041666667,0.041666667,0.041666667,0.041666667,0.041666667,0.041666667,0.041666667,0.041666667,0.041666667,0.041666667,0.041666667,0.041666667,0.041666667,0.041666667,0.041666667,0.041666667,0.041666667,0.041666667,0.041666667,0.041666667
CHN,CLM,9,3,0.041666667,0.041666667,0.041666667,0.041666667,0.041666667,0.041666667,0.041666667,0.041666667,0.041666667,0.041666667,0.041666667,0.041666667,0.041666667,0.041666667,0.041666667,0.041666667,0.041666667,0.041666667,0.041666667,0.041666667,0.041666667,0.041666667,0.041666667,0.041666667
CHN,CLM,10,1,0.041666667,0.041666667,0.041666667,0.041666667,0.041666667,0.041666667,0.041666667,0.041666667,0.041666667,0.041666667,0.041666667,0.041666667,0.041666667,0.041666667,0.041666667,0.041666667,0.041666667,0.041666667,0.041666667,0.041666667,0.041666667,0.041666667,0.041666667,0.041666667
CHN,CLM,10,2,0.041666667,0.041666667,0.041666667,0.041666667,0.041666667,0.041666667,0.041666667,0.041666667,0.041666667,0.041666667,0.041666667,0.041666667,0.041666667,0.041666667,0.041666667,0.041666667,0.041666667,0.041666667,0.041666667,0.041666667,0.041666667,0.041666667,0.041666667,0.041666667
CHN,CLM,10,3,0.041666667,0.041666667,0.041666667,0.041666667,0.041666667,0.041666667,0.041666667,0.041666667,0.041666667,0.041666667,0.041666667,0.041666667,0.041666667,0.041666667,0.041666667,0.041666667,0.041666667,0.041666667,0.041666667,0.041666667,0.041666667,0.041666667,0.041666667,0.041666667
CHN,CLM,11,1,0.041666667,0.041666667,0.041666667,0.041666667,0.041666667,0.041666667,0.041666667,0.041666667,0.041666667,0.041666667,0.041666667,0.041666667,0.041666667,0.041666667,0.041666667,0.041666667,0.041666667,0.041666667,0.041666667,0.041666667,0.041666667,0.041666667,0.041666667,0.041666667
CHN,CLM,11,2,0.041666667,0.041666667,0.041666667,0.041666667,0.041666667,0.041666667,0.041666667,0.041666667,0.041666667,0.041666667,0.041666667,0.041666667,0.041666667,0.041666667,0.041666667,0.041666667,0.041666667,0.041666667,0.041666667,0.041666667,0.041666667,0.041666667,0.041666667,0.041666667
CHN,CLM,11,3,0.041666667,0.041666667,0.041666667,0.041666667,0.041666667,0.041666667,0.041666667,0.041666667,0.041666667,0.041666667,0.041666667,0.041666667,0.041666667,0.041666667,0.041666667,0.041666667,0.041666667,0.041666667,0.041666667,0.041666667,0.041666667,0.041666667,0.041666667,0.041666667
CHN,CLM,12,1,0.041666667,0.041666667,0.041666667,0.041666667,0.041666667,0.041666667,0.041666667,0.041666667,0.041666667,0.041666667,0.041666667,0.041666667,0.041666667,0.041666667,0.041666667,0.041666667,0.041666667,0.041666667,0.041666667,0.041666667,0.041666667,0.041666667,0.041666667,0.041666667
CHN,CLM,12,2,0.041666667,0.041666667,0.041666667,0.041666667,0.041666667,0.041666667,0.041666667,0.041666667,0.041666667,0.041666667,0.041666667,0.041666667,0.041666667,0.041666667,0.041666667,0.041666667,0.041666667,0.041666667,0.041666667,0.041666667,0.041666667,0.041666667,0.041666667,0.041666667
CHN,CLM,12,3,0.041666667,0.041666667,0.041666667,0.041666667,0.041666667,0.041666667,0.041666667,0.041666667,0.041666667,0.041666667,0.041666667,0.041666667,0.041666667,0.041666667,0.041666667,0.041666667,0.041666667,0.041666667,0.041666667,0.041666667,0.041666667,0.041666667,0.041666667,0.041666667
CHN,CSC,1,1,0.041666667,0.041666667,0.041666667,0.041666667,0.041666667,0.041666667,0.041666667,0.041666667,0.041666667,0.041666667,0.041666667,0.041666667,0.041666667,0.041666667,0.041666667,0.041666667,0.041666667,0.041666667,0.041666667,0.041666667,0.041666667,0.041666667,0.041666667,0.041666667
CHN,CSC,1,2,0.041666667,0.041666667,0.041666667,0.041666667,0.041666667,0.041666667,0.041666667,0.041666667,0.041666667,0.041666667,0.041666667,0.041666667,0.041666667,0.041666667,0.041666667,0.041666667,0.041666667,0.041666667,0.041666667,0.041666667,0.041666667,0.041666667,0.041666667,0.041666667
CHN,CSC,1,3,0.041666667,0.041666667,0.041666667,0.041666667,0.041666667,0.041666667,0.041666667,0.041666667,0.041666667,0.041666667,0.041666667,0.041666667,0.041666667,0.041666667,0.041666667,0.041666667,0.041666667,0.041666667,0.041666667,0.041666667,0.041666667,0.041666667,0.041666667,0.041666667
CHN,CSC,2,1,0.041666667,0.041666667,0.041666667,0.041666667,0.041666667,0.041666667,0.041666667,0.041666667,0.041666667,0.041666667,0.041666667,0.041666667,0.041666667,0.041666667,0.041666667,0.041666667,0.041666667,0.041666667,0.041666667,0.041666667,0.041666667,0.041666667,0.041666667,0.041666667
CHN,CSC,2,2,0.041666667,0.041666667,0.041666667,0.041666667,0.041666667,0.041666667,0.041666667,0.041666667,0.041666667,0.041666667,0.041666667,0.041666667,0.041666667,0.041666667,0.041666667,0.041666667,0.041666667,0.041666667,0.041666667,0.041666667,0.041666667,0.041666667,0.041666667,0.041666667
CHN,CSC,2,3,0.041666667,0.041666667,0.041666667,0.041666667,0.041666667,0.041666667,0.041666667,0.041666667,0.041666667,0.041666667,0.041666667,0.041666667,0.041666667,0.041666667,0.041666667,0.041666667,0.041666667,0.041666667,0.041666667,0.041666667,0.041666667,0.041666667,0.041666667,0.041666667
CHN,CSC,3,1,0.041666667,0.041666667,0.041666667,0.041666667,0.041666667,0.041666667,0.041666667,0.041666667,0.041666667,0.041666667,0.041666667,0.041666667,0.041666667,0.041666667,0.041666667,0.041666667,0.041666667,0.041666667,0.041666667,0.041666667,0.041666667,0.041666667,0.041666667,0.041666667
CHN,CSC,3,2,0.041666667,0.041666667,0.041666667,0.041666667,0.041666667,0.041666667,0.041666667,0.041666667,0.041666667,0.041666667,0.041666667,0.041666667,0.041666667,0.041666667,0.041666667,0.041666667,0.041666667,0.041666667,0.041666667,0.041666667,0.041666667,0.041666667,0.041666667,0.041666667
CHN,CSC,3,3,0.041666667,0.041666667,0.041666667,0.041666667,0.041666667,0.041666667,0.041666667,0.041666667,0.041666667,0.041666667,0.041666667,0.041666667,0.041666667,0.041666667,0.041666667,0.041666667,0.041666667,0.041666667,0.041666667,0.041666667,0.041666667,0.041666667,0.041666667,0.041666667
CHN,CSC,4,1,0.041666667,0.041666667,0.041666667,0.041666667,0.041666667,0.041666667,0.041666667,0.041666667,0.041666667,0.041666667,0.041666667,0.041666667,0.041666667,0.041666667,0.041666667,0.041666667,0.041666667,0.041666667,0.041666667,0.041666667,0.041666667,0.041666667,0.041666667,0.041666667
CHN,CSC,4,2,0.041666667,0.041666667,0.041666667,0.041666667,0.041666667,0.041666667,0.041666667,0.041666667,0.041666667,0.041666667,0.041666667,0.041666667,0.041666667,0.041666667,0.041666667,0.041666667,0.041666667,0.041666667,0.041666667,0.041666667,0.041666667,0.041666667,0.041666667,0.041666667
CHN,CSC,4,3,0.041666667,0.041666667,0.041666667,0.041666667,0.041666667,0.041666667,0.041666667,0.041666667,0.041666667,0.041666667,0.041666667,0.041666667,0.041666667,0.041666667,0.041666667,0.041666667,0.041666667,0.041666667,0.041666667,0.041666667,0.041666667,0.041666667,0.041666667,0.041666667
CHN,CSC,5,1,0.041666667,0.041666667,0.041666667,0.041666667,0.041666667,0.041666667,0.041666667,0.041666667,0.041666667,0.041666667,0.041666667,0.041666667,0.041666667,0.041666667,0.041666667,0.041666667,0.041666667,0.041666667,0.041666667,0.041666667,0.041666667,0.041666667,0.041666667,0.041666667
CHN,CSC,5,2,0.041666667,0.041666667,0.041666667,0.041666667,0.041666667,0.041666667,0.041666667,0.041666667,0.041666667,0.041666667,0.041666667,0.041666667,0.041666667,0.041666667,0.041666667,0.041666667,0.041666667,0.041666667,0.041666667,0.041666667,0.041666667,0.041666667,0.041666667,0.041666667
CHN,CSC,5,3,0.041666667,0.041666667,0.041666667,0.041666667,0.041666667,0.041666667,0.041666667,0.041666667,0.041666667,0.041666667,0.041666667,0.041666667,0.041666667,0.041666667,0.041666667,0.041666667,0.041666667,0.041666667,0.041666667,0.041666667,0.041666667,0.041666667,0.041666667,0.041666667
CHN,CSC,6,1,0.041666667,0.041666667,0.041666667,0.041666667,0.041666667,0.041666667,0.041666667,0.041666667,0.041666667,0.041666667,0.041666667,0.041666667,0.041666667,0.041666667,0.041666667,0.041666667,0.041666667,0.041666667,0.041666667,0.041666667,0.041666667,0.041666667,0.041666667,0.041666667
CHN,CSC,6,2,0.041666667,0.041666667,0.041666667,0.041666667,0.041666667,0.041666667,0.041666667,0.041666667,0.041666667,0.041666667,0.041666667,0.041666667,0.041666667,0.041666667,0.041666667,0.041666667,0.041666667,0.041666667,0.041666667,0.041666667,0.041666667,0.041666667,0.041666667,0.041666667
CHN,CSC,6,3,0.041666667,0.041666667,0.041666667,0.041666667,0.041666667,0.041666667,0.041666667,0.041666667,0.041666667,0.041666667,0.041666667,0.041666667,0.041666667,0.041666667,0.041666667,0.041666667,0.041666667,0.041666667,0.041666667,0.041666667,0.041666667,0.041666667,0.041666667,0.041666667
CHN,CSC,7,1,0.041666667,0.041666667,0.041666667,0.041666667,0.041666667,0.041666667,0.041666667,0.041666667,0.041666667,0.041666667,0.041666667,0.041666667,0.041666667,0.041666667,0.041666667,0.041666667,0.041666667,0.041666667,0.041666667,0.041666667,0.041666667,0.041666667,0.041666667,0.041666667
CHN,CSC,7,2,0.041666667,0.041666667,0.041666667,0.041666667,0.041666667,0.041666667,0.041666667,0.041666667,0.041666667,0.041666667,0.041666667,0.041666667,0.041666667,0.041666667,0.041666667,0.041666667,0.041666667,0.041666667,0.041666667,0.041666667,0.041666667,0.041666667,0.041666667,0.041666667
CHN,CSC,7,3,0.041666667,0.041666667,0.041666667,0.041666667,0.041666667,0.041666667,0.041666667,0.041666667,0.041666667,0.041666667,0.041666667,0.041666667,0.041666667,0.041666667,0.041666667,0.041666667,0.041666667,0.041666667,0.041666667,0.041666667,0.041666667,0.041666667,0.041666667,0.041666667
CHN,CSC,8,1,0.041666667,0.041666667,0.041666667,0.041666667,0.041666667,0.041666667,0.041666667,0.041666667,0.041666667,0.041666667,0.041666667,0.041666667,0.041666667,0.041666667,0.041666667,0.041666667,0.041666667,0.041666667,0.041666667,0.041666667,0.041666667,0.041666667,0.041666667,0.041666667
CHN,CSC,8,2,0.041666667,0.041666667,0.041666667,0.041666667,0.041666667,0.041666667,0.041666667,0.041666667,0.041666667,0.041666667,0.041666667,0.041666667,0.041666667,0.041666667,0.041666667,0.041666667,0.041666667,0.041666667,0.041666667,0.041666667,0.041666667,0.041666667,0.041666667,0.041666667
CHN,CSC,8,3,0.041666667,0.041666667,0.041666667,0.041666667,0.041666667,0.041666667,0.041666667,0.041666667,0.041666667,0.041666667,0.041666667,0.041666667,0.041666667,0.041666667,0.041666667,0.041666667,0.041666667,0.041666667,0.041666667,0.041666667,0.041666667,0.041666667,0.041666667,0.041666667
CHN,CSC,9,1,0.041666667,0.041666667,0.041666667,0.041666667,0.041666667,0.041666667,0.041666667,0.041666667,0.041666667,0.041666667,0.041666667,0.041666667,0.041666667,0.041666667,0.041666667,0.041666667,0.041666667,0.041666667,0.041666667,0.041666667,0.041666667,0.041666667,0.041666667,0.041666667
CHN,CSC,9,2,0.041666667,0.041666667,0.041666667,0.041666667,0.041666667,0.041666667,0.041666667,0.041666667,0.041666667,0.041666667,0.041666667,0.041666667,0.041666667,0.041666667,0.041666667,0.041666667,0.041666667,0.041666667,0.041666667,0.041666667,0.041666667,0.041666667,0.041666667,0.041666667
CHN,CSC,9,3,0.041666667,0.041666667,0.041666667,0.041666667,0.041666667,0.041666667,0.041666667,0.041666667,0.041666667,0.041666667,0.041666667,0.041666667,0.041666667,0.041666667,0.041666667,0.041666667,0.041666667,0.041666667,0.041666667,0.041666667,0.041666667,0.041666667,0.041666667,0.041666667
CHN,CSC,10,1,0.041666667,0.041666667,0.041666667,0.041666667,0.041666667,0.041666667,0.041666667,0.041666667,0.041666667,0.041666667,0.041666667,0.041666667,0.041666667,0.041666667,0.041666667,0.041666667,0.041666667,0.041666667,0.041666667,0.041666667,0.041666667,0.041666667,0.041666667,0.041666667
CHN,CSC,10,2,0.041666667,0.041666667,0.041666667,0.041666667,0.041666667,0.041666667,0.041666667,0.041666667,0.041666667,0.041666667,0.041666667,0.041666667,0.041666667,0.041666667,0.041666667,0.041666667,0.041666667,0.041666667,0.041666667,0.041666667,0.041666667,0.041666667,0.041666667,0.041666667
CHN,CSC,10,3,0.041666667,0.041666667,0.041666667,0.041666667,0.041666667,0.041666667,0.041666667,0.041666667,0.041666667,0.041666667,0.041666667,0.041666667,0.041666667,0.041666667,0.041666667,0.041666667,0.041666667,0.041666667,0.041666667,0.041666667,0.041666667,0.041666667,0.041666667,0.041666667
CHN,CSC,11,1,0.041666667,0.041666667,0.041666667,0.041666667,0.041666667,0.041666667,0.041666667,0.041666667,0.041666667,0.041666667,0.041666667,0.041666667,0.041666667,0.041666667,0.041666667,0.041666667,0.041666667,0.041666667,0.041666667,0.041666667,0.041666667,0.041666667,0.041666667,0.041666667
CHN,CSC,11,2,0.041666667,0.041666667,0.041666667,0.041666667,0.041666667,0.041666667,0.041666667,0.041666667,0.041666667,0.041666667,0.041666667,0.041666667,0.041666667,0.041666667,0.041666667,0.041666667,0.041666667,0.041666667,0.041666667,0.041666667,0.041666667,0.041666667,0.041666667,0.041666667
CHN,CSC,11,3,0.041666667,0.041666667,0.041666667,0.041666667,0.041666667,0.041666667,0.041666667,0.041666667,0.041666667,0.041666667,0.041666667,0.041666667,0.041666667,0.041666667,0.041666667,0.041666667,0.041666667,0.041666667,0.041666667,0.041666667,0.041666667,0.041666667,0.041666667,0.041666667
CHN,CSC,12,1,0.041666667,0.041666667,0.041666667,0.041666667,0.041666667,0.041666667,0.041666667,0.041666667,0.041666667,0.041666667,0.041666667,0.041666667,0.041666667,0.041666667,0.041666667,0.041666667,0.041666667,0.041666667,0.041666667,0.041666667,0.041666667,0.041666667,0.041666667,0.041666667
CHN,CSC,12,2,0.041666667,0.041666667,0.041666667,0.041666667,0.041666667,0.041666667,0.041666667,0.041666667,0.041666667,0.041666667,0.041666667,0.041666667,0.041666667,0.041666667,0.041666667,0.041666667,0.041666667,0.041666667,0.041666667,0.041666667,0.041666667,0.041666667,0.041666667,0.041666667
CHN,CSC,12,3,0.041666667,0.041666667,0.041666667,0.041666667,0.041666667,0.041666667,0.041666667,0.041666667,0.041666667,0.041666667,0.041666667,0.041666667,0.041666667,0.041666667,0.041666667,0.041666667,0.041666667,0.041666667,0.041666667,0.041666667,0.041666667,0.041666667,0.041666667,0.041666667
CHN,ENE,1,1,0.032916667,0.03,0.03,0.029583333,0.030833333,0.033333333,0.038333333,0.045,0.049583333,0.050833333,0.050416667,0.050416667,0.04875,0.047916667,0.0475,0.047083333,0.045833333,0.044583333,0.043333333,0.0425,0.0425,0.042083333,0.04,0.036666667
CHN,ENE,1,2,0.037291667,0.035833333,0.035833333,0.035625,0.03625,0.0375,0.04,0.043333333,0.045625,0.04625,0.046041667,0.046041667,0.045208333,0.044791667,0.044583333,0.044375,0.04375,0.043125,0.0425,0.042083333,0.042083333,0.041875,0.040833333,0.039166667
CHN,ENE,1,3,0.039479167,0.03875,0.03875,0.038645833,0.038958333,0.039583333,0.040833333,0.0425,0.043645833,0.043958333,0.043854167,0.043854167,0.0434375,0.043229167,0.043125,0.043020833,0.042708333,0.042395833,0.042083333,0.041875,0.041875,0.041770833,0.04125,0.040416667
CHN,ENE,2,1,0.032916667,0.03,0.03,0.029583333,0.030833333,0.033333333,0.038333333,0.045,0.049583333,0.050833333,0.050416667,0.050416667,0.04875,0.047916667,0.0475,0.047083333,0.045833333,0.044583333,0.043333333,0.0425,0.0425,0.042083333,0.04,0.036666667
CHN,ENE,2,2,0.037291667,0.035833333,0.035833333,0.035625,0.03625,0.0375,0.04,0.043333333,0.045625,0.04625,0.046041667,0.046041667,0.045208333,0.044791667,0.044583333,0.044375,0.04375,0.043125,0.0425,0.042083333,0.042083333,0.041875,0.040833333,0.039166667
CHN,ENE,2,3,0.039479167,0.03875,0.03875,0.038645833,0.038958333,0.039583333,0.040833333,0.0425,0.043645833,0.043958333,0.043854167,0.043854167,0.0434375,0.043229167,0.043125,0.043020833,0.042708333,0.042395833,0.042083333,0.041875,0.041875,0.041770833,0.04125,0.040416667
CHN,ENE,3,1,0.032916667,0.03,0.03,0.029583333,0.030833333,0.033333333,0.038333333,0.045,0.049583333,0.050833333,0.050416667,0.050416667,0.04875,0.047916667,0.0475,0.047083333,0.045833333,0.044583333,0.043333333,0.0425,0.0425,0.042083333,0.04,0.036666667
CHN,ENE,3,2,0.037291667,0.035833333,0.035833333,0.035625,0.03625,0.0375,0.04,0.043333333,0.045625,0.04625,0.046041667,0.046041667,0.045208333,0.044791667,0.044583333,0.044375,0.04375,0.043125,0.0425,0.042083333,0.042083333,0.041875,0.040833333,0.039166667
CHN,ENE,3,3,0.039479167,0.03875,0.03875,0.038645833,0.038958333,0.039583333,0.040833333,0.0425,0.043645833,0.043958333,0.043854167,0.043854167,0.0434375,0.043229167,0.043125,0.043020833,0.042708333,0.042395833,0.042083333,0.041875,0.041875,0.041770833,0.04125,0.040416667
CHN,ENE,4,1,0.032916667,0.03,0.03,0.029583333,0.030833333,0.033333333,0.038333333,0.045,0.049583333,0.050833333,0.050416667,0.050416667,0.04875,0.047916667,0.0475,0.047083333,0.045833333,0.044583333,0.043333333,0.0425,0.0425,0.042083333,0.04,0.036666667
CHN,ENE,4,2,0.037291667,0.035833333,0.035833333,0.035625,0.03625,0.0375,0.04,0.043333333,0.045625,0.04625,0.046041667,0.046041667,0.045208333,0.044791667,0.044583333,0.044375,0.04375,0.043125,0.0425,0.042083333,0.042083333,0.041875,0.040833333,0.039166667
CHN,ENE,4,3,0.039479167,0.03875,0.03875,0.038645833,0.038958333,0.039583333,0.040833333,0.0425,0.043645833,0.043958333,0.043854167,0.043854167,0.0434375,0.043229167,0.043125,0.043020833,0.042708333,0.042395833,0.042083333,0.041875,0.041875,0.041770833,0.04125,0.040416667
CHN,ENE,5,1,0.032916667,0.03,0.03,0.029583333,0.030833333,0.033333333,0.038333333,0.045,0.049583333,0.050833333,0.050416667,0.050416667,0.04875,0.047916667,0.0475,0.047083333,0.045833333,0.044583333,0.043333333,0.0425,0.0425,0.042083333,0.04,0.036666667
CHN,ENE,5,2,0.037291667,0.035833333,0.035833333,0.035625,0.03625,0.0375,0.04,0.043333333,0.045625,0.04625,0.046041667,0.046041667,0.045208333,0.044791667,0.044583333,0.044375,0.04375,0.043125,0.0425,0.042083333,0.042083333,0.041875,0.040833333,0.039166667
CHN,ENE,5,3,0.039479167,0.03875,0.03875,0.038645833,0.038958333,0.039583333,0.040833333,0.0425,0.043645833,0.043958333,0.043854167,0.043854167,0.0434375,0.043229167,0.043125,0.043020833,0.042708333,0.042395833,0.042083333,0.041875,0.041875,0.041770833,0.04125,0.040416667
CHN,ENE,6,1,0.032916667,0.03,0.03,0.029583333,0.030833333,0.033333333,0.038333333,0.045,0.049583333,0.050833333,0.050416667,0.050416667,0.04875,0.047916667,0.0475,0.047083333,0.045833333,0.044583333,0.043333333,0.0425,0.0425,0.042083333,0.04,0.036666667
CHN,ENE,6,2,0.037291667,0.035833333,0.035833333,0.035625,0.03625,0.0375,0.04,0.043333333,0.045625,0.04625,0.046041667,0.046041667,0.045208333,0.044791667,0.044583333,0.044375,0.04375,0.043125,0.0425,0.042083333,0.042083333,0.041875,0.040833333,0.039166667
CHN,ENE,6,3,0.039479167,0.03875,0.03875,0.038645833,0.038958333,0.039583333,0.040833333,0.0425,0.043645833,0.043958333,0.043854167,0.043854167,0.0434375,0.043229167,0.043125,0.043020833,0.042708333,0.042395833,0.042083333,0.041875,0.041875,0.041770833,0.04125,0.040416667
CHN,ENE,7,1,0.032916667,0.03,0.03,0.029583333,0.030833333,0.033333333,0.038333333,0.045,0.049583333,0.050833333,0.050416667,0.050416667,0.04875,0.047916667,0.0475,0.047083333,0.045833333,0.044583333,0.043333333,0.0425,0.0425,0.042083333,0.04,0.036666667
CHN,ENE,7,2,0.037291667,0.035833333,0.035833333,0.035625,0.03625,0.0375,0.04,0.043333333,0.045625,0.04625,0.046041667,0.046041667,0.045208333,0.044791667,0.044583333,0.044375,0.04375,0.043125,0.0425,0.042083333,0.042083333,0.041875,0.040833333,0.039166667
CHN,ENE,7,3,0.039479167,0.03875,0.03875,0.038645833,0.038958333,0.039583333,0.040833333,0.0425,0.043645833,0.043958333,0.043854167,0.043854167,0.0434375,0.043229167,0.043125,0.043020833,0.042708333,0.042395833,0.042083333,0.041875,0.041875,0.041770833,0.04125,0.040416667
CHN,ENE,8,1,0.032916667,0.03,0.03,0.029583333,0.030833333,0.033333333,0.038333333,0.045,0.049583333,0.050833333,0.050416667,0.050416667,0.04875,0.047916667,0.0475,0.047083333,0.045833333,0.044583333,0.043333333,0.0425,0.0425,0.042083333,0.04,0.036666667
CHN,ENE,8,2,0.037291667,0.035833333,0.035833333,0.035625,0.03625,0.0375,0.04,0.043333333,0.045625,0.04625,0.046041667,0.046041667,0.045208333,0.044791667,0.044583333,0.044375,0.04375,0.043125,0.0425,0.042083333,0.042083333,0.041875,0.040833333,0.039166667
CHN,ENE,8,3,0.039479167,0.03875,0.03875,0.038645833,0.038958333,0.039583333,0.040833333,0.0425,0.043645833,0.043958333,0.043854167,0.043854167,0.0434375,0.043229167,0.043125,0.043020833,0.042708333,0.042395833,0.042083333,0.041875,0.041875,0.041770833,0.04125,0.040416667
CHN,ENE,9,1,0.032916667,0.03,0.03,0.029583333,0.030833333,0.033333333,0.038333333,0.045,0.049583333,0.050833333,0.050416667,0.050416667,0.04875,0.047916667,0.0475,0.047083333,0.045833333,0.044583333,0.043333333,0.0425,0.0425,0.042083333,0.04,0.036666667
CHN,ENE,9,2,0.037291667,0.035833333,0.035833333,0.035625,0.03625,0.0375,0.04,0.043333333,0.045625,0.04625,0.046041667,0.046041667,0.045208333,0.044791667,0.044583333,0.044375,0.04375,0.043125,0.0425,0.042083333,0.042083333,0.041875,0.040833333,0.039166667
CHN,ENE,9,3,0.039479167,0.03875,0.03875,0.038645833,0.038958333,0.039583333,0.040833333,0.0425,0.043645833,0.043958333,0.043854167,0.043854167,0.0434375,0.043229167,0.043125,0.043020833,0.042708333,0.042395833,0.042083333,0.041875,0.041875,0.041770833,0.04125,0.040416667
CHN,ENE,10,1,0.032916667,0.03,0.03,0.029583333,0.030833333,0.033333333,0.038333333,0.045,0.049583333,0.050833333,0.050416667,0.050416667,0.04875,0.047916667,0.0475,0.047083333,0.045833333,0.044583333,0.043333333,0.0425,0.0425,0.042083333,0.04,0.036666667
CHN,ENE,10,2,0.037291667,0.035833333,0.035833333,0.035625,0.03625,0.0375,0.04,0.043333333,0.045625,0.04625,0.046041667,0.046041667,0.045208333,0.044791667,0.044583333,0.044375,0.04375,0.043125,0.0425,0.042083333,0.042083333,0.041875,0.040833333,0.039166667
CHN,ENE,10,3,0.039479167,0.03875,0.03875,0.038645833,0.038958333,0.039583333,0.040833333,0.0425,0.043645833,0.043958333,0.043854167,0.043854167,0.0434375,0.043229167,0.043125,0.043020833,0.042708333,0.042395833,0.042083333,0.041875,0.041875,0.041770833,0.04125,0.040416667
CHN,ENE,11,1,0.032916667,0.03,0.03,0.029583333,0.030833333,0.033333333,0.038333333,0.045,0.049583333,0.050833333,0.050416667,0.050416667,0.04875,0.047916667,0.0475,0.047083333,0.045833333,0.044583333,0.043333333,0.0425,0.0425,0.042083333,0.04,0.036666667
CHN,ENE,11,2,0.037291667,0.035833333,0.035833333,0.035625,0.03625,0.0375,0.04,0.043333333,0.045625,0.04625,0.046041667,0.046041667,0.045208333,0.044791667,0.044583333,0.044375,0.04375,0.043125,0.0425,0.042083333,0.042083333,0.041875,0.040833333,0.039166667
CHN,ENE,11,3,0.039479167,0.03875,0.03875,0.038645833,0.038958333,0.039583333,0.040833333,0.0425,0.043645833,0.043958333,0.043854167,0.043854167,0.0434375,0.043229167,0.043125,0.043020833,0.042708333,0.042395833,0.042083333,0.041875,0.041875,0.041770833,0.04125,0.040416667
CHN,ENE,12,1,0.032916667,0.03,0.03,0.029583333,0.030833333,0.033333333,0.038333333,0.045,0.049583333,0.050833333,0.050416667,0.050416667,0.04875,0.047916667,0.0475,0.047083333,0.045833333,0.044583333,0.043333333,0.0425,0.0425,0.042083333,0.04,0.036666667
CHN,ENE,12,2,0.037291667,0.035833333,0.035833333,0.035625,0.03625,0.0375,0.04,0.043333333,0.045625,0.04625,0.046041667,0.046041667,0.045208333,0.044791667,0.044583333,0.044375,0.04375,0.043125,0.0425,0.042083333,0.042083333,0.041875,0.040833333,0.039166667
CHN,ENE,12,3,0.039479167,0.03875,0.03875,0.038645833,0.038958333,0.039583333,0.040833333,0.0425,0.043645833,0.043958333,0.043854167,0.043854167,0.0434375,0.043229167,0.043125,0.043020833,0.042708333,0.042395833,0.042083333,0.041875,0.041875,0.041770833,0.04125,0.040416667
CHN,ENF,1,1,0.02484472,0.02484472,0.02484472,0.02484472,0.02484472,0.026915114,0.031055901,0.037267081,0.045548654,0.055900621,0.060041408,0.066252588,0.074534161,0.072463768,0.070393375,0.064182195,0.055900621,0.045548654,0.037267081,0.031055901,0.026915114,0.02484472,0.02484472,0.02484472
CHN,ENF,1,2,0.033229491,0.033229491,0.033229491,0.033229491,0.033229491,0.034267913,0.036344756,0.039460021,0.043613707,0.048805815,0.050882658,0.053997923,0.05815161,0.057113188,0.056074766,0.052959502,0.048805815,0.043613707,0.039460021,0.036344756,0.034267913,0.033229491,0.033229491,0.033229491
CHN,ENF,1,3,0.037441498,0.037441498,0.037441498,0.037441498,0.037441498,0.037961518,0.03900156,0.040561622,0.042641706,0.04524181,0.046281851,0.047841914,0.049921997,0.049401976,0.048881955,0.047321893,0.04524181,0.042641706,0.040561622,0.03900156,0.037961518,0.037441498,0.037441498,0.037441498
CHN,ENF,2,1,0.02484472,0.02484472,0.02484472,0.02484472,0.02484472,0.026915114,0.031055901,0.037267081,0.045548654,0.055900621,0.060041408,0.066252588,0.074534161,0.072463768,0.070393375,0.064182195,0.055900621,0.045548654,0.037267081,0.031055901,0.026915114,0.02484472,0.02484472,0.02484472
CHN,ENF,2,2,0.033229491,0.033229491,0.033229491,0.033229491,0.033229491,0.034267913,0.036344756,0.039460021,0.043613707,0.048805815,0.050882658,0.053997923,0.05815161,0.057113188,0.056074766,0.052959502,0.048805815,0.043613707,0.039460021,0.036344756,0.034267913,0.033229491,0.033229491,0.033229491
CHN,ENF,2,3,0.037441498,0.037441498,0.037441498,0.037441498,0.037441498,0.037961518,0.03900156,0.040561622,0.042641706,0.04524181,0.046281851,0.047841914,0.049921997,0.049401976,0.048881955,0.047321893,0.04524181,0.042641706,0.040561622,0.03900156,0.037961518,0.037441498,0.037441498,0.037441498
CHN,ENF,3,1,0.02484472,0.02484472,0.02484472,0.02484472,0.02484472,0.026915114,0.031055901,0.037267081,0.045548654,0.055900621,0.060041408,0.066252588,0.074534161,0.072463768,0.070393375,0.064182195,0.055900621,0.045548654,0.037267081,0.031055901,0.026915114,0.02484472,0.02484472,0.02484472
CHN,ENF,3,2,0.033229491,0.033229491,0.033229491,0.033229491,0.033229491,0.034267913,0.036344756,0.039460021,0.043613707,0.048805815,0.050882658,0.053997923,0.05815161,0.057113188,0.056074766,0.052959502,0.048805815,0.043613707,0.039460021,0.036344756,0.034267913,0.033229491,0.033229491,0.033229491
CHN,ENF,3,3,0.037441498,0.037441498,0.037441498,0.037441498,0.037441498,0.037961518,0.03900156,0.040561622,0.042641706,0.04524181,0.046281851,0.047841914,0.049921997,0.049401976,0.048881955,0.047321893,0.04524181,0.042641706,0.040561622,0.03900156,0.037961518,0.037441498,0.037441498,0.037441498
CHN,ENF,4,1,0.02484472,0.02484472,0.02484472,0.02484472,0.02484472,0.026915114,0.031055901,0.037267081,0.045548654,0.055900621,0.060041408,0.066252588,0.074534161,0.072463768,0.070393375,0.064182195,0.055900621,0.045548654,0.037267081,0.031055901,0.026915114,0.02484472,0.02484472,0.02484472
CHN,ENF,4,2,0.033229491,0.033229491,0.033229491,0.033229491,0.033229491,0.034267913,0.036344756,0.039460021,0.043613707,0.048805815,0.050882658,0.053997923,0.05815161,0.057113188,0.056074766,0.052959502,0.048805815,0.043613707,0.039460021,0.036344756,0.034267913,0.033229491,0.033229491,0.033229491
CHN,ENF,4,3,0.037441498,0.037441498,0.037441498,0.037441498,0.037441498,0.037961518,0.03900156,0.040561622,0.042641706,0.04524181,0.046281851,0.047841914,0.049921997,0.049401976,0.048881955,0.047321893,0.04524181,0.042641706,0.040561622,0.03900156,0.037961518,0.037441498,0.037441498,0.037441498
CHN,ENF,5,1,0.02484472,0.02484472,0.02484472,0.02484472,0.02484472,0.026915114,0.031055901,0.037267081,0.045548654,0.055900621,0.060041408,0.066252588,0.074534161,0.072463768,0.070393375,0.064182195,0.055900621,0.045548654,0.037267081,0.031055901,0.026915114,0.02484472,0.02484472,0.02484472
CHN,ENF,5,2,0.033229491,0.033229491,0.033229491,0.033229491,0.033229491,0.034267913,0.036344756,0.039460021,0.043613707,0.048805815,0.050882658,0.053997923,0.05815161,0.057113188,0.056074766,0.052959502,0.048805815,0.043613707,0.039460021,0.036344756,0.034267913,0.033229491,0.033229491,0.033229491
CHN,ENF,5,3,0.037441498,0.037441498,0.037441498,0.037441498,0.037441498,0.037961518,0.03900156,0.040561622,0.042641706,0.04524181,0.046281851,0.047841914,0.049921997,0.049401976,0.048881955,0.047321893,0.04524181,0.042641706,0.040561622,0.03900156,0.037961518,0.037441498,0.037441498,0.037441498
CHN,ENF,6,1,0.02484472,0.02484472,0.02484472,0.02484472,0.02484472,0.026915114,0.031055901,0.037267081,0.045548654,0.055900621,0.060041408,0.066252588,0.074534161,0.072463768,0.070393375,0.064182195,0.055900621,0.045548654,0.037267081,0.031055901,0.026915114,0.02484472,0.02484472,0.02484472
CHN,ENF,6,2,0.033229491,0.033229491,0.033229491,0.033229491,0.033229491,0.034267913,0.036344756,0.039460021,0.043613707,0.048805815,0.050882658,0.053997923,0.05815161,0.057113188,0.056074766,0.052959502,0.048805815,0.043613707,0.039460021,0.036344756,0.034267913,0.033229491,0.033229491,0.033229491
CHN,ENF,6,3,0.037441498,0.037441498,0.037441498,0.037441498,0.037441498,0.037961518,0.03900156,0.040561622,0.042641706,0.04524181,0.046281851,0.047841914,0.049921997,0.049401976,0.048881955,0.047321893,0.04524181,0.042641706,0.040561622,0.03900156,0.037961518,0.037441498,0.037441498,0.037441498
CHN,ENF,7,1,0.02484472,0.02484472,0.02484472,0.02484472,0.02484472,0.026915114,0.031055901,0.037267081,0.045548654,0.055900621,0.060041408,0.066252588,0.074534161,0.072463768,0.070393375,0.064182195,0.055900621,0.045548654,0.037267081,0.031055901,0.026915114,0.02484472,0.02484472,0.02484472
CHN,ENF,7,2,0.033229491,0.033229491,0.033229491,0.033229491,0.033229491,0.034267913,0.036344756,0.039460021,0.043613707,0.048805815,0.050882658,0.053997923,0.05815161,0.057113188,0.056074766,0.052959502,0.048805815,0.043613707,0.039460021,0.036344756,0.034267913,0.033229491,0.033229491,0.033229491
CHN,ENF,7,3,0.037441498,0.037441498,0.037441498,0.037441498,0.037441498,0.037961518,0.03900156,0.040561622,0.042641706,0.04524181,0.046281851,0.047841914,0.049921997,0.049401976,0.048881955,0.047321893,0.04524181,0.042641706,0.040561622,0.03900156,0.037961518,0.037441498,0.037441498,0.037441498
CHN,ENF,8,1,0.02484472,0.02484472,0.02484472,0.02484472,0.02484472,0.026915114,0.031055901,0.037267081,0.045548654,0.055900621,0.060041408,0.066252588,0.074534161,0.072463768,0.070393375,0.064182195,0.055900621,0.045548654,0.037267081,0.031055901,0.026915114,0.02484472,0.02484472,0.02484472
CHN,ENF,8,2,0.033229491,0.033229491,0.033229491,0.033229491,0.033229491,0.034267913,0.036344756,0.039460021,0.043613707,0.048805815,0.050882658,0.053997923,0.05815161,0.057113188,0.056074766,0.052959502,0.048805815,0.043613707,0.039460021,0.036344756,0.034267913,0.033229491,0.033229491,0.033229491
CHN,ENF,8,3,0.037441498,0.037441498,0.037441498,0.037441498,0.037441498,0.037961518,0.03900156,0.040561622,0.042641706,0.04524181,0.046281851,0.047841914,0.049921997,0.049401976,0.048881955,0.047321893,0.04524181,0.042641706,0.040561622,0.03900156,0.037961518,0.037441498,0.037441498,0.037441498
CHN,ENF,9,1,0.02484472,0.02484472,0.02484472,0.02484472,0.02484472,0.026915114,0.031055901,0.037267081,0.045548654,0.055900621,0.060041408,0.066252588,0.074534161,0.072463768,0.070393375,0.064182195,0.055900621,0.045548654,0.037267081,0.031055901,0.026915114,0.02484472,0.02484472,0.02484472
CHN,ENF,9,2,0.033229491,0.033229491,0.033229491,0.033229491,0.033229491,0.034267913,0.036344756,0.039460021,0.043613707,0.048805815,0.050882658,0.053997923,0.05815161,0.057113188,0.056074766,0.052959502,0.048805815,0.043613707,0.039460021,0.036344756,0.034267913,0.033229491,0.033229491,0.033229491
CHN,ENF,9,3,0.037441498,0.037441498,0.037441498,0.037441498,0.037441498,0.037961518,0.03900156,0.040561622,0.042641706,0.04524181,0.046281851,0.047841914,0.049921997,0.049401976,0.048881955,0.047321893,0.04524181,0.042641706,0.040561622,0.03900156,0.037961518,0.037441498,0.037441498,0.037441498
CHN,ENF,10,1,0.02484472,0.02484472,0.02484472,0.02484472,0.02484472,0.026915114,0.031055901,0.037267081,0.045548654,0.055900621,0.060041408,0.066252588,0.074534161,0.072463768,0.070393375,0.064182195,0.055900621,0.045548654,0.037267081,0.031055901,0.026915114,0.02484472,0.02484472,0.02484472
CHN,ENF,10,2,0.033229491,0.033229491,0.033229491,0.033229491,0.033229491,0.034267913,0.036344756,0.039460021,0.043613707,0.048805815,0.050882658,0.053997923,0.05815161,0.057113188,0.056074766,0.052959502,0.048805815,0.043613707,0.039460021,0.036344756,0.034267913,0.033229491,0.033229491,0.033229491
CHN,ENF,10,3,0.037441498,0.037441498,0.037441498,0.037441498,0.037441498,0.037961518,0.03900156,0.040561622,0.042641706,0.04524181,0.046281851,0.047841914,0.049921997,0.049401976,0.048881955,0.047321893,0.04524181,0.042641706,0.040561622,0.03900156,0.037961518,0.037441498,0.037441498,0.037441498
CHN,ENF,11,1,0.02484472,0.02484472,0.02484472,0.02484472,0.02484472,0.026915114,0.031055901,0.037267081,0.045548654,0.055900621,0.060041408,0.066252588,0.074534161,0.072463768,0.070393375,0.064182195,0.055900621,0.045548654,0.037267081,0.031055901,0.026915114,0.02484472,0.02484472,0.02484472
CHN,ENF,11,2,0.033229491,0.033229491,0.033229491,0.033229491,0.033229491,0.034267913,0.036344756,0.039460021,0.043613707,0.048805815,0.050882658,0.053997923,0.05815161,0.057113188,0.056074766,0.052959502,0.048805815,0.043613707,0.039460021,0.036344756,0.034267913,0.033229491,0.033229491,0.033229491
CHN,ENF,11,3,0.037441498,0.037441498,0.037441498,0.037441498,0.037441498,0.037961518,0.03900156,0.040561622,0.042641706,0.04524181,0.046281851,0.047841914,0.049921997,0.049401976,0.048881955,0.047321893,0.04524181,0.042641706,0.040561622,0.03900156,0.037961518,0.037441498,0.037441498,0.037441498
CHN,ENF,12,1,0.02484472,0.02484472,0.02484472,0.02484472,0.02484472,0.026915114,0.031055901,0.037267081,0.045548654,0.055900621,0.060041408,0.066252588,0.074534161,0.072463768,0.070393375,0.064182195,0.055900621,0.045548654,0.037267081,0.031055901,0.026915114,0.02484472,0.02484472,0.02484472
CHN,ENF,12,2,0.033229491,0.033229491,0.033229491,0.033229491,0.033229491,0.034267913,0.036344756,0.039460021,0.043613707,0.048805815,0.050882658,0.053997923,0.05815161,0.057113188,0.056074766,0.052959502,0.048805815,0.043613707,0.039460021,0.036344756,0.034267913,0.033229491,0.033229491,0.033229491
CHN,ENF,12,3,0.037441498,0.037441498,0.037441498,0.037441498,0.037441498,0.037961518,0.03900156,0.040561622,0.042641706,0.04524181,0.046281851,0.047841914,0.049921997,0.049401976,0.048881955,0.047321893,0.04524181,0.042641706,0.040561622,0.03900156,0.037961518,0.037441498,0.037441498,0.037441498
CHN,FFF,1,1,0.041666667,0.041666667,0.041666667,0.041666667,0.041666667,0.041666667,0.041666667,0.041666667,0.041666667,0.041666667,0.041666667,0.041666667,0.041666667,0.041666667,0.041666667,0.041666667,0.041666667,0.041666667,0.041666667,0.041666667,0.041666667,0.041666667,0.041666667,0.041666667
CHN,FFF,1,2,0.041666667,0.041666667,0.041666667,0.041666667,0.041666667,0.041666667,0.041666667,0.041666667,0.041666667,0.041666667,0.041666667,0.041666667,0.041666667,0.041666667,0.041666667,0.041666667,0.041666667,0.041666667,0.041666667,0.041666667,0.041666667,0.041666667,0.041666667,0.041666667
CHN,FFF,1,3,0.041666667,0.041666667,0.041666667,0.041666667,0.041666667,0.041666667,0.041666667,0.041666667,0.041666667,0.041666667,0.041666667,0.041666667,0.041666667,0.041666667,0.041666667,0.041666667,0.041666667,0.041666667,0.041666667,0.041666667,0.041666667,0.041666667,0.041666667,0.041666667
CHN,FFF,2,1,0.041666667,0.041666667,0.041666667,0.041666667,0.041666667,0.041666667,0.041666667,0.041666667,0.041666667,0.041666667,0.041666667,0.041666667,0.041666667,0.041666667,0.041666667,0.041666667,0.041666667,0.041666667,0.041666667,0.041666667,0.041666667,0.041666667,0.041666667,0.041666667
CHN,FFF,2,2,0.041666667,0.041666667,0.041666667,0.041666667,0.041666667,0.041666667,0.041666667,0.041666667,0.041666667,0.041666667,0.041666667,0.041666667,0.041666667,0.041666667,0.041666667,0.041666667,0.041666667,0.041666667,0.041666667,0.041666667,0.041666667,0.041666667,0.041666667,0.041666667
CHN,FFF,2,3,0.041666667,0.041666667,0.041666667,0.041666667,0.041666667,0.041666667,0.041666667,0.041666667,0.041666667,0.041666667,0.041666667,0.041666667,0.041666667,0.041666667,0.041666667,0.041666667,0.041666667,0.041666667,0.041666667,0.041666667,0.041666667,0.041666667,0.041666667,0.041666667
CHN,FFF,3,1,0.041666667,0.041666667,0.041666667,0.041666667,0.041666667,0.041666667,0.041666667,0.041666667,0.041666667,0.041666667,0.041666667,0.041666667,0.041666667,0.041666667,0.041666667,0.041666667,0.041666667,0.041666667,0.041666667,0.041666667,0.041666667,0.041666667,0.041666667,0.041666667
CHN,FFF,3,2,0.041666667,0.041666667,0.041666667,0.041666667,0.041666667,0.041666667,0.041666667,0.041666667,0.041666667,0.041666667,0.041666667,0.041666667,0.041666667,0.041666667,0.041666667,0.041666667,0.041666667,0.041666667,0.041666667,0.041666667,0.041666667,0.041666667,0.041666667,0.041666667
CHN,FFF,3,3,0.041666667,0.041666667,0.041666667,0.041666667,0.041666667,0.041666667,0.041666667,0.041666667,0.041666667,0.041666667,0.041666667,0.041666667,0.041666667,0.041666667,0.041666667,0.041666667,0.041666667,0.041666667,0.041666667,0.041666667,0.041666667,0.041666667,0.041666667,0.041666667
CHN,FFF,4,1,0.041666667,0.041666667,0.041666667,0.041666667,0.041666667,0.041666667,0.041666667,0.041666667,0.041666667,0.041666667,0.041666667,0.041666667,0.041666667,0.041666667,0.041666667,0.041666667,0.041666667,0.041666667,0.041666667,0.041666667,0.041666667,0.041666667,0.041666667,0.041666667
CHN,FFF,4,2,0.041666667,0.041666667,0.041666667,0.041666667,0.041666667,0.041666667,0.041666667,0.041666667,0.041666667,0.041666667,0.041666667,0.041666667,0.041666667,0.041666667,0.041666667,0.041666667,0.041666667,0.041666667,0.041666667,0.041666667,0.041666667,0.041666667,0.041666667,0.041666667
CHN,FFF,4,3,0.041666667,0.041666667,0.041666667,0.041666667,0.041666667,0.041666667,0.041666667,0.041666667,0.041666667,0.041666667,0.041666667,0.041666667,0.041666667,0.041666667,0.041666667,0.041666667,0.041666667,0.041666667,0.041666667,0.041666667,0.041666667,0.041666667,0.041666667,0.041666667
CHN,FFF,5,1,0.041666667,0.041666667,0.041666667,0.041666667,0.041666667,0.041666667,0.041666667,0.041666667,0.041666667,0.041666667,0.041666667,0.041666667,0.041666667,0.041666667,0.041666667,0.041666667,0.041666667,0.041666667,0.041666667,0.041666667,0.041666667,0.041666667,0.041666667,0.041666667
CHN,FFF,5,2,0.041666667,0.041666667,0.041666667,0.041666667,0.041666667,0.041666667,0.041666667,0.041666667,0.041666667,0.041666667,0.041666667,0.041666667,0.041666667,0.041666667,0.041666667,0.041666667,0.041666667,0.041666667,0.041666667,0.041666667,0.041666667,0.041666667,0.041666667,0.041666667
CHN,FFF,5,3,0.041666667,0.041666667,0.041666667,0.041666667,0.041666667,0.041666667,0.041666667,0.041666667,0.041666667,0.041666667,0.041666667,0.041666667,0.041666667,0.041666667,0.041666667,0.041666667,0.041666667,0.041666667,0.041666667,0.041666667,0.041666667,0.041666667,0.041666667,0.041666667
CHN,FFF,6,1,0.041666667,0.041666667,0.041666667,0.041666667,0.041666667,0.041666667,0.041666667,0.041666667,0.041666667,0.041666667,0.041666667,0.041666667,0.041666667,0.041666667,0.041666667,0.041666667,0.041666667,0.041666667,0.041666667,0.041666667,0.041666667,0.041666667,0.041666667,0.041666667
CHN,FFF,6,2,0.041666667,0.041666667,0.041666667,0.041666667,0.041666667,0.041666667,0.041666667,0.041666667,0.041666667,0.041666667,0.041666667,0.041666667,0.041666667,0.041666667,0.041666667,0.041666667,0.041666667,0.041666667,0.041666667,0.041666667,0.041666667,0.041666667,0.041666667,0.041666667
CHN,FFF,6,3,0.041666667,0.041666667,0.041666667,0.041666667,0.041666667,0.041666667,0.041666667,0.041666667,0.041666667,0.041666667,0.041666667,0.041666667,0.041666667,0.041666667,0.041666667,0.041666667,0.041666667,0.041666667,0.041666667,0.041666667,0.041666667,0.041666667,0.041666667,0.041666667
CHN,FFF,7,1,0.041666667,0.041666667,0.041666667,0.041666667,0.041666667,0.041666667,0.041666667,0.041666667,0.041666667,0.041666667,0.041666667,0.041666667,0.041666667,0.041666667,0.041666667,0.041666667,0.041666667,0.041666667,0.041666667,0.041666667,0.041666667,0.041666667,0.041666667,0.041666667
CHN,FFF,7,2,0.041666667,0.041666667,0.041666667,0.041666667,0.041666667,0.041666667,0.041666667,0.041666667,0.041666667,0.041666667,0.041666667,0.041666667,0.041666667,0.041666667,0.041666667,0.041666667,0.041666667,0.041666667,0.041666667,0.041666667,0.041666667,0.041666667,0.041666667,0.041666667
CHN,FFF,7,3,0.041666667,0.041666667,0.041666667,0.041666667,0.041666667,0.041666667,0.041666667,0.041666667,0.041666667,0.041666667,0.041666667,0.041666667,0.041666667,0.041666667,0.041666667,0.041666667,0.041666667,0.041666667,0.041666667,0.041666667,0.041666667,0.041666667,0.041666667,0.041666667
CHN,FFF,8,1,0.041666667,0.041666667,0.041666667,0.041666667,0.041666667,0.041666667,0.041666667,0.041666667,0.041666667,0.041666667,0.041666667,0.041666667,0.041666667,0.041666667,0.041666667,0.041666667,0.041666667,0.041666667,0.041666667,0.041666667,0.041666667,0.041666667,0.041666667,0.041666667
CHN,FFF,8,2,0.041666667,0.041666667,0.041666667,0.041666667,0.041666667,0.041666667,0.041666667,0.041666667,0.041666667,0.041666667,0.041666667,0.041666667,0.041666667,0.041666667,0.041666667,0.041666667,0.041666667,0.041666667,0.041666667,0.041666667,0.041666667,0.041666667,0.041666667,0.041666667
CHN,FFF,8,3,0.041666667,0.041666667,0.041666667,0.041666667,0.041666667,0.041666667,0.041666667,0.041666667,0.041666667,0.041666667,0.041666667,0.041666667,0.041666667,0.041666667,0.041666667,0.041666667,0.041666667,0.041666667,0.041666667,0.041666667,0.041666667,0.041666667,0.041666667,0.041666667
CHN,FFF,9,1,0.041666667,0.041666667,0.041666667,0.041666667,0.041666667,0.041666667,0.041666667,0.041666667,0.041666667,0.041666667,0.041666667,0.041666667,0.041666667,0.041666667,0.041666667,0.041666667,0.041666667,0.041666667,0.041666667,0.041666667,0.041666667,0.041666667,0.041666667,0.041666667
CHN,FFF,9,2,0.041666667,0.041666667,0.041666667,0.041666667,0.041666667,0.041666667,0.041666667,0.041666667,0.041666667,0.041666667,0.041666667,0.041666667,0.041666667,0.041666667,0.041666667,0.041666667,0.041666667,0.041666667,0.041666667,0.041666667,0.041666667,0.041666667,0.041666667,0.041666667
CHN,FFF,9,3,0.041666667,0.041666667,0.041666667,0.041666667,0.041666667,0.041666667,0.041666667,0.041666667,0.041666667,0.041666667,0.041666667,0.041666667,0.041666667,0.041666667,0.041666667,0.041666667,0.041666667,0.041666667,0.041666667,0.041666667,0.041666667,0.041666667,0.041666667,0.041666667
CHN,FFF,10,1,0.041666667,0.041666667,0.041666667,0.041666667,0.041666667,0.041666667,0.041666667,0.041666667,0.041666667,0.041666667,0.041666667,0.041666667,0.041666667,0.041666667,0.041666667,0.041666667,0.041666667,0.041666667,0.041666667,0.041666667,0.041666667,0.041666667,0.041666667,0.041666667
CHN,FFF,10,2,0.041666667,0.041666667,0.041666667,0.041666667,0.041666667,0.041666667,0.041666667,0.041666667,0.041666667,0.041666667,0.041666667,0.041666667,0.041666667,0.041666667,0.041666667,0.041666667,0.041666667,0.041666667,0.041666667,0.041666667,0.041666667,0.041666667,0.041666667,0.041666667
CHN,FFF,10,3,0.041666667,0.041666667,0.041666667,0.041666667,0.041666667,0.041666667,0.041666667,0.041666667,0.041666667,0.041666667,0.041666667,0.041666667,0.041666667,0.041666667,0.041666667,0.041666667,0.041666667,0.041666667,0.041666667,0.041666667,0.041666667,0.041666667,0.041666667,0.041666667
CHN,FFF,11,1,0.041666667,0.041666667,0.041666667,0.041666667,0.041666667,0.041666667,0.041666667,0.041666667,0.041666667,0.041666667,0.041666667,0.041666667,0.041666667,0.041666667,0.041666667,0.041666667,0.041666667,0.041666667,0.041666667,0.041666667,0.041666667,0.041666667,0.041666667,0.041666667
CHN,FFF,11,2,0.041666667,0.041666667,0.041666667,0.041666667,0.041666667,0.041666667,0.041666667,0.041666667,0.041666667,0.041666667,0.041666667,0.041666667,0.041666667,0.041666667,0.041666667,0.041666667,0.041666667,0.041666667,0.041666667,0.041666667,0.041666667,0.041666667,0.041666667,0.041666667
CHN,FFF,11,3,0.041666667,0.041666667,0.041666667,0.041666667,0.041666667,0.041666667,0.041666667,0.041666667,0.041666667,0.041666667,0.041666667,0.041666667,0.041666667,0.041666667,0.041666667,0.041666667,0.041666667,0.041666667,0.041666667,0.041666667,0.041666667,0.041666667,0.041666667,0.041666667
CHN,FFF,12,1,0.041666667,0.041666667,0.041666667,0.041666667,0.041666667,0.041666667,0.041666667,0.041666667,0.041666667,0.041666667,0.041666667,0.041666667,0.041666667,0.041666667,0.041666667,0.041666667,0.041666667,0.041666667,0.041666667,0.041666667,0.041666667,0.041666667,0.041666667,0.041666667
CHN,FFF,12,2,0.041666667,0.041666667,0.041666667,0.041666667,0.041666667,0.041666667,0.041666667,0.041666667,0.041666667,0.041666667,0.041666667,0.041666667,0.041666667,0.041666667,0.041666667,0.041666667,0.041666667,0.041666667,0.041666667,0.041666667,0.041666667,0.041666667,0.041666667,0.041666667
CHN,FFF,12,3,0.041666667,0.041666667,0.041666667,0.041666667,0.041666667,0.041666667,0.041666667,0.041666667,0.041666667,0.041666667,0.041666667,0.041666667,0.041666667,0.041666667,0.041666667,0.041666667,0.041666667,0.041666667,0.041666667,0.041666667,0.041666667,0.041666667,0.041666667,0.041666667
CHN,FOO,1,1,0.036036036,0.038288288,0.038288288,0.040540541,0.040540541,0.042792793,0.042792793,0.045045045,0.045045045,0.045045045,0.045045045,0.045045045,0.045045045,0.045045045,0.045045045,0.045045045,0.042792793,0.042792793,0.040540541,0.040540541,0.038288288,0.038288288,0.036036036,0.036036036
CHN,FOO,1,2,0.036036036,0.038288288,0.038288288,0.040540541,0.040540541,0.042792793,0.042792793,0.045045045,0.045045045,0.045045045,0.045045045,0.045045045,0.045045045,0.045045045,0.045045045,0.045045045,0.042792793,0.042792793,0.040540541,0.040540541,0.038288288,0.038288288,0.036036036,0.036036036
CHN,FOO,1,3,0.036036036,0.038288288,0.038288288,0.040540541,0.040540541,0.042792793,0.042792793,0.045045045,0.045045045,0.045045045,0.045045045,0.045045045,0.045045045,0.045045045,0.045045045,0.045045045,0.042792793,0.042792793,0.040540541,0.040540541,0.038288288,0.038288288,0.036036036,0.036036036
CHN,FOO,2,1,0.036036036,0.038288288,0.038288288,0.040540541,0.040540541,0.042792793,0.042792793,0.045045045,0.045045045,0.045045045,0.045045045,0.045045045,0.045045045,0.045045045,0.045045045,0.045045045,0.042792793,0.042792793,0.040540541,0.040540541,0.038288288,0.038288288,0.036036036,0.036036036
CHN,FOO,2,2,0.036036036,0.038288288,0.038288288,0.040540541,0.040540541,0.042792793,0.042792793,0.045045045,0.045045045,0.045045045,0.045045045,0.045045045,0.045045045,0.045045045,0.045045045,0.045045045,0.042792793,0.042792793,0.040540541,0.040540541,0.038288288,0.038288288,0.036036036,0.036036036
CHN,FOO,2,3,0.036036036,0.038288288,0.038288288,0.040540541,0.040540541,0.042792793,0.042792793,0.045045045,0.045045045,0.045045045,0.045045045,0.045045045,0.045045045,0.045045045,0.045045045,0.045045045,0.042792793,0.042792793,0.040540541,0.040540541,0.038288288,0.038288288,0.036036036,0.036036036
CHN,FOO,3,1,0.036036036,0.038288288,0.038288288,0.040540541,0.040540541,0.042792793,0.042792793,0.045045045,0.045045045,0.045045045,0.045045045,0.045045045,0.045045045,0.045045045,0.045045045,0.045045045,0.042792793,0.042792793,0.040540541,0.040540541,0.038288288,0.038288288,0.036036036,0.036036036
CHN,FOO,3,2,0.036036036,0.038288288,0.038288288,0.040540541,0.040540541,0.042792793,0.042792793,0.045045045,0.045045045,0.045045045,0.045045045,0.045045045,0.045045045,0.045045045,0.045045045,0.045045045,0.042792793,0.042792793,0.040540541,0.040540541,0.038288288,0.038288288,0.036036036,0.036036036
CHN,FOO,3,3,0.036036036,0.038288288,0.038288288,0.040540541,0.040540541,0.042792793,0.042792793,0.045045045,0.045045045,0.045045045,0.045045045,0.045045045,0.045045045,0.045045045,0.045045045,0.045045045,0.042792793,0.042792793,0.040540541,0.040540541,0.038288288,0.038288288,0.036036036,0.036036036
CHN,FOO,4,1,0.036036036,0.038288288,0.038288288,0.040540541,0.040540541,0.042792793,0.042792793,0.045045045,0.045045045,0.045045045,0.045045045,0.045045045,0.045045045,0.045045045,0.045045045,0.045045045,0.042792793,0.042792793,0.040540541,0.040540541,0.038288288,0.038288288,0.036036036,0.036036036
CHN,FOO,4,2,0.036036036,0.038288288,0.038288288,0.040540541,0.040540541,0.042792793,0.042792793,0.045045045,0.045045045,0.045045045,0.045045045,0.045045045,0.045045045,0.045045045,0.045045045,0.045045045,0.042792793,0.042792793,0.040540541,0.040540541,0.038288288,0.038288288,0.036036036,0.036036036
CHN,FOO,4,3,0.036036036,0.038288288,0.038288288,0.040540541,0.040540541,0.042792793,0.042792793,0.045045045,0.045045045,0.045045045,0.045045045,0.045045045,0.045045045,0.045045045,0.045045045,0.045045045,0.042792793,0.042792793,0.040540541,0.040540541,0.038288288,0.038288288,0.036036036,0.036036036
CHN,FOO,5,1,0.036036036,0.038288288,0.038288288,0.040540541,0.040540541,0.042792793,0.042792793,0.045045045,0.045045045,0.045045045,0.045045045,0.045045045,0.045045045,0.045045045,0.045045045,0.045045045,0.042792793,0.042792793,0.040540541,0.040540541,0.038288288,0.038288288,0.036036036,0.036036036
CHN,FOO,5,2,0.036036036,0.038288288,0.038288288,0.040540541,0.040540541,0.042792793,0.042792793,0.045045045,0.045045045,0.045045045,0.045045045,0.045045045,0.045045045,0.045045045,0.045045045,0.045045045,0.042792793,0.042792793,0.040540541,0.040540541,0.038288288,0.038288288,0.036036036,0.036036036
CHN,FOO,5,3,0.036036036,0.038288288,0.038288288,0.040540541,0.040540541,0.042792793,0.042792793,0.045045045,0.045045045,0.045045045,0.045045045,0.045045045,0.045045045,0.045045045,0.045045045,0.045045045,0.042792793,0.042792793,0.040540541,0.040540541,0.038288288,0.038288288,0.036036036,0.036036036
CHN,FOO,6,1,0.036036036,0.038288288,0.038288288,0.040540541,0.040540541,0.042792793,0.042792793,0.045045045,0.045045045,0.045045045,0.045045045,0.045045045,0.045045045,0.045045045,0.045045045,0.045045045,0.042792793,0.042792793,0.040540541,0.040540541,0.038288288,0.038288288,0.036036036,0.036036036
CHN,FOO,6,2,0.036036036,0.038288288,0.038288288,0.040540541,0.040540541,0.042792793,0.042792793,0.045045045,0.045045045,0.045045045,0.045045045,0.045045045,0.045045045,0.045045045,0.045045045,0.045045045,0.042792793,0.042792793,0.040540541,0.040540541,0.038288288,0.038288288,0.036036036,0.036036036
CHN,FOO,6,3,0.036036036,0.038288288,0.038288288,0.040540541,0.040540541,0.042792793,0.042792793,0.045045045,0.045045045,0.045045045,0.045045045,0.045045045,0.045045045,0.045045045,0.045045045,0.045045045,0.042792793,0.042792793,0.040540541,0.040540541,0.038288288,0.038288288,0.036036036,0.036036036
CHN,FOO,7,1,0.036036036,0.038288288,0.038288288,0.040540541,0.040540541,0.042792793,0.042792793,0.045045045,0.045045045,0.045045045,0.045045045,0.045045045,0.045045045,0.045045045,0.045045045,0.045045045,0.042792793,0.042792793,0.040540541,0.040540541,0.038288288,0.038288288,0.036036036,0.036036036
CHN,FOO,7,2,0.036036036,0.038288288,0.038288288,0.040540541,0.040540541,0.042792793,0.042792793,0.045045045,0.045045045,0.045045045,0.045045045,0.045045045,0.045045045,0.045045045,0.045045045,0.045045045,0.042792793,0.042792793,0.040540541,0.040540541,0.038288288,0.038288288,0.036036036,0.036036036
CHN,FOO,7,3,0.036036036,0.038288288,0.038288288,0.040540541,0.040540541,0.042792793,0.042792793,0.045045045,0.045045045,0.045045045,0.045045045,0.045045045,0.045045045,0.045045045,0.045045045,0.045045045,0.042792793,0.042792793,0.040540541,0.040540541,0.038288288,0.038288288,0.036036036,0.036036036
CHN,FOO,8,1,0.036036036,0.038288288,0.038288288,0.040540541,0.040540541,0.042792793,0.042792793,0.045045045,0.045045045,0.045045045,0.045045045,0.045045045,0.045045045,0.045045045,0.045045045,0.045045045,0.042792793,0.042792793,0.040540541,0.040540541,0.038288288,0.038288288,0.036036036,0.036036036
CHN,FOO,8,2,0.036036036,0.038288288,0.038288288,0.040540541,0.040540541,0.042792793,0.042792793,0.045045045,0.045045045,0.045045045,0.045045045,0.045045045,0.045045045,0.045045045,0.045045045,0.045045045,0.042792793,0.042792793,0.040540541,0.040540541,0.038288288,0.038288288,0.036036036,0.036036036
CHN,FOO,8,3,0.036036036,0.038288288,0.038288288,0.040540541,0.040540541,0.042792793,0.042792793,0.045045045,0.045045045,0.045045045,0.045045045,0.045045045,0.045045045,0.045045045,0.045045045,0.045045045,0.042792793,0.042792793,0.040540541,0.040540541,0.038288288,0.038288288,0.036036036,0.036036036
CHN,FOO,9,1,0.036036036,0.038288288,0.038288288,0.040540541,0.040540541,0.042792793,0.042792793,0.045045045,0.045045045,0.045045045,0.045045045,0.045045045,0.045045045,0.045045045,0.045045045,0.045045045,0.042792793,0.042792793,0.040540541,0.040540541,0.038288288,0.038288288,0.036036036,0.036036036
CHN,FOO,9,2,0.036036036,0.038288288,0.038288288,0.040540541,0.040540541,0.042792793,0.042792793,0.045045045,0.045045045,0.045045045,0.045045045,0.045045045,0.045045045,0.045045045,0.045045045,0.045045045,0.042792793,0.042792793,0.040540541,0.040540541,0.038288288,0.038288288,0.036036036,0.036036036
CHN,FOO,9,3,0.036036036,0.038288288,0.038288288,0.040540541,0.040540541,0.042792793,0.042792793,0.045045045,0.045045045,0.045045045,0.045045045,0.045045045,0.045045045,0.045045045,0.045045045,0.045045045,0.042792793,0.042792793,0.040540541,0.040540541,0.038288288,0.038288288,0.036036036,0.036036036
CHN,FOO,10,1,0.036036036,0.038288288,0.038288288,0.040540541,0.040540541,0.042792793,0.042792793,0.045045045,0.045045045,0.045045045,0.045045045,0.045045045,0.045045045,0.045045045,0.045045045,0.045045045,0.042792793,0.042792793,0.040540541,0.040540541,0.038288288,0.038288288,0.036036036,0.036036036
CHN,FOO,10,2,0.036036036,0.038288288,0.038288288,0.040540541,0.040540541,0.042792793,0.042792793,0.045045045,0.045045045,0.045045045,0.045045045,0.045045045,0.045045045,0.045045045,0.045045045,0.045045045,0.042792793,0.042792793,0.040540541,0.040540541,0.038288288,0.038288288,0.036036036,0.036036036
CHN,FOO,10,3,0.036036036,0.038288288,0.038288288,0.040540541,0.040540541,0.042792793,0.042792793,0.045045045,0.045045045,0.045045045,0.045045045,0.045045045,0.045045045,0.045045045,0.045045045,0.045045045,0.042792793,0.042792793,0.040540541,0.040540541,0.038288288,0.038288288,0.036036036,0.036036036
CHN,FOO,11,1,0.036036036,0.038288288,0.038288288,0.040540541,0.040540541,0.042792793,0.042792793,0.045045045,0.045045045,0.045045045,0.045045045,0.045045045,0.045045045,0.045045045,0.045045045,0.045045045,0.042792793,0.042792793,0.040540541,0.040540541,0.038288288,0.038288288,0.036036036,0.036036036
CHN,FOO,11,2,0.036036036,0.038288288,0.038288288,0.040540541,0.040540541,0.042792793,0.042792793,0.045045045,0.045045045,0.045045045,0.045045045,0.045045045,0.045045045,0.045045045,0.045045045,0.045045045,0.042792793,0.042792793,0.040540541,0.040540541,0.038288288,0.038288288,0.036036036,0.036036036
CHN,FOO,11,3,0.036036036,0.038288288,0.038288288,0.040540541,0.040540541,0.042792793,0.042792793,0.045045045,0.045045045,0.045045045,0.045045045,0.045045045,0.045045045,0.045045045,0.045045045,0.045045045,0.042792793,0.042792793,0.040540541,0.040540541,0.038288288,0.038288288,0.036036036,0.036036036
CHN,FOO,12,1,0.036036036,0.038288288,0.038288288,0.040540541,0.040540541,0.042792793,0.042792793,0.045045045,0.045045045,0.045045045,0.045045045,0.045045045,0.045045045,0.045045045,0.045045045,0.045045045,0.042792793,0.042792793,0.040540541,0.040540541,0.038288288,0.038288288,0.036036036,0.036036036
CHN,FOO,12,2,0.036036036,0.038288288,0.038288288,0.040540541,0.040540541,0.042792793,0.042792793,0.045045045,0.045045045,0.045045045,0.045045045,0.045045045,0.045045045,0.045045045,0.045045045,0.045045045,0.042792793,0.042792793,0.040540541,0.040540541,0.038288288,0.038288288,0.036036036,0.036036036
CHN,FOO,12,3,0.036036036,0.038288288,0.038288288,0.040540541,0.040540541,0.042792793,0.042792793,0.045045045,0.045045045,0.045045045,0.045045045,0.045045045,0.045045045,0.045045045,0.045045045,0.045045045,0.042792793,0.042792793,0.040540541,0.040540541,0.038288288,0.038288288,0.036036036,0.036036036
CHN,HYD,1,1,0.041666667,0.041666667,0.041666667,0.041666667,0.041666667,0.041666667,0.041666667,0.041666667,0.041666667,0.041666667,0.041666667,0.041666667,0.041666667,0.041666667,0.041666667,0.041666667,0.041666667,0.041666667,0.041666667,0.041666667,0.041666667,0.041666667,0.041666667,0.041666667
CHN,HYD,1,2,0.041666667,0.041666667,0.041666667,0.041666667,0.041666667,0.041666667,0.041666667,0.041666667,0.041666667,0.041666667,0.041666667,0.041666667,0.041666667,0.041666667,0.041666667,0.041666667,0.041666667,0.041666667,0.041666667,0.041666667,0.041666667,0.041666667,0.041666667,0.041666667
CHN,HYD,1,3,0.041666667,0.041666667,0.041666667,0.041666667,0.041666667,0.041666667,0.041666667,0.041666667,0.041666667,0.041666667,0.041666667,0.041666667,0.041666667,0.041666667,0.041666667,0.041666667,0.041666667,0.041666667,0.041666667,0.041666667,0.041666667,0.041666667,0.041666667,0.041666667
CHN,HYD,2,1,0.041666667,0.041666667,0.041666667,0.041666667,0.041666667,0.041666667,0.041666667,0.041666667,0.041666667,0.041666667,0.041666667,0.041666667,0.041666667,0.041666667,0.041666667,0.041666667,0.041666667,0.041666667,0.041666667,0.041666667,0.041666667,0.041666667,0.041666667,0.041666667
CHN,HYD,2,2,0.041666667,0.041666667,0.041666667,0.041666667,0.041666667,0.041666667,0.041666667,0.041666667,0.041666667,0.041666667,0.041666667,0.041666667,0.041666667,0.041666667,0.041666667,0.041666667,0.041666667,0.041666667,0.041666667,0.041666667,0.041666667,0.041666667,0.041666667,0.041666667
CHN,HYD,2,3,0.041666667,0.041666667,0.041666667,0.041666667,0.041666667,0.041666667,0.041666667,0.041666667,0.041666667,0.041666667,0.041666667,0.041666667,0.041666667,0.041666667,0.041666667,0.041666667,0.041666667,0.041666667,0.041666667,0.041666667,0.041666667,0.041666667,0.041666667,0.041666667
CHN,HYD,3,1,0.041666667,0.041666667,0.041666667,0.041666667,0.041666667,0.041666667,0.041666667,0.041666667,0.041666667,0.041666667,0.041666667,0.041666667,0.041666667,0.041666667,0.041666667,0.041666667,0.041666667,0.041666667,0.041666667,0.041666667,0.041666667,0.041666667,0.041666667,0.041666667
CHN,HYD,3,2,0.041666667,0.041666667,0.041666667,0.041666667,0.041666667,0.041666667,0.041666667,0.041666667,0.041666667,0.041666667,0.041666667,0.041666667,0.041666667,0.041666667,0.041666667,0.041666667,0.041666667,0.041666667,0.041666667,0.041666667,0.041666667,0.041666667,0.041666667,0.041666667
CHN,HYD,3,3,0.041666667,0.041666667,0.041666667,0.041666667,0.041666667,0.041666667,0.041666667,0.041666667,0.041666667,0.041666667,0.041666667,0.041666667,0.041666667,0.041666667,0.041666667,0.041666667,0.041666667,0.041666667,0.041666667,0.041666667,0.041666667,0.041666667,0.041666667,0.041666667
CHN,HYD,4,1,0.041666667,0.041666667,0.041666667,0.041666667,0.041666667,0.041666667,0.041666667,0.041666667,0.041666667,0.041666667,0.041666667,0.041666667,0.041666667,0.041666667,0.041666667,0.041666667,0.041666667,0.041666667,0.041666667,0.041666667,0.041666667,0.041666667,0.041666667,0.041666667
CHN,HYD,4,2,0.041666667,0.041666667,0.041666667,0.041666667,0.041666667,0.041666667,0.041666667,0.041666667,0.041666667,0.041666667,0.041666667,0.041666667,0.041666667,0.041666667,0.041666667,0.041666667,0.041666667,0.041666667,0.041666667,0.041666667,0.041666667,0.041666667,0.041666667,0.041666667
CHN,HYD,4,3,0.041666667,0.041666667,0.041666667,0.041666667,0.041666667,0.041666667,0.041666667,0.041666667,0.041666667,0.041666667,0.041666667,0.041666667,0.041666667,0.041666667,0.041666667,0.041666667,0.041666667,0.041666667,0.041666667,0.041666667,0.041666667,0.041666667,0.041666667,0.041666667
CHN,HYD,5,1,0.041666667,0.041666667,0.041666667,0.041666667,0.041666667,0.041666667,0.041666667,0.041666667,0.041666667,0.041666667,0.041666667,0.041666667,0.041666667,0.041666667,0.041666667,0.041666667,0.041666667,0.041666667,0.041666667,0.041666667,0.041666667,0.041666667,0.041666667,0.041666667
CHN,HYD,5,2,0.041666667,0.041666667,0.041666667,0.041666667,0.041666667,0.041666667,0.041666667,0.041666667,0.041666667,0.041666667,0.041666667,0.041666667,0.041666667,0.041666667,0.041666667,0.041666667,0.041666667,0.041666667,0.041666667,0.041666667,0.041666667,0.041666667,0.041666667,0.041666667
CHN,HYD,5,3,0.041666667,0.041666667,0.041666667,0.041666667,0.041666667,0.041666667,0.041666667,0.041666667,0.041666667,0.041666667,0.041666667,0.041666667,0.041666667,0.041666667,0.041666667,0.041666667,0.041666667,0.041666667,0.041666667,0.041666667,0.041666667,0.041666667,0.041666667,0.041666667
CHN,HYD,6,1,0.041666667,0.041666667,0.041666667,0.041666667,0.041666667,0.041666667,0.041666667,0.041666667,0.041666667,0.041666667,0.041666667,0.041666667,0.041666667,0.041666667,0.041666667,0.041666667,0.041666667,0.041666667,0.041666667,0.041666667,0.041666667,0.041666667,0.041666667,0.041666667
CHN,HYD,6,2,0.041666667,0.041666667,0.041666667,0.041666667,0.041666667,0.041666667,0.041666667,0.041666667,0.041666667,0.041666667,0.041666667,0.041666667,0.041666667,0.041666667,0.041666667,0.041666667,0.041666667,0.041666667,0.041666667,0.041666667,0.041666667,0.041666667,0.041666667,0.041666667
CHN,HYD,6,3,0.041666667,0.041666667,0.041666667,0.041666667,0.041666667,0.041666667,0.041666667,0.041666667,0.041666667,0.041666667,0.041666667,0.041666667,0.041666667,0.041666667,0.041666667,0.041666667,0.041666667,0.041666667,0.041666667,0.041666667,0.041666667,0.041666667,0.041666667,0.041666667
CHN,HYD,7,1,0.041666667,0.041666667,0.041666667,0.041666667,0.041666667,0.041666667,0.041666667,0.041666667,0.041666667,0.041666667,0.041666667,0.041666667,0.041666667,0.041666667,0.041666667,0.041666667,0.041666667,0.041666667,0.041666667,0.041666667,0.041666667,0.041666667,0.041666667,0.041666667
CHN,HYD,7,2,0.041666667,0.041666667,0.041666667,0.041666667,0.041666667,0.041666667,0.041666667,0.041666667,0.041666667,0.041666667,0.041666667,0.041666667,0.041666667,0.041666667,0.041666667,0.041666667,0.041666667,0.041666667,0.041666667,0.041666667,0.041666667,0.041666667,0.041666667,0.041666667
CHN,HYD,7,3,0.041666667,0.041666667,0.041666667,0.041666667,0.041666667,0.041666667,0.041666667,0.041666667,0.041666667,0.041666667,0.041666667,0.041666667,0.041666667,0.041666667,0.041666667,0.041666667,0.041666667,0.041666667,0.041666667,0.041666667,0.041666667,0.041666667,0.041666667,0.041666667
CHN,HYD,8,1,0.041666667,0.041666667,0.041666667,0.041666667,0.041666667,0.041666667,0.041666667,0.041666667,0.041666667,0.041666667,0.041666667,0.041666667,0.041666667,0.041666667,0.041666667,0.041666667,0.041666667,0.041666667,0.041666667,0.041666667,0.041666667,0.041666667,0.041666667,0.041666667
CHN,HYD,8,2,0.041666667,0.041666667,0.041666667,0.041666667,0.041666667,0.041666667,0.041666667,0.041666667,0.041666667,0.041666667,0.041666667,0.041666667,0.041666667,0.041666667,0.041666667,0.041666667,0.041666667,0.041666667,0.041666667,0.041666667,0.041666667,0.041666667,0.041666667,0.041666667
CHN,HYD,8,3,0.041666667,0.041666667,0.041666667,0.041666667,0.041666667,0.041666667,0.041666667,0.041666667,0.041666667,0.041666667,0.041666667,0.041666667,0.041666667,0.041666667,0.041666667,0.041666667,0.041666667,0.041666667,0.041666667,0.041666667,0.041666667,0.041666667,0.041666667,0.041666667
CHN,HYD,9,1,0.041666667,0.041666667,0.041666667,0.041666667,0.041666667,0.041666667,0.041666667,0.041666667,0.041666667,0.041666667,0.041666667,0.041666667,0.041666667,0.041666667,0.041666667,0.041666667,0.041666667,0.041666667,0.041666667,0.041666667,0.041666667,0.041666667,0.041666667,0.041666667
CHN,HYD,9,2,0.041666667,0.041666667,0.041666667,0.041666667,0.041666667,0.041666667,0.041666667,0.041666667,0.041666667,0.041666667,0.041666667,0.041666667,0.041666667,0.041666667,0.041666667,0.041666667,0.041666667,0.041666667,0.041666667,0.041666667,0.041666667,0.041666667,0.041666667,0.041666667
CHN,HYD,9,3,0.041666667,0.041666667,0.041666667,0.041666667,0.041666667,0.041666667,0.041666667,0.041666667,0.041666667,0.041666667,0.041666667,0.041666667,0.041666667,0.041666667,0.041666667,0.041666667,0.041666667,0.041666667,0.041666667,0.041666667,0.041666667,0.041666667,0.041666667,0.041666667
CHN,HYD,10,1,0.041666667,0.041666667,0.041666667,0.041666667,0.041666667,0.041666667,0.041666667,0.041666667,0.041666667,0.041666667,0.041666667,0.041666667,0.041666667,0.041666667,0.041666667,0.041666667,0.041666667,0.041666667,0.041666667,0.041666667,0.041666667,0.041666667,0.041666667,0.041666667
CHN,HYD,10,2,0.041666667,0.041666667,0.041666667,0.041666667,0.041666667,0.041666667,0.041666667,0.041666667,0.041666667,0.041666667,0.041666667,0.041666667,0.041666667,0.041666667,0.041666667,0.041666667,0.041666667,0.041666667,0.041666667,0.041666667,0.041666667,0.041666667,0.041666667,0.041666667
CHN,HYD,10,3,0.041666667,0.041666667,0.041666667,0.041666667,0.041666667,0.041666667,0.041666667,0.041666667,0.041666667,0.041666667,0.041666667,0.041666667,0.041666667,0.041666667,0.041666667,0.041666667,0.041666667,0.041666667,0.041666667,0.041666667,0.041666667,0.041666667,0.041666667,0.041666667
CHN,HYD,11,1,0.041666667,0.041666667,0.041666667,0.041666667,0.041666667,0.041666667,0.041666667,0.041666667,0.041666667,0.041666667,0.041666667,0.041666667,0.041666667,0.041666667,0.041666667,0.041666667,0.041666667,0.041666667,0.041666667,0.041666667,0.041666667,0.041666667,0.041666667,0.041666667
CHN,HYD,11,2,0.041666667,0.041666667,0.041666667,0.041666667,0.041666667,0.041666667,0.041666667,0.041666667,0.041666667,0.041666667,0.041666667,0.041666667,0.041666667,0.041666667,0.041666667,0.041666667,0.041666667,0.041666667,0.041666667,0.041666667,0.041666667,0.041666667,0.041666667,0.041666667
CHN,HYD,11,3,0.041666667,0.041666667,0.041666667,0.041666667,0.041666667,0.041666667,0.041666667,0.041666667,0.041666667,0.041666667,0.041666667,0.041666667,0.041666667,0.041666667,0.041666667,0.041666667,0.041666667,0.041666667,0.041666667,0.041666667,0.041666667,0.041666667,0.041666667,0.041666667
CHN,HYD,12,1,0.041666667,0.041666667,0.041666667,0.041666667,0.041666667,0.041666667,0.041666667,0.041666667,0.041666667,0.041666667,0.041666667,0.041666667,0.041666667,0.041666667,0.041666667,0.041666667,0.041666667,0.041666667,0.041666667,0.041666667,0.041666667,0.041666667,0.041666667,0.041666667
CHN,HYD,12,2,0.041666667,0.041666667,0.041666667,0.041666667,0.041666667,0.041666667,0.041666667,0.041666667,0.041666667,0.041666667,0.041666667,0.041666667,0.041666667,0.041666667,0.041666667,0.041666667,0.041666667,0.041666667,0.041666667,0.041666667,0.041666667,0.041666667,0.041666667,0.041666667
CHN,HYD,12,3,0.041666667,0.041666667,0.041666667,0.041666667,0.041666667,0.041666667,0.041666667,0.041666667,0.041666667,0.041666667,0.041666667,0.041666667,0.041666667,0.041666667,0.041666667,0.041666667,0.041666667,0.041666667,0.041666667,0.041666667,0.041666667,0.041666667,0.041666667,0.041666667
CHN,IDE,1,1,0.041666667,0.041666667,0.041666667,0.041666667,0.041666667,0.041666667,0.041666667,0.041666667,0.041666667,0.041666667,0.041666667,0.041666667,0.041666667,0.041666667,0.041666667,0.041666667,0.041666667,0.041666667,0.041666667,0.041666667,0.041666667,0.041666667,0.041666667,0.041666667
CHN,IDE,1,2,0.041666667,0.041666667,0.041666667,0.041666667,0.041666667,0.041666667,0.041666667,0.041666667,0.041666667,0.041666667,0.041666667,0.041666667,0.041666667,0.041666667,0.041666667,0.041666667,0.041666667,0.041666667,0.041666667,0.041666667,0.041666667,0.041666667,0.041666667,0.041666667
CHN,IDE,1,3,0.041666667,0.041666667,0.041666667,0.041666667,0.041666667,0.041666667,0.041666667,0.041666667,0.041666667,0.041666667,0.041666667,0.041666667,0.041666667,0.041666667,0.041666667,0.041666667,0.041666667,0.041666667,0.041666667,0.041666667,0.041666667,0.041666667,0.041666667,0.041666667
CHN,IDE,2,1,0.041666667,0.041666667,0.041666667,0.041666667,0.041666667,0.041666667,0.041666667,0.041666667,0.041666667,0.041666667,0.041666667,0.041666667,0.041666667,0.041666667,0.041666667,0.041666667,0.041666667,0.041666667,0.041666667,0.041666667,0.041666667,0.041666667,0.041666667,0.041666667
CHN,IDE,2,2,0.041666667,0.041666667,0.041666667,0.041666667,0.041666667,0.041666667,0.041666667,0.041666667,0.041666667,0.041666667,0.041666667,0.041666667,0.041666667,0.041666667,0.041666667,0.041666667,0.041666667,0.041666667,0.041666667,0.041666667,0.041666667,0.041666667,0.041666667,0.041666667
CHN,IDE,2,3,0.041666667,0.041666667,0.041666667,0.041666667,0.041666667,0.041666667,0.041666667,0.041666667,0.041666667,0.041666667,0.041666667,0.041666667,0.041666667,0.041666667,0.041666667,0.041666667,0.041666667,0.041666667,0.041666667,0.041666667,0.041666667,0.041666667,0.041666667,0.041666667
CHN,IDE,3,1,0.041666667,0.041666667,0.041666667,0.041666667,0.041666667,0.041666667,0.041666667,0.041666667,0.041666667,0.041666667,0.041666667,0.041666667,0.041666667,0.041666667,0.041666667,0.041666667,0.041666667,0.041666667,0.041666667,0.041666667,0.041666667,0.041666667,0.041666667,0.041666667
CHN,IDE,3,2,0.041666667,0.041666667,0.041666667,0.041666667,0.041666667,0.041666667,0.041666667,0.041666667,0.041666667,0.041666667,0.041666667,0.041666667,0.041666667,0.041666667,0.041666667,0.041666667,0.041666667,0.041666667,0.041666667,0.041666667,0.041666667,0.041666667,0.041666667,0.041666667
CHN,IDE,3,3,0.041666667,0.041666667,0.041666667,0.041666667,0.041666667,0.041666667,0.041666667,0.041666667,0.041666667,0.041666667,0.041666667,0.041666667,0.041666667,0.041666667,0.041666667,0.041666667,0.041666667,0.041666667,0.041666667,0.041666667,0.041666667,0.041666667,0.041666667,0.041666667
CHN,IDE,4,1,0.041666667,0.041666667,0.041666667,0.041666667,0.041666667,0.041666667,0.041666667,0.041666667,0.041666667,0.041666667,0.041666667,0.041666667,0.041666667,0.041666667,0.041666667,0.041666667,0.041666667,0.041666667,0.041666667,0.041666667,0.041666667,0.041666667,0.041666667,0.041666667
CHN,IDE,4,2,0.041666667,0.041666667,0.041666667,0.041666667,0.041666667,0.041666667,0.041666667,0.041666667,0.041666667,0.041666667,0.041666667,0.041666667,0.041666667,0.041666667,0.041666667,0.041666667,0.041666667,0.041666667,0.041666667,0.041666667,0.041666667,0.041666667,0.041666667,0.041666667
CHN,IDE,4,3,0.041666667,0.041666667,0.041666667,0.041666667,0.041666667,0.041666667,0.041666667,0.041666667,0.041666667,0.041666667,0.041666667,0.041666667,0.041666667,0.041666667,0.041666667,0.041666667,0.041666667,0.041666667,0.041666667,0.041666667,0.041666667,0.041666667,0.041666667,0.041666667
CHN,IDE,5,1,0.041666667,0.041666667,0.041666667,0.041666667,0.041666667,0.041666667,0.041666667,0.041666667,0.041666667,0.041666667,0.041666667,0.041666667,0.041666667,0.041666667,0.041666667,0.041666667,0.041666667,0.041666667,0.041666667,0.041666667,0.041666667,0.041666667,0.041666667,0.041666667
CHN,IDE,5,2,0.041666667,0.041666667,0.041666667,0.041666667,0.041666667,0.041666667,0.041666667,0.041666667,0.041666667,0.041666667,0.041666667,0.041666667,0.041666667,0.041666667,0.041666667,0.041666667,0.041666667,0.041666667,0.041666667,0.041666667,0.041666667,0.041666667,0.041666667,0.041666667
CHN,IDE,5,3,0.041666667,0.041666667,0.041666667,0.041666667,0.041666667,0.041666667,0.041666667,0.041666667,0.041666667,0.041666667,0.041666667,0.041666667,0.041666667,0.041666667,0.041666667,0.041666667,0.041666667,0.041666667,0.041666667,0.041666667,0.041666667,0.041666667,0.041666667,0.041666667
CHN,IDE,6,1,0.041666667,0.041666667,0.041666667,0.041666667,0.041666667,0.041666667,0.041666667,0.041666667,0.041666667,0.041666667,0.041666667,0.041666667,0.041666667,0.041666667,0.041666667,0.041666667,0.041666667,0.041666667,0.041666667,0.041666667,0.041666667,0.041666667,0.041666667,0.041666667
CHN,IDE,6,2,0.041666667,0.041666667,0.041666667,0.041666667,0.041666667,0.041666667,0.041666667,0.041666667,0.041666667,0.041666667,0.041666667,0.041666667,0.041666667,0.041666667,0.041666667,0.041666667,0.041666667,0.041666667,0.041666667,0.041666667,0.041666667,0.041666667,0.041666667,0.041666667
CHN,IDE,6,3,0.041666667,0.041666667,0.041666667,0.041666667,0.041666667,0.041666667,0.041666667,0.041666667,0.041666667,0.041666667,0.041666667,0.041666667,0.041666667,0.041666667,0.041666667,0.041666667,0.041666667,0.041666667,0.041666667,0.041666667,0.041666667,0.041666667,0.041666667,0.041666667
CHN,IDE,7,1,0.041666667,0.041666667,0.041666667,0.041666667,0.041666667,0.041666667,0.041666667,0.041666667,0.041666667,0.041666667,0.041666667,0.041666667,0.041666667,0.041666667,0.041666667,0.041666667,0.041666667,0.041666667,0.041666667,0.041666667,0.041666667,0.041666667,0.041666667,0.041666667
CHN,IDE,7,2,0.041666667,0.041666667,0.041666667,0.041666667,0.041666667,0.041666667,0.041666667,0.041666667,0.041666667,0.041666667,0.041666667,0.041666667,0.041666667,0.041666667,0.041666667,0.041666667,0.041666667,0.041666667,0.041666667,0.041666667,0.041666667,0.041666667,0.041666667,0.041666667
CHN,IDE,7,3,0.041666667,0.041666667,0.041666667,0.041666667,0.041666667,0.041666667,0.041666667,0.041666667,0.041666667,0.041666667,0.041666667,0.041666667,0.041666667,0.041666667,0.041666667,0.041666667,0.041666667,0.041666667,0.041666667,0.041666667,0.041666667,0.041666667,0.041666667,0.041666667
CHN,IDE,8,1,0.041666667,0.041666667,0.041666667,0.041666667,0.041666667,0.041666667,0.041666667,0.041666667,0.041666667,0.041666667,0.041666667,0.041666667,0.041666667,0.041666667,0.041666667,0.041666667,0.041666667,0.041666667,0.041666667,0.041666667,0.041666667,0.041666667,0.041666667,0.041666667
CHN,IDE,8,2,0.041666667,0.041666667,0.041666667,0.041666667,0.041666667,0.041666667,0.041666667,0.041666667,0.041666667,0.041666667,0.041666667,0.041666667,0.041666667,0.041666667,0.041666667,0.041666667,0.041666667,0.041666667,0.041666667,0.041666667,0.041666667,0.041666667,0.041666667,0.041666667
CHN,IDE,8,3,0.041666667,0.041666667,0.041666667,0.041666667,0.041666667,0.041666667,0.041666667,0.041666667,0.041666667,0.041666667,0.041666667,0.041666667,0.041666667,0.041666667,0.041666667,0.041666667,0.041666667,0.041666667,0.041666667,0.041666667,0.041666667,0.041666667,0.041666667,0.041666667
CHN,IDE,9,1,0.041666667,0.041666667,0.041666667,0.041666667,0.041666667,0.041666667,0.041666667,0.041666667,0.041666667,0.041666667,0.041666667,0.041666667,0.041666667,0.041666667,0.041666667,0.041666667,0.041666667,0.041666667,0.041666667,0.041666667,0.041666667,0.041666667,0.041666667,0.041666667
CHN,IDE,9,2,0.041666667,0.041666667,0.041666667,0.041666667,0.041666667,0.041666667,0.041666667,0.041666667,0.041666667,0.041666667,0.041666667,0.041666667,0.041666667,0.041666667,0.041666667,0.041666667,0.041666667,0.041666667,0.041666667,0.041666667,0.041666667,0.041666667,0.041666667,0.041666667
CHN,IDE,9,3,0.041666667,0.041666667,0.041666667,0.041666667,0.041666667,0.041666667,0.041666667,0.041666667,0.041666667,0.041666667,0.041666667,0.041666667,0.041666667,0.041666667,0.041666667,0.041666667,0.041666667,0.041666667,0.041666667,0.041666667,0.041666667,0.041666667,0.041666667,0.041666667
CHN,IDE,10,1,0.041666667,0.041666667,0.041666667,0.041666667,0.041666667,0.041666667,0.041666667,0.041666667,0.041666667,0.041666667,0.041666667,0.041666667,0.041666667,0.041666667,0.041666667,0.041666667,0.041666667,0.041666667,0.041666667,0.041666667,0.041666667,0.041666667,0.041666667,0.041666667
CHN,IDE,10,2,0.041666667,0.041666667,0.041666667,0.041666667,0.041666667,0.041666667,0.041666667,0.041666667,0.041666667,0.041666667,0.041666667,0.041666667,0.041666667,0.041666667,0.041666667,0.041666667,0.041666667,0.041666667,0.041666667,0.041666667,0.041666667,0.041666667,0.041666667,0.041666667
CHN,IDE,10,3,0.041666667,0.041666667,0.041666667,0.041666667,0.041666667,0.041666667,0.041666667,0.041666667,0.041666667,0.041666667,0.041666667,0.041666667,0.041666667,0.041666667,0.041666667,0.041666667,0.041666667,0.041666667,0.041666667,0.041666667,0.041666667,0.041666667,0.041666667,0.041666667
CHN,IDE,11,1,0.041666667,0.041666667,0.041666667,0.041666667,0.041666667,0.041666667,0.041666667,0.041666667,0.041666667,0.041666667,0.041666667,0.041666667,0.041666667,0.041666667,0.041666667,0.041666667,0.041666667,0.041666667,0.041666667,0.041666667,0.041666667,0.041666667,0.041666667,0.041666667
CHN,IDE,11,2,0.041666667,0.041666667,0.041666667,0.041666667,0.041666667,0.041666667,0.041666667,0.041666667,0.041666667,0.041666667,0.041666667,0.041666667,0.041666667,0.041666667,0.041666667,0.041666667,0.041666667,0.041666667,0.041666667,0.041666667,0.041666667,0.041666667,0.041666667,0.041666667
CHN,IDE,11,3,0.041666667,0.041666667,0.041666667,0.041666667,0.041666667,0.041666667,0.041666667,0.041666667,0.041666667,0.041666667,0.041666667,0.041666667,0.041666667,0.041666667,0.041666667,0.041666667,0.041666667,0.041666667,0.041666667,0.041666667,0.041666667,0.041666667,0.041666667,0.041666667
CHN,IDE,12,1,0.041666667,0.041666667,0.041666667,0.041666667,0.041666667,0.041666667,0.041666667,0.041666667,0.041666667,0.041666667,0.041666667,0.041666667,0.041666667,0.041666667,0.041666667,0.041666667,0.041666667,0.041666667,0.041666667,0.041666667,0.041666667,0.041666667,0.041666667,0.041666667
CHN,IDE,12,2,0.041666667,0.041666667,0.041666667,0.041666667,0.041666667,0.041666667,0.041666667,0.041666667,0.041666667,0.041666667,0.041666667,0.041666667,0.041666667,0.041666667,0.041666667,0.041666667,0.041666667,0.041666667,0.041666667,0.041666667,0.041666667,0.041666667,0.041666667,0.041666667
CHN,IDE,12,3,0.041666667,0.041666667,0.041666667,0.041666667,0.041666667,0.041666667,0.041666667,0.041666667,0.041666667,0.041666667,0.041666667,0.041666667,0.041666667,0.041666667,0.041666667,0.041666667,0.041666667,0.041666667,0.041666667,0.041666667,0.041666667,0.041666667,0.041666667,0.041666667
CHN,IND,1,1,0.036036036,0.038288288,0.038288288,0.040540541,0.040540541,0.042792793,0.042792793,0.045045045,0.045045045,0.045045045,0.045045045,0.045045045,0.045045045,0.045045045,0.045045045,0.045045045,0.042792793,0.042792793,0.040540541,0.040540541,0.038288288,0.038288288,0.036036036,0.036036036
CHN,IND,1,2,0.036036036,0.038288288,0.038288288,0.040540541,0.040540541,0.042792793,0.042792793,0.045045045,0.045045045,0.045045045,0.045045045,0.045045045,0.045045045,0.045045045,0.045045045,0.045045045,0.042792793,0.042792793,0.040540541,0.040540541,0.038288288,0.038288288,0.036036036,0.036036036
CHN,IND,1,3,0.036036036,0.038288288,0.038288288,0.040540541,0.040540541,0.042792793,0.042792793,0.045045045,0.045045045,0.045045045,0.045045045,0.045045045,0.045045045,0.045045045,0.045045045,0.045045045,0.042792793,0.042792793,0.040540541,0.040540541,0.038288288,0.038288288,0.036036036,0.036036036
CHN,IND,2,1,0.036036036,0.038288288,0.038288288,0.040540541,0.040540541,0.042792793,0.042792793,0.045045045,0.045045045,0.045045045,0.045045045,0.045045045,0.045045045,0.045045045,0.045045045,0.045045045,0.042792793,0.042792793,0.040540541,0.040540541,0.038288288,0.038288288,0.036036036,0.036036036
CHN,IND,2,2,0.036036036,0.038288288,0.038288288,0.040540541,0.040540541,0.042792793,0.042792793,0.045045045,0.045045045,0.045045045,0.045045045,0.045045045,0.045045045,0.045045045,0.045045045,0.045045045,0.042792793,0.042792793,0.040540541,0.040540541,0.038288288,0.038288288,0.036036036,0.036036036
CHN,IND,2,3,0.036036036,0.038288288,0.038288288,0.040540541,0.040540541,0.042792793,0.042792793,0.045045045,0.045045045,0.045045045,0.045045045,0.045045045,0.045045045,0.045045045,0.045045045,0.045045045,0.042792793,0.042792793,0.040540541,0.040540541,0.038288288,0.038288288,0.036036036,0.036036036
CHN,IND,3,1,0.036036036,0.038288288,0.038288288,0.040540541,0.040540541,0.042792793,0.042792793,0.045045045,0.045045045,0.045045045,0.045045045,0.045045045,0.045045045,0.045045045,0.045045045,0.045045045,0.042792793,0.042792793,0.040540541,0.040540541,0.038288288,0.038288288,0.036036036,0.036036036
CHN,IND,3,2,0.036036036,0.038288288,0.038288288,0.040540541,0.040540541,0.042792793,0.042792793,0.045045045,0.045045045,0.045045045,0.045045045,0.045045045,0.045045045,0.045045045,0.045045045,0.045045045,0.042792793,0.042792793,0.040540541,0.040540541,0.038288288,0.038288288,0.036036036,0.036036036
CHN,IND,3,3,0.036036036,0.038288288,0.038288288,0.040540541,0.040540541,0.042792793,0.042792793,0.045045045,0.045045045,0.045045045,0.045045045,0.045045045,0.045045045,0.045045045,0.045045045,0.045045045,0.042792793,0.042792793,0.040540541,0.040540541,0.038288288,0.038288288,0.036036036,0.036036036
CHN,IND,4,1,0.036036036,0.038288288,0.038288288,0.040540541,0.040540541,0.042792793,0.042792793,0.045045045,0.045045045,0.045045045,0.045045045,0.045045045,0.045045045,0.045045045,0.045045045,0.045045045,0.042792793,0.042792793,0.040540541,0.040540541,0.038288288,0.038288288,0.036036036,0.036036036
CHN,IND,4,2,0.036036036,0.038288288,0.038288288,0.040540541,0.040540541,0.042792793,0.042792793,0.045045045,0.045045045,0.045045045,0.045045045,0.045045045,0.045045045,0.045045045,0.045045045,0.045045045,0.042792793,0.042792793,0.040540541,0.040540541,0.038288288,0.038288288,0.036036036,0.036036036
CHN,IND,4,3,0.036036036,0.038288288,0.038288288,0.040540541,0.040540541,0.042792793,0.042792793,0.045045045,0.045045045,0.045045045,0.045045045,0.045045045,0.045045045,0.045045045,0.045045045,0.045045045,0.042792793,0.042792793,0.040540541,0.040540541,0.038288288,0.038288288,0.036036036,0.036036036
CHN,IND,5,1,0.036036036,0.038288288,0.038288288,0.040540541,0.040540541,0.042792793,0.042792793,0.045045045,0.045045045,0.045045045,0.045045045,0.045045045,0.045045045,0.045045045,0.045045045,0.045045045,0.042792793,0.042792793,0.040540541,0.040540541,0.038288288,0.038288288,0.036036036,0.036036036
CHN,IND,5,2,0.036036036,0.038288288,0.038288288,0.040540541,0.040540541,0.042792793,0.042792793,0.045045045,0.045045045,0.045045045,0.045045045,0.045045045,0.045045045,0.045045045,0.045045045,0.045045045,0.042792793,0.042792793,0.040540541,0.040540541,0.038288288,0.038288288,0.036036036,0.036036036
CHN,IND,5,3,0.036036036,0.038288288,0.038288288,0.040540541,0.040540541,0.042792793,0.042792793,0.045045045,0.045045045,0.045045045,0.045045045,0.045045045,0.045045045,0.045045045,0.045045045,0.045045045,0.042792793,0.042792793,0.040540541,0.040540541,0.038288288,0.038288288,0.036036036,0.036036036
CHN,IND,6,1,0.036036036,0.038288288,0.038288288,0.040540541,0.040540541,0.042792793,0.042792793,0.045045045,0.045045045,0.045045045,0.045045045,0.045045045,0.045045045,0.045045045,0.045045045,0.045045045,0.042792793,0.042792793,0.040540541,0.040540541,0.038288288,0.038288288,0.036036036,0.036036036
CHN,IND,6,2,0.036036036,0.038288288,0.038288288,0.040540541,0.040540541,0.042792793,0.042792793,0.045045045,0.045045045,0.045045045,0.045045045,0.045045045,0.045045045,0.045045045,0.045045045,0.045045045,0.042792793,0.042792793,0.040540541,0.040540541,0.038288288,0.038288288,0.036036036,0.036036036
CHN,IND,6,3,0.036036036,0.038288288,0.038288288,0.040540541,0.040540541,0.042792793,0.042792793,0.045045045,0.045045045,0.045045045,0.045045045,0.045045045,0.045045045,0.045045045,0.045045045,0.045045045,0.042792793,0.042792793,0.040540541,0.040540541,0.038288288,0.038288288,0.036036036,0.036036036
CHN,IND,7,1,0.036036036,0.038288288,0.038288288,0.040540541,0.040540541,0.042792793,0.042792793,0.045045045,0.045045045,0.045045045,0.045045045,0.045045045,0.045045045,0.045045045,0.045045045,0.045045045,0.042792793,0.042792793,0.040540541,0.040540541,0.038288288,0.038288288,0.036036036,0.036036036
CHN,IND,7,2,0.036036036,0.038288288,0.038288288,0.040540541,0.040540541,0.042792793,0.042792793,0.045045045,0.045045045,0.045045045,0.045045045,0.045045045,0.045045045,0.045045045,0.045045045,0.045045045,0.042792793,0.042792793,0.040540541,0.040540541,0.038288288,0.038288288,0.036036036,0.036036036
CHN,IND,7,3,0.036036036,0.038288288,0.038288288,0.040540541,0.040540541,0.042792793,0.042792793,0.045045045,0.045045045,0.045045045,0.045045045,0.045045045,0.045045045,0.045045045,0.045045045,0.045045045,0.042792793,0.042792793,0.040540541,0.040540541,0.038288288,0.038288288,0.036036036,0.036036036
CHN,IND,8,1,0.036036036,0.038288288,0.038288288,0.040540541,0.040540541,0.042792793,0.042792793,0.045045045,0.045045045,0.045045045,0.045045045,0.045045045,0.045045045,0.045045045,0.045045045,0.045045045,0.042792793,0.042792793,0.040540541,0.040540541,0.038288288,0.038288288,0.036036036,0.036036036
CHN,IND,8,2,0.036036036,0.038288288,0.038288288,0.040540541,0.040540541,0.042792793,0.042792793,0.045045045,0.045045045,0.045045045,0.045045045,0.045045045,0.045045045,0.045045045,0.045045045,0.045045045,0.042792793,0.042792793,0.040540541,0.040540541,0.038288288,0.038288288,0.036036036,0.036036036
CHN,IND,8,3,0.036036036,0.038288288,0.038288288,0.040540541,0.040540541,0.042792793,0.042792793,0.045045045,0.045045045,0.045045045,0.045045045,0.045045045,0.045045045,0.045045045,0.045045045,0.045045045,0.042792793,0.042792793,0.040540541,0.040540541,0.038288288,0.038288288,0.036036036,0.036036036
CHN,IND,9,1,0.036036036,0.038288288,0.038288288,0.040540541,0.040540541,0.042792793,0.042792793,0.045045045,0.045045045,0.045045045,0.045045045,0.045045045,0.045045045,0.045045045,0.045045045,0.045045045,0.042792793,0.042792793,0.040540541,0.040540541,0.038288288,0.038288288,0.036036036,0.036036036
CHN,IND,9,2,0.036036036,0.038288288,0.038288288,0.040540541,0.040540541,0.042792793,0.042792793,0.045045045,0.045045045,0.045045045,0.045045045,0.045045045,0.045045045,0.045045045,0.045045045,0.045045045,0.042792793,0.042792793,0.040540541,0.040540541,0.038288288,0.038288288,0.036036036,0.036036036
CHN,IND,9,3,0.036036036,0.038288288,0.038288288,0.040540541,0.040540541,0.042792793,0.042792793,0.045045045,0.045045045,0.045045045,0.045045045,0.045045045,0.045045045,0.045045045,0.045045045,0.045045045,0.042792793,0.042792793,0.040540541,0.040540541,0.038288288,0.038288288,0.036036036,0.036036036
CHN,IND,10,1,0.036036036,0.038288288,0.038288288,0.040540541,0.040540541,0.042792793,0.042792793,0.045045045,0.045045045,0.045045045,0.045045045,0.045045045,0.045045045,0.045045045,0.045045045,0.045045045,0.042792793,0.042792793,0.040540541,0.040540541,0.038288288,0.038288288,0.036036036,0.036036036
CHN,IND,10,2,0.036036036,0.038288288,0.038288288,0.040540541,0.040540541,0.042792793,0.042792793,0.045045045,0.045045045,0.045045045,0.045045045,0.045045045,0.045045045,0.045045045,0.045045045,0.045045045,0.042792793,0.042792793,0.040540541,0.040540541,0.038288288,0.038288288,0.036036036,0.036036036
CHN,IND,10,3,0.036036036,0.038288288,0.038288288,0.040540541,0.040540541,0.042792793,0.042792793,0.045045045,0.045045045,0.045045045,0.045045045,0.045045045,0.045045045,0.045045045,0.045045045,0.045045045,0.042792793,0.042792793,0.040540541,0.040540541,0.038288288,0.038288288,0.036036036,0.036036036
CHN,IND,11,1,0.036036036,0.038288288,0.038288288,0.040540541,0.040540541,0.042792793,0.042792793,0.045045045,0.045045045,0.045045045,0.045045045,0.045045045,0.045045045,0.045045045,0.045045045,0.045045045,0.042792793,0.042792793,0.040540541,0.040540541,0.038288288,0.038288288,0.036036036,0.036036036
CHN,IND,11,2,0.036036036,0.038288288,0.038288288,0.040540541,0.040540541,0.042792793,0.042792793,0.045045045,0.045045045,0.045045045,0.045045045,0.045045045,0.045045045,0.045045045,0.045045045,0.045045045,0.042792793,0.042792793,0.040540541,0.040540541,0.038288288,0.038288288,0.036036036,0.036036036
CHN,IND,11,3,0.036036036,0.038288288,0.038288288,0.040540541,0.040540541,0.042792793,0.042792793,0.045045045,0.045045045,0.045045045,0.045045045,0.045045045,0.045045045,0.045045045,0.045045045,0.045045045,0.042792793,0.042792793,0.040540541,0.040540541,0.038288288,0.038288288,0.036036036,0.036036036
CHN,IND,12,1,0.036036036,0.038288288,0.038288288,0.040540541,0.040540541,0.042792793,0.042792793,0.045045045,0.045045045,0.045045045,0.045045045,0.045045045,0.045045045,0.045045045,0.045045045,0.045045045,0.042792793,0.042792793,0.040540541,0.040540541,0.038288288,0.038288288,0.036036036,0.036036036
CHN,IND,12,2,0.036036036,0.038288288,0.038288288,0.040540541,0.040540541,0.042792793,0.042792793,0.045045045,0.045045045,0.045045045,0.045045045,0.045045045,0.045045045,0.045045045,0.045045045,0.045045045,0.042792793,0.042792793,0.040540541,0.040540541,0.038288288,0.038288288,0.036036036,0.036036036
CHN,IND,12,3,0.036036036,0.038288288,0.038288288,0.040540541,0.040540541,0.042792793,0.042792793,0.045045045,0.045045045,0.045045045,0.045045045,0.045045045,0.045045045,0.045045045,0.045045045,0.045045045,0.042792793,0.042792793,0.040540541,0.040540541,0.038288288,0.038288288,0.036036036,0.036036036
CHN,IRO,1,1,0.036036036,0.038288288,0.038288288,0.040540541,0.040540541,0.042792793,0.042792793,0.045045045,0.045045045,0.045045045,0.045045045,0.045045045,0.045045045,0.045045045,0.045045045,0.045045045,0.042792793,0.042792793,0.040540541,0.040540541,0.038288288,0.038288288,0.036036036,0.036036036
CHN,IRO,1,2,0.036036036,0.038288288,0.038288288,0.040540541,0.040540541,0.042792793,0.042792793,0.045045045,0.045045045,0.045045045,0.045045045,0.045045045,0.045045045,0.045045045,0.045045045,0.045045045,0.042792793,0.042792793,0.040540541,0.040540541,0.038288288,0.038288288,0.036036036,0.036036036
CHN,IRO,1,3,0.036036036,0.038288288,0.038288288,0.040540541,0.040540541,0.042792793,0.042792793,0.045045045,0.045045045,0.045045045,0.045045045,0.045045045,0.045045045,0.045045045,0.045045045,0.045045045,0.042792793,0.042792793,0.040540541,0.040540541,0.038288288,0.038288288,0.036036036,0.036036036
CHN,IRO,2,1,0.036036036,0.038288288,0.038288288,0.040540541,0.040540541,0.042792793,0.042792793,0.045045045,0.045045045,0.045045045,0.045045045,0.045045045,0.045045045,0.045045045,0.045045045,0.045045045,0.042792793,0.042792793,0.040540541,0.040540541,0.038288288,0.038288288,0.036036036,0.036036036
CHN,IRO,2,2,0.036036036,0.038288288,0.038288288,0.040540541,0.040540541,0.042792793,0.042792793,0.045045045,0.045045045,0.045045045,0.045045045,0.045045045,0.045045045,0.045045045,0.045045045,0.045045045,0.042792793,0.042792793,0.040540541,0.040540541,0.038288288,0.038288288,0.036036036,0.036036036
CHN,IRO,2,3,0.036036036,0.038288288,0.038288288,0.040540541,0.040540541,0.042792793,0.042792793,0.045045045,0.045045045,0.045045045,0.045045045,0.045045045,0.045045045,0.045045045,0.045045045,0.045045045,0.042792793,0.042792793,0.040540541,0.040540541,0.038288288,0.038288288,0.036036036,0.036036036
CHN,IRO,3,1,0.036036036,0.038288288,0.038288288,0.040540541,0.040540541,0.042792793,0.042792793,0.045045045,0.045045045,0.045045045,0.045045045,0.045045045,0.045045045,0.045045045,0.045045045,0.045045045,0.042792793,0.042792793,0.040540541,0.040540541,0.038288288,0.038288288,0.036036036,0.036036036
CHN,IRO,3,2,0.036036036,0.038288288,0.038288288,0.040540541,0.040540541,0.042792793,0.042792793,0.045045045,0.045045045,0.045045045,0.045045045,0.045045045,0.045045045,0.045045045,0.045045045,0.045045045,0.042792793,0.042792793,0.040540541,0.040540541,0.038288288,0.038288288,0.036036036,0.036036036
CHN,IRO,3,3,0.036036036,0.038288288,0.038288288,0.040540541,0.040540541,0.042792793,0.042792793,0.045045045,0.045045045,0.045045045,0.045045045,0.045045045,0.045045045,0.045045045,0.045045045,0.045045045,0.042792793,0.042792793,0.040540541,0.040540541,0.038288288,0.038288288,0.036036036,0.036036036
CHN,IRO,4,1,0.036036036,0.038288288,0.038288288,0.040540541,0.040540541,0.042792793,0.042792793,0.045045045,0.045045045,0.045045045,0.045045045,0.045045045,0.045045045,0.045045045,0.045045045,0.045045045,0.042792793,0.042792793,0.040540541,0.040540541,0.038288288,0.038288288,0.036036036,0.036036036
CHN,IRO,4,2,0.036036036,0.038288288,0.038288288,0.040540541,0.040540541,0.042792793,0.042792793,0.045045045,0.045045045,0.045045045,0.045045045,0.045045045,0.045045045,0.045045045,0.045045045,0.045045045,0.042792793,0.042792793,0.040540541,0.040540541,0.038288288,0.038288288,0.036036036,0.036036036
CHN,IRO,4,3,0.036036036,0.038288288,0.038288288,0.040540541,0.040540541,0.042792793,0.042792793,0.045045045,0.045045045,0.045045045,0.045045045,0.045045045,0.045045045,0.045045045,0.045045045,0.045045045,0.042792793,0.042792793,0.040540541,0.040540541,0.038288288,0.038288288,0.036036036,0.036036036
CHN,IRO,5,1,0.036036036,0.038288288,0.038288288,0.040540541,0.040540541,0.042792793,0.042792793,0.045045045,0.045045045,0.045045045,0.045045045,0.045045045,0.045045045,0.045045045,0.045045045,0.045045045,0.042792793,0.042792793,0.040540541,0.040540541,0.038288288,0.038288288,0.036036036,0.036036036
CHN,IRO,5,2,0.036036036,0.038288288,0.038288288,0.040540541,0.040540541,0.042792793,0.042792793,0.045045045,0.045045045,0.045045045,0.045045045,0.045045045,0.045045045,0.045045045,0.045045045,0.045045045,0.042792793,0.042792793,0.040540541,0.040540541,0.038288288,0.038288288,0.036036036,0.036036036
CHN,IRO,5,3,0.036036036,0.038288288,0.038288288,0.040540541,0.040540541,0.042792793,0.042792793,0.045045045,0.045045045,0.045045045,0.045045045,0.045045045,0.045045045,0.045045045,0.045045045,0.045045045,0.042792793,0.042792793,0.040540541,0.040540541,0.038288288,0.038288288,0.036036036,0.036036036
CHN,IRO,6,1,0.036036036,0.038288288,0.038288288,0.040540541,0.040540541,0.042792793,0.042792793,0.045045045,0.045045045,0.045045045,0.045045045,0.045045045,0.045045045,0.045045045,0.045045045,0.045045045,0.042792793,0.042792793,0.040540541,0.040540541,0.038288288,0.038288288,0.036036036,0.036036036
CHN,IRO,6,2,0.036036036,0.038288288,0.038288288,0.040540541,0.040540541,0.042792793,0.042792793,0.045045045,0.045045045,0.045045045,0.045045045,0.045045045,0.045045045,0.045045045,0.045045045,0.045045045,0.042792793,0.042792793,0.040540541,0.040540541,0.038288288,0.038288288,0.036036036,0.036036036
CHN,IRO,6,3,0.036036036,0.038288288,0.038288288,0.040540541,0.040540541,0.042792793,0.042792793,0.045045045,0.045045045,0.045045045,0.045045045,0.045045045,0.045045045,0.045045045,0.045045045,0.045045045,0.042792793,0.042792793,0.040540541,0.040540541,0.038288288,0.038288288,0.036036036,0.036036036
CHN,IRO,7,1,0.036036036,0.038288288,0.038288288,0.040540541,0.040540541,0.042792793,0.042792793,0.045045045,0.045045045,0.045045045,0.045045045,0.045045045,0.045045045,0.045045045,0.045045045,0.045045045,0.042792793,0.042792793,0.040540541,0.040540541,0.038288288,0.038288288,0.036036036,0.036036036
CHN,IRO,7,2,0.036036036,0.038288288,0.038288288,0.040540541,0.040540541,0.042792793,0.042792793,0.045045045,0.045045045,0.045045045,0.045045045,0.045045045,0.045045045,0.045045045,0.045045045,0.045045045,0.042792793,0.042792793,0.040540541,0.040540541,0.038288288,0.038288288,0.036036036,0.036036036
CHN,IRO,7,3,0.036036036,0.038288288,0.038288288,0.040540541,0.040540541,0.042792793,0.042792793,0.045045045,0.045045045,0.045045045,0.045045045,0.045045045,0.045045045,0.045045045,0.045045045,0.045045045,0.042792793,0.042792793,0.040540541,0.040540541,0.038288288,0.038288288,0.036036036,0.036036036
CHN,IRO,8,1,0.036036036,0.038288288,0.038288288,0.040540541,0.040540541,0.042792793,0.042792793,0.045045045,0.045045045,0.045045045,0.045045045,0.045045045,0.045045045,0.045045045,0.045045045,0.045045045,0.042792793,0.042792793,0.040540541,0.040540541,0.038288288,0.038288288,0.036036036,0.036036036
CHN,IRO,8,2,0.036036036,0.038288288,0.038288288,0.040540541,0.040540541,0.042792793,0.042792793,0.045045045,0.045045045,0.045045045,0.045045045,0.045045045,0.045045045,0.045045045,0.045045045,0.045045045,0.042792793,0.042792793,0.040540541,0.040540541,0.038288288,0.038288288,0.036036036,0.036036036
CHN,IRO,8,3,0.036036036,0.038288288,0.038288288,0.040540541,0.040540541,0.042792793,0.042792793,0.045045045,0.045045045,0.045045045,0.045045045,0.045045045,0.045045045,0.045045045,0.045045045,0.045045045,0.042792793,0.042792793,0.040540541,0.040540541,0.038288288,0.038288288,0.036036036,0.036036036
CHN,IRO,9,1,0.036036036,0.038288288,0.038288288,0.040540541,0.040540541,0.042792793,0.042792793,0.045045045,0.045045045,0.045045045,0.045045045,0.045045045,0.045045045,0.045045045,0.045045045,0.045045045,0.042792793,0.042792793,0.040540541,0.040540541,0.038288288,0.038288288,0.036036036,0.036036036
CHN,IRO,9,2,0.036036036,0.038288288,0.038288288,0.040540541,0.040540541,0.042792793,0.042792793,0.045045045,0.045045045,0.045045045,0.045045045,0.045045045,0.045045045,0.045045045,0.045045045,0.045045045,0.042792793,0.042792793,0.040540541,0.040540541,0.038288288,0.038288288,0.036036036,0.036036036
CHN,IRO,9,3,0.036036036,0.038288288,0.038288288,0.040540541,0.040540541,0.042792793,0.042792793,0.045045045,0.045045045,0.045045045,0.045045045,0.045045045,0.045045045,0.045045045,0.045045045,0.045045045,0.042792793,0.042792793,0.040540541,0.040540541,0.038288288,0.038288288,0.036036036,0.036036036
CHN,IRO,10,1,0.036036036,0.038288288,0.038288288,0.040540541,0.040540541,0.042792793,0.042792793,0.045045045,0.045045045,0.045045045,0.045045045,0.045045045,0.045045045,0.045045045,0.045045045,0.045045045,0.042792793,0.042792793,0.040540541,0.040540541,0.038288288,0.038288288,0.036036036,0.036036036
CHN,IRO,10,2,0.036036036,0.038288288,0.038288288,0.040540541,0.040540541,0.042792793,0.042792793,0.045045045,0.045045045,0.045045045,0.045045045,0.045045045,0.045045045,0.045045045,0.045045045,0.045045045,0.042792793,0.042792793,0.040540541,0.040540541,0.038288288,0.038288288,0.036036036,0.036036036
CHN,IRO,10,3,0.036036036,0.038288288,0.038288288,0.040540541,0.040540541,0.042792793,0.042792793,0.045045045,0.045045045,0.045045045,0.045045045,0.045045045,0.045045045,0.045045045,0.045045045,0.045045045,0.042792793,0.042792793,0.040540541,0.040540541,0.038288288,0.038288288,0.036036036,0.036036036
CHN,IRO,11,1,0.036036036,0.038288288,0.038288288,0.040540541,0.040540541,0.042792793,0.042792793,0.045045045,0.045045045,0.045045045,0.045045045,0.045045045,0.045045045,0.045045045,0.045045045,0.045045045,0.042792793,0.042792793,0.040540541,0.040540541,0.038288288,0.038288288,0.036036036,0.036036036
CHN,IRO,11,2,0.036036036,0.038288288,0.038288288,0.040540541,0.040540541,0.042792793,0.042792793,0.045045045,0.045045045,0.045045045,0.045045045,0.045045045,0.045045045,0.045045045,0.045045045,0.045045045,0.042792793,0.042792793,0.040540541,0.040540541,0.038288288,0.038288288,0.036036036,0.036036036
CHN,IRO,11,3,0.036036036,0.038288288,0.038288288,0.040540541,0.040540541,0.042792793,0.042792793,0.045045045,0.045045045,0.045045045,0.045045045,0.045045045,0.045045045,0.045045045,0.045045045,0.045045045,0.042792793,0.042792793,0.040540541,0.040540541,0.038288288,0.038288288,0.036036036,0.036036036
CHN,IRO,12,1,0.036036036,0.038288288,0.038288288,0.040540541,0.040540541,0.042792793,0.042792793,0.045045045,0.045045045,0.045045045,0.045045045,0.045045045,0.045045045,0.045045045,0.045045045,0.045045045,0.042792793,0.042792793,0.040540541,0.040540541,0.038288288,0.038288288,0.036036036,0.036036036
CHN,IRO,12,2,0.036036036,0.038288288,0.038288288,0.040540541,0.040540541,0.042792793,0.042792793,0.045045045,0.045045045,0.045045045,0.045045045,0.045045045,0.045045045,0.045045045,0.045045045,0.045045045,0.042792793,0.042792793,0.040540541,0.040540541,0.038288288,0.038288288,0.036036036,0.036036036
CHN,IRO,12,3,0.036036036,0.038288288,0.038288288,0.040540541,0.040540541,0.042792793,0.042792793,0.045045045,0.045045045,0.045045045,0.045045045,0.045045045,0.045045045,0.045045045,0.045045045,0.045045045,0.042792793,0.042792793,0.040540541,0.040540541,0.038288288,0.038288288,0.036036036,0.036036036
CHN,MNM,1,1,0.02484472,0.02484472,0.02484472,0.02484472,0.02484472,0.026915114,0.031055901,0.037267081,0.045548654,0.055900621,0.060041408,0.066252588,0.074534161,0.072463768,0.070393375,0.064182195,0.055900621,0.045548654,0.037267081,0.031055901,0.026915114,0.02484472,0.02484472,0.02484472
CHN,MNM,1,2,0.033229491,0.033229491,0.033229491,0.033229491,0.033229491,0.034267913,0.036344756,0.039460021,0.043613707,0.048805815,0.050882658,0.053997923,0.05815161,0.057113188,0.056074766,0.052959502,0.048805815,0.043613707,0.039460021,0.036344756,0.034267913,0.033229491,0.033229491,0.033229491
CHN,MNM,1,3,0.037441498,0.037441498,0.037441498,0.037441498,0.037441498,0.037961518,0.03900156,0.040561622,0.042641706,0.04524181,0.046281851,0.047841914,0.049921997,0.049401976,0.048881955,0.047321893,0.04524181,0.042641706,0.040561622,0.03900156,0.037961518,0.037441498,0.037441498,0.037441498
CHN,MNM,2,1,0.02484472,0.02484472,0.02484472,0.02484472,0.02484472,0.026915114,0.031055901,0.037267081,0.045548654,0.055900621,0.060041408,0.066252588,0.074534161,0.072463768,0.070393375,0.064182195,0.055900621,0.045548654,0.037267081,0.031055901,0.026915114,0.02484472,0.02484472,0.02484472
CHN,MNM,2,2,0.033229491,0.033229491,0.033229491,0.033229491,0.033229491,0.034267913,0.036344756,0.039460021,0.043613707,0.048805815,0.050882658,0.053997923,0.05815161,0.057113188,0.056074766,0.052959502,0.048805815,0.043613707,0.039460021,0.036344756,0.034267913,0.033229491,0.033229491,0.033229491
CHN,MNM,2,3,0.037441498,0.037441498,0.037441498,0.037441498,0.037441498,0.037961518,0.03900156,0.040561622,0.042641706,0.04524181,0.046281851,0.047841914,0.049921997,0.049401976,0.048881955,0.047321893,0.04524181,0.042641706,0.040561622,0.03900156,0.037961518,0.037441498,0.037441498,0.037441498
CHN,MNM,3,1,0.02484472,0.02484472,0.02484472,0.02484472,0.02484472,0.026915114,0.031055901,0.037267081,0.045548654,0.055900621,0.060041408,0.066252588,0.074534161,0.072463768,0.070393375,0.064182195,0.055900621,0.045548654,0.037267081,0.031055901,0.026915114,0.02484472,0.02484472,0.02484472
CHN,MNM,3,2,0.033229491,0.033229491,0.033229491,0.033229491,0.033229491,0.034267913,0.036344756,0.039460021,0.043613707,0.048805815,0.050882658,0.053997923,0.05815161,0.057113188,0.056074766,0.052959502,0.048805815,0.043613707,0.039460021,0.036344756,0.034267913,0.033229491,0.033229491,0.033229491
CHN,MNM,3,3,0.037441498,0.037441498,0.037441498,0.037441498,0.037441498,0.037961518,0.03900156,0.040561622,0.042641706,0.04524181,0.046281851,0.047841914,0.049921997,0.049401976,0.048881955,0.047321893,0.04524181,0.042641706,0.040561622,0.03900156,0.037961518,0.037441498,0.037441498,0.037441498
CHN,MNM,4,1,0.02484472,0.02484472,0.02484472,0.02484472,0.02484472,0.026915114,0.031055901,0.037267081,0.045548654,0.055900621,0.060041408,0.066252588,0.074534161,0.072463768,0.070393375,0.064182195,0.055900621,0.045548654,0.037267081,0.031055901,0.026915114,0.02484472,0.02484472,0.02484472
CHN,MNM,4,2,0.033229491,0.033229491,0.033229491,0.033229491,0.033229491,0.034267913,0.036344756,0.039460021,0.043613707,0.048805815,0.050882658,0.053997923,0.05815161,0.057113188,0.056074766,0.052959502,0.048805815,0.043613707,0.039460021,0.036344756,0.034267913,0.033229491,0.033229491,0.033229491
CHN,MNM,4,3,0.037441498,0.037441498,0.037441498,0.037441498,0.037441498,0.037961518,0.03900156,0.040561622,0.042641706,0.04524181,0.046281851,0.047841914,0.049921997,0.049401976,0.048881955,0.047321893,0.04524181,0.042641706,0.040561622,0.03900156,0.037961518,0.037441498,0.037441498,0.037441498
CHN,MNM,5,1,0.02484472,0.02484472,0.02484472,0.02484472,0.02484472,0.026915114,0.031055901,0.037267081,0.045548654,0.055900621,0.060041408,0.066252588,0.074534161,0.072463768,0.070393375,0.064182195,0.055900621,0.045548654,0.037267081,0.031055901,0.026915114,0.02484472,0.02484472,0.02484472
CHN,MNM,5,2,0.033229491,0.033229491,0.033229491,0.033229491,0.033229491,0.034267913,0.036344756,0.039460021,0.043613707,0.048805815,0.050882658,0.053997923,0.05815161,0.057113188,0.056074766,0.052959502,0.048805815,0.043613707,0.039460021,0.036344756,0.034267913,0.033229491,0.033229491,0.033229491
CHN,MNM,5,3,0.037441498,0.037441498,0.037441498,0.037441498,0.037441498,0.037961518,0.03900156,0.040561622,0.042641706,0.04524181,0.046281851,0.047841914,0.049921997,0.049401976,0.048881955,0.047321893,0.04524181,0.042641706,0.040561622,0.03900156,0.037961518,0.037441498,0.037441498,0.037441498
CHN,MNM,6,1,0.02484472,0.02484472,0.02484472,0.02484472,0.02484472,0.026915114,0.031055901,0.037267081,0.045548654,0.055900621,0.060041408,0.066252588,0.074534161,0.072463768,0.070393375,0.064182195,0.055900621,0.045548654,0.037267081,0.031055901,0.026915114,0.02484472,0.02484472,0.02484472
CHN,MNM,6,2,0.033229491,0.033229491,0.033229491,0.033229491,0.033229491,0.034267913,0.036344756,0.039460021,0.043613707,0.048805815,0.050882658,0.053997923,0.05815161,0.057113188,0.056074766,0.052959502,0.048805815,0.043613707,0.039460021,0.036344756,0.034267913,0.033229491,0.033229491,0.033229491
CHN,MNM,6,3,0.037441498,0.037441498,0.037441498,0.037441498,0.037441498,0.037961518,0.03900156,0.040561622,0.042641706,0.04524181,0.046281851,0.047841914,0.049921997,0.049401976,0.048881955,0.047321893,0.04524181,0.042641706,0.040561622,0.03900156,0.037961518,0.037441498,0.037441498,0.037441498
CHN,MNM,7,1,0.02484472,0.02484472,0.02484472,0.02484472,0.02484472,0.026915114,0.031055901,0.037267081,0.045548654,0.055900621,0.060041408,0.066252588,0.074534161,0.072463768,0.070393375,0.064182195,0.055900621,0.045548654,0.037267081,0.031055901,0.026915114,0.02484472,0.02484472,0.02484472
CHN,MNM,7,2,0.033229491,0.033229491,0.033229491,0.033229491,0.033229491,0.034267913,0.036344756,0.039460021,0.043613707,0.048805815,0.050882658,0.053997923,0.05815161,0.057113188,0.056074766,0.052959502,0.048805815,0.043613707,0.039460021,0.036344756,0.034267913,0.033229491,0.033229491,0.033229491
CHN,MNM,7,3,0.037441498,0.037441498,0.037441498,0.037441498,0.037441498,0.037961518,0.03900156,0.040561622,0.042641706,0.04524181,0.046281851,0.047841914,0.049921997,0.049401976,0.048881955,0.047321893,0.04524181,0.042641706,0.040561622,0.03900156,0.037961518,0.037441498,0.037441498,0.037441498
CHN,MNM,8,1,0.02484472,0.02484472,0.02484472,0.02484472,0.02484472,0.026915114,0.031055901,0.037267081,0.045548654,0.055900621,0.060041408,0.066252588,0.074534161,0.072463768,0.070393375,0.064182195,0.055900621,0.045548654,0.037267081,0.031055901,0.026915114,0.02484472,0.02484472,0.02484472
CHN,MNM,8,2,0.033229491,0.033229491,0.033229491,0.033229491,0.033229491,0.034267913,0.036344756,0.039460021,0.043613707,0.048805815,0.050882658,0.053997923,0.05815161,0.057113188,0.056074766,0.052959502,0.048805815,0.043613707,0.039460021,0.036344756,0.034267913,0.033229491,0.033229491,0.033229491
CHN,MNM,8,3,0.037441498,0.037441498,0.037441498,0.037441498,0.037441498,0.037961518,0.03900156,0.040561622,0.042641706,0.04524181,0.046281851,0.047841914,0.049921997,0.049401976,0.048881955,0.047321893,0.04524181,0.042641706,0.040561622,0.03900156,0.037961518,0.037441498,0.037441498,0.037441498
CHN,MNM,9,1,0.02484472,0.02484472,0.02484472,0.02484472,0.02484472,0.026915114,0.031055901,0.037267081,0.045548654,0.055900621,0.060041408,0.066252588,0.074534161,0.072463768,0.070393375,0.064182195,0.055900621,0.045548654,0.037267081,0.031055901,0.026915114,0.02484472,0.02484472,0.02484472
CHN,MNM,9,2,0.033229491,0.033229491,0.033229491,0.033229491,0.033229491,0.034267913,0.036344756,0.039460021,0.043613707,0.048805815,0.050882658,0.053997923,0.05815161,0.057113188,0.056074766,0.052959502,0.048805815,0.043613707,0.039460021,0.036344756,0.034267913,0.033229491,0.033229491,0.033229491
CHN,MNM,9,3,0.037441498,0.037441498,0.037441498,0.037441498,0.037441498,0.037961518,0.03900156,0.040561622,0.042641706,0.04524181,0.046281851,0.047841914,0.049921997,0.049401976,0.048881955,0.047321893,0.04524181,0.042641706,0.040561622,0.03900156,0.037961518,0.037441498,0.037441498,0.037441498
CHN,MNM,10,1,0.02484472,0.02484472,0.02484472,0.02484472,0.02484472,0.026915114,0.031055901,0.037267081,0.045548654,0.055900621,0.060041408,0.066252588,0.074534161,0.072463768,0.070393375,0.064182195,0.055900621,0.045548654,0.037267081,0.031055901,0.026915114,0.02484472,0.02484472,0.02484472
CHN,MNM,10,2,0.033229491,0.033229491,0.033229491,0.033229491,0.033229491,0.034267913,0.036344756,0.039460021,0.043613707,0.048805815,0.050882658,0.053997923,0.05815161,0.057113188,0.056074766,0.052959502,0.048805815,0.043613707,0.039460021,0.036344756,0.034267913,0.033229491,0.033229491,0.033229491
CHN,MNM,10,3,0.037441498,0.037441498,0.037441498,0.037441498,0.037441498,0.037961518,0.03900156,0.040561622,0.042641706,0.04524181,0.046281851,0.047841914,0.049921997,0.049401976,0.048881955,0.047321893,0.04524181,0.042641706,0.040561622,0.03900156,0.037961518,0.037441498,0.037441498,0.037441498
CHN,MNM,11,1,0.02484472,0.02484472,0.02484472,0.02484472,0.02484472,0.026915114,0.031055901,0.037267081,0.045548654,0.055900621,0.060041408,0.066252588,0.074534161,0.072463768,0.070393375,0.064182195,0.055900621,0.045548654,0.037267081,0.031055901,0.026915114,0.02484472,0.02484472,0.02484472
CHN,MNM,11,2,0.033229491,0.033229491,0.033229491,0.033229491,0.033229491,0.034267913,0.036344756,0.039460021,0.043613707,0.048805815,0.050882658,0.053997923,0.05815161,0.057113188,0.056074766,0.052959502,0.048805815,0.043613707,0.039460021,0.036344756,0.034267913,0.033229491,0.033229491,0.033229491
CHN,MNM,11,3,0.037441498,0.037441498,0.037441498,0.037441498,0.037441498,0.037961518,0.03900156,0.040561622,0.042641706,0.04524181,0.046281851,0.047841914,0.049921997,0.049401976,0.048881955,0.047321893,0.04524181,0.042641706,0.040561622,0.03900156,0.037961518,0.037441498,0.037441498,0.037441498
CHN,MNM,12,1,0.02484472,0.02484472,0.02484472,0.02484472,0.02484472,0.026915114,0.031055901,0.037267081,0.045548654,0.055900621,0.060041408,0.066252588,0.074534161,0.072463768,0.070393375,0.064182195,0.055900621,0.045548654,0.037267081,0.031055901,0.026915114,0.02484472,0.02484472,0.02484472
CHN,MNM,12,2,0.033229491,0.033229491,0.033229491,0.033229491,0.033229491,0.034267913,0.036344756,0.039460021,0.043613707,0.048805815,0.050882658,0.053997923,0.05815161,0.057113188,0.056074766,0.052959502,0.048805815,0.043613707,0.039460021,0.036344756,0.034267913,0.033229491,0.033229491,0.033229491
CHN,MNM,12,3,0.037441498,0.037441498,0.037441498,0.037441498,0.037441498,0.037961518,0.03900156,0.040561622,0.042641706,0.04524181,0.046281851,0.047841914,0.049921997,0.049401976,0.048881955,0.047321893,0.04524181,0.042641706,0.040561622,0.03900156,0.037961518,0.037441498,0.037441498,0.037441498
CHN,N2O,1,1,0.02484472,0.02484472,0.02484472,0.02484472,0.02484472,0.026915114,0.031055901,0.037267081,0.045548654,0.055900621,0.060041408,0.066252588,0.074534161,0.072463768,0.070393375,0.064182195,0.055900621,0.045548654,0.037267081,0.031055901,0.026915114,0.02484472,0.02484472,0.02484472
CHN,N2O,1,2,0.033229491,0.033229491,0.033229491,0.033229491,0.033229491,0.034267913,0.036344756,0.039460021,0.043613707,0.048805815,0.050882658,0.053997923,0.05815161,0.057113188,0.056074766,0.052959502,0.048805815,0.043613707,0.039460021,0.036344756,0.034267913,0.033229491,0.033229491,0.033229491
CHN,N2O,1,3,0.037441498,0.037441498,0.037441498,0.037441498,0.037441498,0.037961518,0.03900156,0.040561622,0.042641706,0.04524181,0.046281851,0.047841914,0.049921997,0.049401976,0.048881955,0.047321893,0.04524181,0.042641706,0.040561622,0.03900156,0.037961518,0.037441498,0.037441498,0.037441498
CHN,N2O,2,1,0.02484472,0.02484472,0.02484472,0.02484472,0.02484472,0.026915114,0.031055901,0.037267081,0.045548654,0.055900621,0.060041408,0.066252588,0.074534161,0.072463768,0.070393375,0.064182195,0.055900621,0.045548654,0.037267081,0.031055901,0.026915114,0.02484472,0.02484472,0.02484472
CHN,N2O,2,2,0.033229491,0.033229491,0.033229491,0.033229491,0.033229491,0.034267913,0.036344756,0.039460021,0.043613707,0.048805815,0.050882658,0.053997923,0.05815161,0.057113188,0.056074766,0.052959502,0.048805815,0.043613707,0.039460021,0.036344756,0.034267913,0.033229491,0.033229491,0.033229491
CHN,N2O,2,3,0.037441498,0.037441498,0.037441498,0.037441498,0.037441498,0.037961518,0.03900156,0.040561622,0.042641706,0.04524181,0.046281851,0.047841914,0.049921997,0.049401976,0.048881955,0.047321893,0.04524181,0.042641706,0.040561622,0.03900156,0.037961518,0.037441498,0.037441498,0.037441498
CHN,N2O,3,1,0.02484472,0.02484472,0.02484472,0.02484472,0.02484472,0.026915114,0.031055901,0.037267081,0.045548654,0.055900621,0.060041408,0.066252588,0.074534161,0.072463768,0.070393375,0.064182195,0.055900621,0.045548654,0.037267081,0.031055901,0.026915114,0.02484472,0.02484472,0.02484472
CHN,N2O,3,2,0.033229491,0.033229491,0.033229491,0.033229491,0.033229491,0.034267913,0.036344756,0.039460021,0.043613707,0.048805815,0.050882658,0.053997923,0.05815161,0.057113188,0.056074766,0.052959502,0.048805815,0.043613707,0.039460021,0.036344756,0.034267913,0.033229491,0.033229491,0.033229491
CHN,N2O,3,3,0.037441498,0.037441498,0.037441498,0.037441498,0.037441498,0.037961518,0.03900156,0.040561622,0.042641706,0.04524181,0.046281851,0.047841914,0.049921997,0.049401976,0.048881955,0.047321893,0.04524181,0.042641706,0.040561622,0.03900156,0.037961518,0.037441498,0.037441498,0.037441498
CHN,N2O,4,1,0.02484472,0.02484472,0.02484472,0.02484472,0.02484472,0.026915114,0.031055901,0.037267081,0.045548654,0.055900621,0.060041408,0.066252588,0.074534161,0.072463768,0.070393375,0.064182195,0.055900621,0.045548654,0.037267081,0.031055901,0.026915114,0.02484472,0.02484472,0.02484472
CHN,N2O,4,2,0.033229491,0.033229491,0.033229491,0.033229491,0.033229491,0.034267913,0.036344756,0.039460021,0.043613707,0.048805815,0.050882658,0.053997923,0.05815161,0.057113188,0.056074766,0.052959502,0.048805815,0.043613707,0.039460021,0.036344756,0.034267913,0.033229491,0.033229491,0.033229491
CHN,N2O,4,3,0.037441498,0.037441498,0.037441498,0.037441498,0.037441498,0.037961518,0.03900156,0.040561622,0.042641706,0.04524181,0.046281851,0.047841914,0.049921997,0.049401976,0.048881955,0.047321893,0.04524181,0.042641706,0.040561622,0.03900156,0.037961518,0.037441498,0.037441498,0.037441498
CHN,N2O,5,1,0.02484472,0.02484472,0.02484472,0.02484472,0.02484472,0.026915114,0.031055901,0.037267081,0.045548654,0.055900621,0.060041408,0.066252588,0.074534161,0.072463768,0.070393375,0.064182195,0.055900621,0.045548654,0.037267081,0.031055901,0.026915114,0.02484472,0.02484472,0.02484472
CHN,N2O,5,2,0.033229491,0.033229491,0.033229491,0.033229491,0.033229491,0.034267913,0.036344756,0.039460021,0.043613707,0.048805815,0.050882658,0.053997923,0.05815161,0.057113188,0.056074766,0.052959502,0.048805815,0.043613707,0.039460021,0.036344756,0.034267913,0.033229491,0.033229491,0.033229491
CHN,N2O,5,3,0.037441498,0.037441498,0.037441498,0.037441498,0.037441498,0.037961518,0.03900156,0.040561622,0.042641706,0.04524181,0.046281851,0.047841914,0.049921997,0.049401976,0.048881955,0.047321893,0.04524181,0.042641706,0.040561622,0.03900156,0.037961518,0.037441498,0.037441498,0.037441498
CHN,N2O,6,1,0.02484472,0.02484472,0.02484472,0.02484472,0.02484472,0.026915114,0.031055901,0.037267081,0.045548654,0.055900621,0.060041408,0.066252588,0.074534161,0.072463768,0.070393375,0.064182195,0.055900621,0.045548654,0.037267081,0.031055901,0.026915114,0.02484472,0.02484472,0.02484472
CHN,N2O,6,2,0.033229491,0.033229491,0.033229491,0.033229491,0.033229491,0.034267913,0.036344756,0.039460021,0.043613707,0.048805815,0.050882658,0.053997923,0.05815161,0.057113188,0.056074766,0.052959502,0.048805815,0.043613707,0.039460021,0.036344756,0.034267913,0.033229491,0.033229491,0.033229491
CHN,N2O,6,3,0.037441498,0.037441498,0.037441498,0.037441498,0.037441498,0.037961518,0.03900156,0.040561622,0.042641706,0.04524181,0.046281851,0.047841914,0.049921997,0.049401976,0.048881955,0.047321893,0.04524181,0.042641706,0.040561622,0.03900156,0.037961518,0.037441498,0.037441498,0.037441498
CHN,N2O,7,1,0.02484472,0.02484472,0.02484472,0.02484472,0.02484472,0.026915114,0.031055901,0.037267081,0.045548654,0.055900621,0.060041408,0.066252588,0.074534161,0.072463768,0.070393375,0.064182195,0.055900621,0.045548654,0.037267081,0.031055901,0.026915114,0.02484472,0.02484472,0.02484472
CHN,N2O,7,2,0.033229491,0.033229491,0.033229491,0.033229491,0.033229491,0.034267913,0.036344756,0.039460021,0.043613707,0.048805815,0.050882658,0.053997923,0.05815161,0.057113188,0.056074766,0.052959502,0.048805815,0.043613707,0.039460021,0.036344756,0.034267913,0.033229491,0.033229491,0.033229491
CHN,N2O,7,3,0.037441498,0.037441498,0.037441498,0.037441498,0.037441498,0.037961518,0.03900156,0.040561622,0.042641706,0.04524181,0.046281851,0.047841914,0.049921997,0.049401976,0.048881955,0.047321893,0.04524181,0.042641706,0.040561622,0.03900156,0.037961518,0.037441498,0.037441498,0.037441498
CHN,N2O,8,1,0.02484472,0.02484472,0.02484472,0.02484472,0.02484472,0.026915114,0.031055901,0.037267081,0.045548654,0.055900621,0.060041408,0.066252588,0.074534161,0.072463768,0.070393375,0.064182195,0.055900621,0.045548654,0.037267081,0.031055901,0.026915114,0.02484472,0.02484472,0.02484472
CHN,N2O,8,2,0.033229491,0.033229491,0.033229491,0.033229491,0.033229491,0.034267913,0.036344756,0.039460021,0.043613707,0.048805815,0.050882658,0.053997923,0.05815161,0.057113188,0.056074766,0.052959502,0.048805815,0.043613707,0.039460021,0.036344756,0.034267913,0.033229491,0.033229491,0.033229491
CHN,N2O,8,3,0.037441498,0.037441498,0.037441498,0.037441498,0.037441498,0.037961518,0.03900156,0.040561622,0.042641706,0.04524181,0.046281851,0.047841914,0.049921997,0.049401976,0.048881955,0.047321893,0.04524181,0.042641706,0.040561622,0.03900156,0.037961518,0.037441498,0.037441498,0.037441498
CHN,N2O,9,1,0.02484472,0.02484472,0.02484472,0.02484472,0.02484472,0.026915114,0.031055901,0.037267081,0.045548654,0.055900621,0.060041408,0.066252588,0.074534161,0.072463768,0.070393375,0.064182195,0.055900621,0.045548654,0.037267081,0.031055901,0.026915114,0.02484472,0.02484472,0.02484472
CHN,N2O,9,2,0.033229491,0.033229491,0.033229491,0.033229491,0.033229491,0.034267913,0.036344756,0.039460021,0.043613707,0.048805815,0.050882658,0.053997923,0.05815161,0.057113188,0.056074766,0.052959502,0.048805815,0.043613707,0.039460021,0.036344756,0.034267913,0.033229491,0.033229491,0.033229491
CHN,N2O,9,3,0.037441498,0.037441498,0.037441498,0.037441498,0.037441498,0.037961518,0.03900156,0.040561622,0.042641706,0.04524181,0.046281851,0.047841914,0.049921997,0.049401976,0.048881955,0.047321893,0.04524181,0.042641706,0.040561622,0.03900156,0.037961518,0.037441498,0.037441498,0.037441498
CHN,N2O,10,1,0.02484472,0.02484472,0.02484472,0.02484472,0.02484472,0.026915114,0.031055901,0.037267081,0.045548654,0.055900621,0.060041408,0.066252588,0.074534161,0.072463768,0.070393375,0.064182195,0.055900621,0.045548654,0.037267081,0.031055901,0.026915114,0.02484472,0.02484472,0.02484472
CHN,N2O,10,2,0.033229491,0.033229491,0.033229491,0.033229491,0.033229491,0.034267913,0.036344756,0.039460021,0.043613707,0.048805815,0.050882658,0.053997923,0.05815161,0.057113188,0.056074766,0.052959502,0.048805815,0.043613707,0.039460021,0.036344756,0.034267913,0.033229491,0.033229491,0.033229491
CHN,N2O,10,3,0.037441498,0.037441498,0.037441498,0.037441498,0.037441498,0.037961518,0.03900156,0.040561622,0.042641706,0.04524181,0.046281851,0.047841914,0.049921997,0.049401976,0.048881955,0.047321893,0.04524181,0.042641706,0.040561622,0.03900156,0.037961518,0.037441498,0.037441498,0.037441498
CHN,N2O,11,1,0.02484472,0.02484472,0.02484472,0.02484472,0.02484472,0.026915114,0.031055901,0.037267081,0.045548654,0.055900621,0.060041408,0.066252588,0.074534161,0.072463768,0.070393375,0.064182195,0.055900621,0.045548654,0.037267081,0.031055901,0.026915114,0.02484472,0.02484472,0.02484472
CHN,N2O,11,2,0.033229491,0.033229491,0.033229491,0.033229491,0.033229491,0.034267913,0.036344756,0.039460021,0.043613707,0.048805815,0.050882658,0.053997923,0.05815161,0.057113188,0.056074766,0.052959502,0.048805815,0.043613707,0.039460021,0.036344756,0.034267913,0.033229491,0.033229491,0.033229491
CHN,N2O,11,3,0.037441498,0.037441498,0.037441498,0.037441498,0.037441498,0.037961518,0.03900156,0.040561622,0.042641706,0.04524181,0.046281851,0.047841914,0.049921997,0.049401976,0.048881955,0.047321893,0.04524181,0.042641706,0.040561622,0.03900156,0.037961518,0.037441498,0.037441498,0.037441498
CHN,N2O,12,1,0.02484472,0.02484472,0.02484472,0.02484472,0.02484472,0.026915114,0.031055901,0.037267081,0.045548654,0.055900621,0.060041408,0.066252588,0.074534161,0.072463768,0.070393375,0.064182195,0.055900621,0.045548654,0.037267081,0.031055901,0.026915114,0.02484472,0.02484472,0.02484472
CHN,N2O,12,2,0.033229491,0.033229491,0.033229491,0.033229491,0.033229491,0.034267913,0.036344756,0.039460021,0.043613707,0.048805815,0.050882658,0.053997923,0.05815161,0.057113188,0.056074766,0.052959502,0.048805815,0.043613707,0.039460021,0.036344756,0.034267913,0.033229491,0.033229491,0.033229491
CHN,N2O,12,3,0.037441498,0.037441498,0.037441498,0.037441498,0.037441498,0.037961518,0.03900156,0.040561622,0.042641706,0.04524181,0.046281851,0.047841914,0.049921997,0.049401976,0.048881955,0.047321893,0.04524181,0.042641706,0.040561622,0.03900156,0.037961518,0.037441498,0.037441498,0.037441498
CHN,NEU,1,1,0.040685225,0.040685225,0.040685225,0.040685225,0.040685225,0.041755889,0.041755889,0.042826552,0.042826552,0.042826552,0.042826552,0.042826552,0.042826552,0.042826552,0.042826552,0.042826552,0.042826552,0.042826552,0.041755889,0.041755889,0.040685225,0.040685225,0.038543897,0.038543897
CHN,NEU,1,2,0.040685225,0.040685225,0.040685225,0.040685225,0.040685225,0.041755889,0.041755889,0.042826552,0.042826552,0.042826552,0.042826552,0.042826552,0.042826552,0.042826552,0.042826552,0.042826552,0.042826552,0.042826552,0.041755889,0.041755889,0.040685225,0.040685225,0.038543897,0.038543897
CHN,NEU,1,3,0.040685225,0.040685225,0.040685225,0.040685225,0.040685225,0.041755889,0.041755889,0.042826552,0.042826552,0.042826552,0.042826552,0.042826552,0.042826552,0.042826552,0.042826552,0.042826552,0.042826552,0.042826552,0.041755889,0.041755889,0.040685225,0.040685225,0.038543897,0.038543897
CHN,NEU,2,1,0.040685225,0.040685225,0.040685225,0.040685225,0.040685225,0.041755889,0.041755889,0.042826552,0.042826552,0.042826552,0.042826552,0.042826552,0.042826552,0.042826552,0.042826552,0.042826552,0.042826552,0.042826552,0.041755889,0.041755889,0.040685225,0.040685225,0.038543897,0.038543897
CHN,NEU,2,2,0.040685225,0.040685225,0.040685225,0.040685225,0.040685225,0.041755889,0.041755889,0.042826552,0.042826552,0.042826552,0.042826552,0.042826552,0.042826552,0.042826552,0.042826552,0.042826552,0.042826552,0.042826552,0.041755889,0.041755889,0.040685225,0.040685225,0.038543897,0.038543897
CHN,NEU,2,3,0.040685225,0.040685225,0.040685225,0.040685225,0.040685225,0.041755889,0.041755889,0.042826552,0.042826552,0.042826552,0.042826552,0.042826552,0.042826552,0.042826552,0.042826552,0.042826552,0.042826552,0.042826552,0.041755889,0.041755889,0.040685225,0.040685225,0.038543897,0.038543897
CHN,NEU,3,1,0.040685225,0.040685225,0.040685225,0.040685225,0.040685225,0.041755889,0.041755889,0.042826552,0.042826552,0.042826552,0.042826552,0.042826552,0.042826552,0.042826552,0.042826552,0.042826552,0.042826552,0.042826552,0.041755889,0.041755889,0.040685225,0.040685225,0.038543897,0.038543897
CHN,NEU,3,2,0.040685225,0.040685225,0.040685225,0.040685225,0.040685225,0.041755889,0.041755889,0.042826552,0.042826552,0.042826552,0.042826552,0.042826552,0.042826552,0.042826552,0.042826552,0.042826552,0.042826552,0.042826552,0.041755889,0.041755889,0.040685225,0.040685225,0.038543897,0.038543897
CHN,NEU,3,3,0.040685225,0.040685225,0.040685225,0.040685225,0.040685225,0.041755889,0.041755889,0.042826552,0.042826552,0.042826552,0.042826552,0.042826552,0.042826552,0.042826552,0.042826552,0.042826552,0.042826552,0.042826552,0.041755889,0.041755889,0.040685225,0.040685225,0.038543897,0.038543897
CHN,NEU,4,1,0.040685225,0.040685225,0.040685225,0.040685225,0.040685225,0.041755889,0.041755889,0.042826552,0.042826552,0.042826552,0.042826552,0.042826552,0.042826552,0.042826552,0.042826552,0.042826552,0.042826552,0.042826552,0.041755889,0.041755889,0.040685225,0.040685225,0.038543897,0.038543897
CHN,NEU,4,2,0.040685225,0.040685225,0.040685225,0.040685225,0.040685225,0.041755889,0.041755889,0.042826552,0.042826552,0.042826552,0.042826552,0.042826552,0.042826552,0.042826552,0.042826552,0.042826552,0.042826552,0.042826552,0.041755889,0.041755889,0.040685225,0.040685225,0.038543897,0.038543897
CHN,NEU,4,3,0.040685225,0.040685225,0.040685225,0.040685225,0.040685225,0.041755889,0.041755889,0.042826552,0.042826552,0.042826552,0.042826552,0.042826552,0.042826552,0.042826552,0.042826552,0.042826552,0.042826552,0.042826552,0.041755889,0.041755889,0.040685225,0.040685225,0.038543897,0.038543897
CHN,NEU,5,1,0.040685225,0.040685225,0.040685225,0.040685225,0.040685225,0.041755889,0.041755889,0.042826552,0.042826552,0.042826552,0.042826552,0.042826552,0.042826552,0.042826552,0.042826552,0.042826552,0.042826552,0.042826552,0.041755889,0.041755889,0.040685225,0.040685225,0.038543897,0.038543897
CHN,NEU,5,2,0.040685225,0.040685225,0.040685225,0.040685225,0.040685225,0.041755889,0.041755889,0.042826552,0.042826552,0.042826552,0.042826552,0.042826552,0.042826552,0.042826552,0.042826552,0.042826552,0.042826552,0.042826552,0.041755889,0.041755889,0.040685225,0.040685225,0.038543897,0.038543897
CHN,NEU,5,3,0.040685225,0.040685225,0.040685225,0.040685225,0.040685225,0.041755889,0.041755889,0.042826552,0.042826552,0.042826552,0.042826552,0.042826552,0.042826552,0.042826552,0.042826552,0.042826552,0.042826552,0.042826552,0.041755889,0.041755889,0.040685225,0.040685225,0.038543897,0.038543897
CHN,NEU,6,1,0.040685225,0.040685225,0.040685225,0.040685225,0.040685225,0.041755889,0.041755889,0.042826552,0.042826552,0.042826552,0.042826552,0.042826552,0.042826552,0.042826552,0.042826552,0.042826552,0.042826552,0.042826552,0.041755889,0.041755889,0.040685225,0.040685225,0.038543897,0.038543897
CHN,NEU,6,2,0.040685225,0.040685225,0.040685225,0.040685225,0.040685225,0.041755889,0.041755889,0.042826552,0.042826552,0.042826552,0.042826552,0.042826552,0.042826552,0.042826552,0.042826552,0.042826552,0.042826552,0.042826552,0.041755889,0.041755889,0.040685225,0.040685225,0.038543897,0.038543897
CHN,NEU,6,3,0.040685225,0.040685225,0.040685225,0.040685225,0.040685225,0.041755889,0.041755889,0.042826552,0.042826552,0.042826552,0.042826552,0.042826552,0.042826552,0.042826552,0.042826552,0.042826552,0.042826552,0.042826552,0.041755889,0.041755889,0.040685225,0.040685225,0.038543897,0.038543897
CHN,NEU,7,1,0.040685225,0.040685225,0.040685225,0.040685225,0.040685225,0.041755889,0.041755889,0.042826552,0.042826552,0.042826552,0.042826552,0.042826552,0.042826552,0.042826552,0.042826552,0.042826552,0.042826552,0.042826552,0.041755889,0.041755889,0.040685225,0.040685225,0.038543897,0.038543897
CHN,NEU,7,2,0.040685225,0.040685225,0.040685225,0.040685225,0.040685225,0.041755889,0.041755889,0.042826552,0.042826552,0.042826552,0.042826552,0.042826552,0.042826552,0.042826552,0.042826552,0.042826552,0.042826552,0.042826552,0.041755889,0.041755889,0.040685225,0.040685225,0.038543897,0.038543897
CHN,NEU,7,3,0.040685225,0.040685225,0.040685225,0.040685225,0.040685225,0.041755889,0.041755889,0.042826552,0.042826552,0.042826552,0.042826552,0.042826552,0.042826552,0.042826552,0.042826552,0.042826552,0.042826552,0.042826552,0.041755889,0.041755889,0.040685225,0.040685225,0.038543897,0.038543897
CHN,NEU,8,1,0.040685225,0.040685225,0.040685225,0.040685225,0.040685225,0.041755889,0.041755889,0.042826552,0.042826552,0.042826552,0.042826552,0.042826552,0.042826552,0.042826552,0.042826552,0.042826552,0.042826552,0.042826552,0.041755889,0.041755889,0.040685225,0.040685225,0.038543897,0.038543897
CHN,NEU,8,2,0.040685225,0.040685225,0.040685225,0.040685225,0.040685225,0.041755889,0.041755889,0.042826552,0.042826552,0.042826552,0.042826552,0.042826552,0.042826552,0.042826552,0.042826552,0.042826552,0.042826552,0.042826552,0.041755889,0.041755889,0.040685225,0.040685225,0.038543897,0.038543897
CHN,NEU,8,3,0.040685225,0.040685225,0.040685225,0.040685225,0.040685225,0.041755889,0.041755889,0.042826552,0.042826552,0.042826552,0.042826552,0.042826552,0.042826552,0.042826552,0.042826552,0.042826552,0.042826552,0.042826552,0.041755889,0.041755889,0.040685225,0.040685225,0.038543897,0.038543897
CHN,NEU,9,1,0.040685225,0.040685225,0.040685225,0.040685225,0.040685225,0.041755889,0.041755889,0.042826552,0.042826552,0.042826552,0.042826552,0.042826552,0.042826552,0.042826552,0.042826552,0.042826552,0.042826552,0.042826552,0.041755889,0.041755889,0.040685225,0.040685225,0.038543897,0.038543897
CHN,NEU,9,2,0.040685225,0.040685225,0.040685225,0.040685225,0.040685225,0.041755889,0.041755889,0.042826552,0.042826552,0.042826552,0.042826552,0.042826552,0.042826552,0.042826552,0.042826552,0.042826552,0.042826552,0.042826552,0.041755889,0.041755889,0.040685225,0.040685225,0.038543897,0.038543897
CHN,NEU,9,3,0.040685225,0.040685225,0.040685225,0.040685225,0.040685225,0.041755889,0.041755889,0.042826552,0.042826552,0.042826552,0.042826552,0.042826552,0.042826552,0.042826552,0.042826552,0.042826552,0.042826552,0.042826552,0.041755889,0.041755889,0.040685225,0.040685225,0.038543897,0.038543897
CHN,NEU,10,1,0.040685225,0.040685225,0.040685225,0.040685225,0.040685225,0.041755889,0.041755889,0.042826552,0.042826552,0.042826552,0.042826552,0.042826552,0.042826552,0.042826552,0.042826552,0.042826552,0.042826552,0.042826552,0.041755889,0.041755889,0.040685225,0.040685225,0.038543897,0.038543897
CHN,NEU,10,2,0.040685225,0.040685225,0.040685225,0.040685225,0.040685225,0.041755889,0.041755889,0.042826552,0.042826552,0.042826552,0.042826552,0.042826552,0.042826552,0.042826552,0.042826552,0.042826552,0.042826552,0.042826552,0.041755889,0.041755889,0.040685225,0.040685225,0.038543897,0.038543897
CHN,NEU,10,3,0.040685225,0.040685225,0.040685225,0.040685225,0.040685225,0.041755889,0.041755889,0.042826552,0.042826552,0.042826552,0.042826552,0.042826552,0.042826552,0.042826552,0.042826552,0.042826552,0.042826552,0.042826552,0.041755889,0.041755889,0.040685225,0.040685225,0.038543897,0.038543897
CHN,NEU,11,1,0.040685225,0.040685225,0.040685225,0.040685225,0.040685225,0.041755889,0.041755889,0.042826552,0.042826552,0.042826552,0.042826552,0.042826552,0.042826552,0.042826552,0.042826552,0.042826552,0.042826552,0.042826552,0.041755889,0.041755889,0.040685225,0.040685225,0.038543897,0.038543897
CHN,NEU,11,2,0.040685225,0.040685225,0.040685225,0.040685225,0.040685225,0.041755889,0.041755889,0.042826552,0.042826552,0.042826552,0.042826552,0.042826552,0.042826552,0.042826552,0.042826552,0.042826552,0.042826552,0.042826552,0.041755889,0.041755889,0.040685225,0.040685225,0.038543897,0.038543897
CHN,NEU,11,3,0.040685225,0.040685225,0.040685225,0.040685225,0.040685225,0.041755889,0.041755889,0.042826552,0.042826552,0.042826552,0.042826552,0.042826552,0.042826552,0.042826552,0.042826552,0.042826552,0.042826552,0.042826552,0.041755889,0.041755889,0.040685225,0.040685225,0.038543897,0.038543897
CHN,NEU,12,1,0.040685225,0.040685225,0.040685225,0.040685225,0.040685225,0.041755889,0.041755889,0.042826552,0.042826552,0.042826552,0.042826552,0.042826552,0.042826552,0.042826552,0.042826552,0.042826552,0.042826552,0.042826552,0.041755889,0.041755889,0.040685225,0.040685225,0.038543897,0.038543897
CHN,NEU,12,2,0.040685225,0.040685225,0.040685225,0.040685225,0.040685225,0.041755889,0.041755889,0.042826552,0.042826552,0.042826552,0.042826552,0.042826552,0.042826552,0.042826552,0.042826552,0.042826552,0.042826552,0.042826552,0.041755889,0.041755889,0.040685225,0.040685225,0.038543897,0.038543897
CHN,NEU,12,3,0.040685225,0.040685225,0.040685225,0.040685225,0.040685225,0.041755889,0.041755889,0.042826552,0.042826552,0.042826552,0.042826552,0.042826552,0.042826552,0.042826552,0.042826552,0.042826552,0.042826552,0.042826552,0.041755889,0.041755889,0.040685225,0.040685225,0.038543897,0.038543897
CHN,NFE,1,1,0.036036036,0.038288288,0.038288288,0.040540541,0.040540541,0.042792793,0.042792793,0.045045045,0.045045045,0.045045045,0.045045045,0.045045045,0.045045045,0.045045045,0.045045045,0.045045045,0.042792793,0.042792793,0.040540541,0.040540541,0.038288288,0.038288288,0.036036036,0.036036036
CHN,NFE,1,2,0.036036036,0.038288288,0.038288288,0.040540541,0.040540541,0.042792793,0.042792793,0.045045045,0.045045045,0.045045045,0.045045045,0.045045045,0.045045045,0.045045045,0.045045045,0.045045045,0.042792793,0.042792793,0.040540541,0.040540541,0.038288288,0.038288288,0.036036036,0.036036036
CHN,NFE,1,3,0.036036036,0.038288288,0.038288288,0.040540541,0.040540541,0.042792793,0.042792793,0.045045045,0.045045045,0.045045045,0.045045045,0.045045045,0.045045045,0.045045045,0.045045045,0.045045045,0.042792793,0.042792793,0.040540541,0.040540541,0.038288288,0.038288288,0.036036036,0.036036036
CHN,NFE,2,1,0.036036036,0.038288288,0.038288288,0.040540541,0.040540541,0.042792793,0.042792793,0.045045045,0.045045045,0.045045045,0.045045045,0.045045045,0.045045045,0.045045045,0.045045045,0.045045045,0.042792793,0.042792793,0.040540541,0.040540541,0.038288288,0.038288288,0.036036036,0.036036036
CHN,NFE,2,2,0.036036036,0.038288288,0.038288288,0.040540541,0.040540541,0.042792793,0.042792793,0.045045045,0.045045045,0.045045045,0.045045045,0.045045045,0.045045045,0.045045045,0.045045045,0.045045045,0.042792793,0.042792793,0.040540541,0.040540541,0.038288288,0.038288288,0.036036036,0.036036036
CHN,NFE,2,3,0.036036036,0.038288288,0.038288288,0.040540541,0.040540541,0.042792793,0.042792793,0.045045045,0.045045045,0.045045045,0.045045045,0.045045045,0.045045045,0.045045045,0.045045045,0.045045045,0.042792793,0.042792793,0.040540541,0.040540541,0.038288288,0.038288288,0.036036036,0.036036036
CHN,NFE,3,1,0.036036036,0.038288288,0.038288288,0.040540541,0.040540541,0.042792793,0.042792793,0.045045045,0.045045045,0.045045045,0.045045045,0.045045045,0.045045045,0.045045045,0.045045045,0.045045045,0.042792793,0.042792793,0.040540541,0.040540541,0.038288288,0.038288288,0.036036036,0.036036036
CHN,NFE,3,2,0.036036036,0.038288288,0.038288288,0.040540541,0.040540541,0.042792793,0.042792793,0.045045045,0.045045045,0.045045045,0.045045045,0.045045045,0.045045045,0.045045045,0.045045045,0.045045045,0.042792793,0.042792793,0.040540541,0.040540541,0.038288288,0.038288288,0.036036036,0.036036036
CHN,NFE,3,3,0.036036036,0.038288288,0.038288288,0.040540541,0.040540541,0.042792793,0.042792793,0.045045045,0.045045045,0.045045045,0.045045045,0.045045045,0.045045045,0.045045045,0.045045045,0.045045045,0.042792793,0.042792793,0.040540541,0.040540541,0.038288288,0.038288288,0.036036036,0.036036036
CHN,NFE,4,1,0.036036036,0.038288288,0.038288288,0.040540541,0.040540541,0.042792793,0.042792793,0.045045045,0.045045045,0.045045045,0.045045045,0.045045045,0.045045045,0.045045045,0.045045045,0.045045045,0.042792793,0.042792793,0.040540541,0.040540541,0.038288288,0.038288288,0.036036036,0.036036036
CHN,NFE,4,2,0.036036036,0.038288288,0.038288288,0.040540541,0.040540541,0.042792793,0.042792793,0.045045045,0.045045045,0.045045045,0.045045045,0.045045045,0.045045045,0.045045045,0.045045045,0.045045045,0.042792793,0.042792793,0.040540541,0.040540541,0.038288288,0.038288288,0.036036036,0.036036036
CHN,NFE,4,3,0.036036036,0.038288288,0.038288288,0.040540541,0.040540541,0.042792793,0.042792793,0.045045045,0.045045045,0.045045045,0.045045045,0.045045045,0.045045045,0.045045045,0.045045045,0.045045045,0.042792793,0.042792793,0.040540541,0.040540541,0.038288288,0.038288288,0.036036036,0.036036036
CHN,NFE,5,1,0.036036036,0.038288288,0.038288288,0.040540541,0.040540541,0.042792793,0.042792793,0.045045045,0.045045045,0.045045045,0.045045045,0.045045045,0.045045045,0.045045045,0.045045045,0.045045045,0.042792793,0.042792793,0.040540541,0.040540541,0.038288288,0.038288288,0.036036036,0.036036036
CHN,NFE,5,2,0.036036036,0.038288288,0.038288288,0.040540541,0.040540541,0.042792793,0.042792793,0.045045045,0.045045045,0.045045045,0.045045045,0.045045045,0.045045045,0.045045045,0.045045045,0.045045045,0.042792793,0.042792793,0.040540541,0.040540541,0.038288288,0.038288288,0.036036036,0.036036036
CHN,NFE,5,3,0.036036036,0.038288288,0.038288288,0.040540541,0.040540541,0.042792793,0.042792793,0.045045045,0.045045045,0.045045045,0.045045045,0.045045045,0.045045045,0.045045045,0.045045045,0.045045045,0.042792793,0.042792793,0.040540541,0.040540541,0.038288288,0.038288288,0.036036036,0.036036036
CHN,NFE,6,1,0.036036036,0.038288288,0.038288288,0.040540541,0.040540541,0.042792793,0.042792793,0.045045045,0.045045045,0.045045045,0.045045045,0.045045045,0.045045045,0.045045045,0.045045045,0.045045045,0.042792793,0.042792793,0.040540541,0.040540541,0.038288288,0.038288288,0.036036036,0.036036036
CHN,NFE,6,2,0.036036036,0.038288288,0.038288288,0.040540541,0.040540541,0.042792793,0.042792793,0.045045045,0.045045045,0.045045045,0.045045045,0.045045045,0.045045045,0.045045045,0.045045045,0.045045045,0.042792793,0.042792793,0.040540541,0.040540541,0.038288288,0.038288288,0.036036036,0.036036036
CHN,NFE,6,3,0.036036036,0.038288288,0.038288288,0.040540541,0.040540541,0.042792793,0.042792793,0.045045045,0.045045045,0.045045045,0.045045045,0.045045045,0.045045045,0.045045045,0.045045045,0.045045045,0.042792793,0.042792793,0.040540541,0.040540541,0.038288288,0.038288288,0.036036036,0.036036036
CHN,NFE,7,1,0.036036036,0.038288288,0.038288288,0.040540541,0.040540541,0.042792793,0.042792793,0.045045045,0.045045045,0.045045045,0.045045045,0.045045045,0.045045045,0.045045045,0.045045045,0.045045045,0.042792793,0.042792793,0.040540541,0.040540541,0.038288288,0.038288288,0.036036036,0.036036036
CHN,NFE,7,2,0.036036036,0.038288288,0.038288288,0.040540541,0.040540541,0.042792793,0.042792793,0.045045045,0.045045045,0.045045045,0.045045045,0.045045045,0.045045045,0.045045045,0.045045045,0.045045045,0.042792793,0.042792793,0.040540541,0.040540541,0.038288288,0.038288288,0.036036036,0.036036036
CHN,NFE,7,3,0.036036036,0.038288288,0.038288288,0.040540541,0.040540541,0.042792793,0.042792793,0.045045045,0.045045045,0.045045045,0.045045045,0.045045045,0.045045045,0.045045045,0.045045045,0.045045045,0.042792793,0.042792793,0.040540541,0.040540541,0.038288288,0.038288288,0.036036036,0.036036036
CHN,NFE,8,1,0.036036036,0.038288288,0.038288288,0.040540541,0.040540541,0.042792793,0.042792793,0.045045045,0.045045045,0.045045045,0.045045045,0.045045045,0.045045045,0.045045045,0.045045045,0.045045045,0.042792793,0.042792793,0.040540541,0.040540541,0.038288288,0.038288288,0.036036036,0.036036036
CHN,NFE,8,2,0.036036036,0.038288288,0.038288288,0.040540541,0.040540541,0.042792793,0.042792793,0.045045045,0.045045045,0.045045045,0.045045045,0.045045045,0.045045045,0.045045045,0.045045045,0.045045045,0.042792793,0.042792793,0.040540541,0.040540541,0.038288288,0.038288288,0.036036036,0.036036036
CHN,NFE,8,3,0.036036036,0.038288288,0.038288288,0.040540541,0.040540541,0.042792793,0.042792793,0.045045045,0.045045045,0.045045045,0.045045045,0.045045045,0.045045045,0.045045045,0.045045045,0.045045045,0.042792793,0.042792793,0.040540541,0.040540541,0.038288288,0.038288288,0.036036036,0.036036036
CHN,NFE,9,1,0.036036036,0.038288288,0.038288288,0.040540541,0.040540541,0.042792793,0.042792793,0.045045045,0.045045045,0.045045045,0.045045045,0.045045045,0.045045045,0.045045045,0.045045045,0.045045045,0.042792793,0.042792793,0.040540541,0.040540541,0.038288288,0.038288288,0.036036036,0.036036036
CHN,NFE,9,2,0.036036036,0.038288288,0.038288288,0.040540541,0.040540541,0.042792793,0.042792793,0.045045045,0.045045045,0.045045045,0.045045045,0.045045045,0.045045045,0.045045045,0.045045045,0.045045045,0.042792793,0.042792793,0.040540541,0.040540541,0.038288288,0.038288288,0.036036036,0.036036036
CHN,NFE,9,3,0.036036036,0.038288288,0.038288288,0.040540541,0.040540541,0.042792793,0.042792793,0.045045045,0.045045045,0.045045045,0.045045045,0.045045045,0.045045045,0.045045045,0.045045045,0.045045045,0.042792793,0.042792793,0.040540541,0.040540541,0.038288288,0.038288288,0.036036036,0.036036036
CHN,NFE,10,1,0.036036036,0.038288288,0.038288288,0.040540541,0.040540541,0.042792793,0.042792793,0.045045045,0.045045045,0.045045045,0.045045045,0.045045045,0.045045045,0.045045045,0.045045045,0.045045045,0.042792793,0.042792793,0.040540541,0.040540541,0.038288288,0.038288288,0.036036036,0.036036036
CHN,NFE,10,2,0.036036036,0.038288288,0.038288288,0.040540541,0.040540541,0.042792793,0.042792793,0.045045045,0.045045045,0.045045045,0.045045045,0.045045045,0.045045045,0.045045045,0.045045045,0.045045045,0.042792793,0.042792793,0.040540541,0.040540541,0.038288288,0.038288288,0.036036036,0.036036036
CHN,NFE,10,3,0.036036036,0.038288288,0.038288288,0.040540541,0.040540541,0.042792793,0.042792793,0.045045045,0.045045045,0.045045045,0.045045045,0.045045045,0.045045045,0.045045045,0.045045045,0.045045045,0.042792793,0.042792793,0.040540541,0.040540541,0.038288288,0.038288288,0.036036036,0.036036036
CHN,NFE,11,1,0.036036036,0.038288288,0.038288288,0.040540541,0.040540541,0.042792793,0.042792793,0.045045045,0.045045045,0.045045045,0.045045045,0.045045045,0.045045045,0.045045045,0.045045045,0.045045045,0.042792793,0.042792793,0.040540541,0.040540541,0.038288288,0.038288288,0.036036036,0.036036036
CHN,NFE,11,2,0.036036036,0.038288288,0.038288288,0.040540541,0.040540541,0.042792793,0.042792793,0.045045045,0.045045045,0.045045045,0.045045045,0.045045045,0.045045045,0.045045045,0.045045045,0.045045045,0.042792793,0.042792793,0.040540541,0.040540541,0.038288288,0.038288288,0.036036036,0.036036036
CHN,NFE,11,3,0.036036036,0.038288288,0.038288288,0.040540541,0.040540541,0.042792793,0.042792793,0.045045045,0.045045045,0.045045045,0.045045045,0.045045045,0.045045045,0.045045045,0.045045045,0.045045045,0.042792793,0.042792793,0.040540541,0.040540541,0.038288288,0.038288288,0.036036036,0.036036036
CHN,NFE,12,1,0.036036036,0.038288288,0.038288288,0.040540541,0.040540541,0.042792793,0.042792793,0.045045045,0.045045045,0.045045045,0.045045045,0.045045045,0.045045045,0.045045045,0.045045045,0.045045045,0.042792793,0.042792793,0.040540541,0.040540541,0.038288288,0.038288288,0.036036036,0.036036036
CHN,NFE,12,2,0.036036036,0.038288288,0.038288288,0.040540541,0.040540541,0.042792793,0.042792793,0.045045045,0.045045045,0.045045045,0.045045045,0.045045045,0.045045045,0.045045045,0.045045045,0.045045045,0.042792793,0.042792793,0.040540541,0.040540541,0.038288288,0.038288288,0.036036036,0.036036036
CHN,NFE,12,3,0.036036036,0.038288288,0.038288288,0.040540541,0.040540541,0.042792793,0.042792793,0.045045045,0.045045045,0.045045045,0.045045045,0.045045045,0.045045045,0.045045045,0.045045045,0.045045045,0.042792793,0.042792793,0.040540541,0.040540541,0.038288288,0.038288288,0.036036036,0.036036036
CHN,NMM,1,1,0.036036036,0.038288288,0.038288288,0.040540541,0.040540541,0.042792793,0.042792793,0.045045045,0.045045045,0.045045045,0.045045045,0.045045045,0.045045045,0.045045045,0.045045045,0.045045045,0.042792793,0.042792793,0.040540541,0.040540541,0.038288288,0.038288288,0.036036036,0.036036036
CHN,NMM,1,2,0.036036036,0.038288288,0.038288288,0.040540541,0.040540541,0.042792793,0.042792793,0.045045045,0.045045045,0.045045045,0.045045045,0.045045045,0.045045045,0.045045045,0.045045045,0.045045045,0.042792793,0.042792793,0.040540541,0.040540541,0.038288288,0.038288288,0.036036036,0.036036036
CHN,NMM,1,3,0.036036036,0.038288288,0.038288288,0.040540541,0.040540541,0.042792793,0.042792793,0.045045045,0.045045045,0.045045045,0.045045045,0.045045045,0.045045045,0.045045045,0.045045045,0.045045045,0.042792793,0.042792793,0.040540541,0.040540541,0.038288288,0.038288288,0.036036036,0.036036036
CHN,NMM,2,1,0.036036036,0.038288288,0.038288288,0.040540541,0.040540541,0.042792793,0.042792793,0.045045045,0.045045045,0.045045045,0.045045045,0.045045045,0.045045045,0.045045045,0.045045045,0.045045045,0.042792793,0.042792793,0.040540541,0.040540541,0.038288288,0.038288288,0.036036036,0.036036036
CHN,NMM,2,2,0.036036036,0.038288288,0.038288288,0.040540541,0.040540541,0.042792793,0.042792793,0.045045045,0.045045045,0.045045045,0.045045045,0.045045045,0.045045045,0.045045045,0.045045045,0.045045045,0.042792793,0.042792793,0.040540541,0.040540541,0.038288288,0.038288288,0.036036036,0.036036036
CHN,NMM,2,3,0.036036036,0.038288288,0.038288288,0.040540541,0.040540541,0.042792793,0.042792793,0.045045045,0.045045045,0.045045045,0.045045045,0.045045045,0.045045045,0.045045045,0.045045045,0.045045045,0.042792793,0.042792793,0.040540541,0.040540541,0.038288288,0.038288288,0.036036036,0.036036036
CHN,NMM,3,1,0.036036036,0.038288288,0.038288288,0.040540541,0.040540541,0.042792793,0.042792793,0.045045045,0.045045045,0.045045045,0.045045045,0.045045045,0.045045045,0.045045045,0.045045045,0.045045045,0.042792793,0.042792793,0.040540541,0.040540541,0.038288288,0.038288288,0.036036036,0.036036036
CHN,NMM,3,2,0.036036036,0.038288288,0.038288288,0.040540541,0.040540541,0.042792793,0.042792793,0.045045045,0.045045045,0.045045045,0.045045045,0.045045045,0.045045045,0.045045045,0.045045045,0.045045045,0.042792793,0.042792793,0.040540541,0.040540541,0.038288288,0.038288288,0.036036036,0.036036036
CHN,NMM,3,3,0.036036036,0.038288288,0.038288288,0.040540541,0.040540541,0.042792793,0.042792793,0.045045045,0.045045045,0.045045045,0.045045045,0.045045045,0.045045045,0.045045045,0.045045045,0.045045045,0.042792793,0.042792793,0.040540541,0.040540541,0.038288288,0.038288288,0.036036036,0.036036036
CHN,NMM,4,1,0.036036036,0.038288288,0.038288288,0.040540541,0.040540541,0.042792793,0.042792793,0.045045045,0.045045045,0.045045045,0.045045045,0.045045045,0.045045045,0.045045045,0.045045045,0.045045045,0.042792793,0.042792793,0.040540541,0.040540541,0.038288288,0.038288288,0.036036036,0.036036036
CHN,NMM,4,2,0.036036036,0.038288288,0.038288288,0.040540541,0.040540541,0.042792793,0.042792793,0.045045045,0.045045045,0.045045045,0.045045045,0.045045045,0.045045045,0.045045045,0.045045045,0.045045045,0.042792793,0.042792793,0.040540541,0.040540541,0.038288288,0.038288288,0.036036036,0.036036036
CHN,NMM,4,3,0.036036036,0.038288288,0.038288288,0.040540541,0.040540541,0.042792793,0.042792793,0.045045045,0.045045045,0.045045045,0.045045045,0.045045045,0.045045045,0.045045045,0.045045045,0.045045045,0.042792793,0.042792793,0.040540541,0.040540541,0.038288288,0.038288288,0.036036036,0.036036036
CHN,NMM,5,1,0.036036036,0.038288288,0.038288288,0.040540541,0.040540541,0.042792793,0.042792793,0.045045045,0.045045045,0.045045045,0.045045045,0.045045045,0.045045045,0.045045045,0.045045045,0.045045045,0.042792793,0.042792793,0.040540541,0.040540541,0.038288288,0.038288288,0.036036036,0.036036036
CHN,NMM,5,2,0.036036036,0.038288288,0.038288288,0.040540541,0.040540541,0.042792793,0.042792793,0.045045045,0.045045045,0.045045045,0.045045045,0.045045045,0.045045045,0.045045045,0.045045045,0.045045045,0.042792793,0.042792793,0.040540541,0.040540541,0.038288288,0.038288288,0.036036036,0.036036036
CHN,NMM,5,3,0.036036036,0.038288288,0.038288288,0.040540541,0.040540541,0.042792793,0.042792793,0.045045045,0.045045045,0.045045045,0.045045045,0.045045045,0.045045045,0.045045045,0.045045045,0.045045045,0.042792793,0.042792793,0.040540541,0.040540541,0.038288288,0.038288288,0.036036036,0.036036036
CHN,NMM,6,1,0.036036036,0.038288288,0.038288288,0.040540541,0.040540541,0.042792793,0.042792793,0.045045045,0.045045045,0.045045045,0.045045045,0.045045045,0.045045045,0.045045045,0.045045045,0.045045045,0.042792793,0.042792793,0.040540541,0.040540541,0.038288288,0.038288288,0.036036036,0.036036036
CHN,NMM,6,2,0.036036036,0.038288288,0.038288288,0.040540541,0.040540541,0.042792793,0.042792793,0.045045045,0.045045045,0.045045045,0.045045045,0.045045045,0.045045045,0.045045045,0.045045045,0.045045045,0.042792793,0.042792793,0.040540541,0.040540541,0.038288288,0.038288288,0.036036036,0.036036036
CHN,NMM,6,3,0.036036036,0.038288288,0.038288288,0.040540541,0.040540541,0.042792793,0.042792793,0.045045045,0.045045045,0.045045045,0.045045045,0.045045045,0.045045045,0.045045045,0.045045045,0.045045045,0.042792793,0.042792793,0.040540541,0.040540541,0.038288288,0.038288288,0.036036036,0.036036036
CHN,NMM,7,1,0.036036036,0.038288288,0.038288288,0.040540541,0.040540541,0.042792793,0.042792793,0.045045045,0.045045045,0.045045045,0.045045045,0.045045045,0.045045045,0.045045045,0.045045045,0.045045045,0.042792793,0.042792793,0.040540541,0.040540541,0.038288288,0.038288288,0.036036036,0.036036036
CHN,NMM,7,2,0.036036036,0.038288288,0.038288288,0.040540541,0.040540541,0.042792793,0.042792793,0.045045045,0.045045045,0.045045045,0.045045045,0.045045045,0.045045045,0.045045045,0.045045045,0.045045045,0.042792793,0.042792793,0.040540541,0.040540541,0.038288288,0.038288288,0.036036036,0.036036036
CHN,NMM,7,3,0.036036036,0.038288288,0.038288288,0.040540541,0.040540541,0.042792793,0.042792793,0.045045045,0.045045045,0.045045045,0.045045045,0.045045045,0.045045045,0.045045045,0.045045045,0.045045045,0.042792793,0.042792793,0.040540541,0.040540541,0.038288288,0.038288288,0.036036036,0.036036036
CHN,NMM,8,1,0.036036036,0.038288288,0.038288288,0.040540541,0.040540541,0.042792793,0.042792793,0.045045045,0.045045045,0.045045045,0.045045045,0.045045045,0.045045045,0.045045045,0.045045045,0.045045045,0.042792793,0.042792793,0.040540541,0.040540541,0.038288288,0.038288288,0.036036036,0.036036036
CHN,NMM,8,2,0.036036036,0.038288288,0.038288288,0.040540541,0.040540541,0.042792793,0.042792793,0.045045045,0.045045045,0.045045045,0.045045045,0.045045045,0.045045045,0.045045045,0.045045045,0.045045045,0.042792793,0.042792793,0.040540541,0.040540541,0.038288288,0.038288288,0.036036036,0.036036036
CHN,NMM,8,3,0.036036036,0.038288288,0.038288288,0.040540541,0.040540541,0.042792793,0.042792793,0.045045045,0.045045045,0.045045045,0.045045045,0.045045045,0.045045045,0.045045045,0.045045045,0.045045045,0.042792793,0.042792793,0.040540541,0.040540541,0.038288288,0.038288288,0.036036036,0.036036036
CHN,NMM,9,1,0.036036036,0.038288288,0.038288288,0.040540541,0.040540541,0.042792793,0.042792793,0.045045045,0.045045045,0.045045045,0.045045045,0.045045045,0.045045045,0.045045045,0.045045045,0.045045045,0.042792793,0.042792793,0.040540541,0.040540541,0.038288288,0.038288288,0.036036036,0.036036036
CHN,NMM,9,2,0.036036036,0.038288288,0.038288288,0.040540541,0.040540541,0.042792793,0.042792793,0.045045045,0.045045045,0.045045045,0.045045045,0.045045045,0.045045045,0.045045045,0.045045045,0.045045045,0.042792793,0.042792793,0.040540541,0.040540541,0.038288288,0.038288288,0.036036036,0.036036036
CHN,NMM,9,3,0.036036036,0.038288288,0.038288288,0.040540541,0.040540541,0.042792793,0.042792793,0.045045045,0.045045045,0.045045045,0.045045045,0.045045045,0.045045045,0.045045045,0.045045045,0.045045045,0.042792793,0.042792793,0.040540541,0.040540541,0.038288288,0.038288288,0.036036036,0.036036036
CHN,NMM,10,1,0.036036036,0.038288288,0.038288288,0.040540541,0.040540541,0.042792793,0.042792793,0.045045045,0.045045045,0.045045045,0.045045045,0.045045045,0.045045045,0.045045045,0.045045045,0.045045045,0.042792793,0.042792793,0.040540541,0.040540541,0.038288288,0.038288288,0.036036036,0.036036036
CHN,NMM,10,2,0.036036036,0.038288288,0.038288288,0.040540541,0.040540541,0.042792793,0.042792793,0.045045045,0.045045045,0.045045045,0.045045045,0.045045045,0.045045045,0.045045045,0.045045045,0.045045045,0.042792793,0.042792793,0.040540541,0.040540541,0.038288288,0.038288288,0.036036036,0.036036036
CHN,NMM,10,3,0.036036036,0.038288288,0.038288288,0.040540541,0.040540541,0.042792793,0.042792793,0.045045045,0.045045045,0.045045045,0.045045045,0.045045045,0.045045045,0.045045045,0.045045045,0.045045045,0.042792793,0.042792793,0.040540541,0.040540541,0.038288288,0.038288288,0.036036036,0.036036036
CHN,NMM,11,1,0.036036036,0.038288288,0.038288288,0.040540541,0.040540541,0.042792793,0.042792793,0.045045045,0.045045045,0.045045045,0.045045045,0.045045045,0.045045045,0.045045045,0.045045045,0.045045045,0.042792793,0.042792793,0.040540541,0.040540541,0.038288288,0.038288288,0.036036036,0.036036036
CHN,NMM,11,2,0.036036036,0.038288288,0.038288288,0.040540541,0.040540541,0.042792793,0.042792793,0.045045045,0.045045045,0.045045045,0.045045045,0.045045045,0.045045045,0.045045045,0.045045045,0.045045045,0.042792793,0.042792793,0.040540541,0.040540541,0.038288288,0.038288288,0.036036036,0.036036036
CHN,NMM,11,3,0.036036036,0.038288288,0.038288288,0.040540541,0.040540541,0.042792793,0.042792793,0.045045045,0.045045045,0.045045045,0.045045045,0.045045045,0.045045045,0.045045045,0.045045045,0.045045045,0.042792793,0.042792793,0.040540541,0.040540541,0.038288288,0.038288288,0.036036036,0.036036036
CHN,NMM,12,1,0.036036036,0.038288288,0.038288288,0.040540541,0.040540541,0.042792793,0.042792793,0.045045045,0.045045045,0.045045045,0.045045045,0.045045045,0.045045045,0.045045045,0.045045045,0.045045045,0.042792793,0.042792793,0.040540541,0.040540541,0.038288288,0.038288288,0.036036036,0.036036036
CHN,NMM,12,2,0.036036036,0.038288288,0.038288288,0.040540541,0.040540541,0.042792793,0.042792793,0.045045045,0.045045045,0.045045045,0.045045045,0.045045045,0.045045045,0.045045045,0.045045045,0.045045045,0.042792793,0.042792793,0.040540541,0.040540541,0.038288288,0.038288288,0.036036036,0.036036036
CHN,NMM,12,3,0.036036036,0.038288288,0.038288288,0.040540541,0.040540541,0.042792793,0.042792793,0.045045045,0.045045045,0.045045045,0.045045045,0.045045045,0.045045045,0.045045045,0.045045045,0.045045045,0.042792793,0.042792793,0.040540541,0.040540541,0.038288288,0.038288288,0.036036036,0.036036036
CHN,PAP,1,1,0.036036036,0.038288288,0.038288288,0.040540541,0.040540541,0.042792793,0.042792793,0.045045045,0.045045045,0.045045045,0.045045045,0.045045045,0.045045045,0.045045045,0.045045045,0.045045045,0.042792793,0.042792793,0.040540541,0.040540541,0.038288288,0.038288288,0.036036036,0.036036036
CHN,PAP,1,2,0.036036036,0.038288288,0.038288288,0.040540541,0.040540541,0.042792793,0.042792793,0.045045045,0.045045045,0.045045045,0.045045045,0.045045045,0.045045045,0.045045045,0.045045045,0.045045045,0.042792793,0.042792793,0.040540541,0.040540541,0.038288288,0.038288288,0.036036036,0.036036036
CHN,PAP,1,3,0.036036036,0.038288288,0.038288288,0.040540541,0.040540541,0.042792793,0.042792793,0.045045045,0.045045045,0.045045045,0.045045045,0.045045045,0.045045045,0.045045045,0.045045045,0.045045045,0.042792793,0.042792793,0.040540541,0.040540541,0.038288288,0.038288288,0.036036036,0.036036036
CHN,PAP,2,1,0.036036036,0.038288288,0.038288288,0.040540541,0.040540541,0.042792793,0.042792793,0.045045045,0.045045045,0.045045045,0.045045045,0.045045045,0.045045045,0.045045045,0.045045045,0.045045045,0.042792793,0.042792793,0.040540541,0.040540541,0.038288288,0.038288288,0.036036036,0.036036036
CHN,PAP,2,2,0.036036036,0.038288288,0.038288288,0.040540541,0.040540541,0.042792793,0.042792793,0.045045045,0.045045045,0.045045045,0.045045045,0.045045045,0.045045045,0.045045045,0.045045045,0.045045045,0.042792793,0.042792793,0.040540541,0.040540541,0.038288288,0.038288288,0.036036036,0.036036036
CHN,PAP,2,3,0.036036036,0.038288288,0.038288288,0.040540541,0.040540541,0.042792793,0.042792793,0.045045045,0.045045045,0.045045045,0.045045045,0.045045045,0.045045045,0.045045045,0.045045045,0.045045045,0.042792793,0.042792793,0.040540541,0.040540541,0.038288288,0.038288288,0.036036036,0.036036036
CHN,PAP,3,1,0.036036036,0.038288288,0.038288288,0.040540541,0.040540541,0.042792793,0.042792793,0.045045045,0.045045045,0.045045045,0.045045045,0.045045045,0.045045045,0.045045045,0.045045045,0.045045045,0.042792793,0.042792793,0.040540541,0.040540541,0.038288288,0.038288288,0.036036036,0.036036036
CHN,PAP,3,2,0.036036036,0.038288288,0.038288288,0.040540541,0.040540541,0.042792793,0.042792793,0.045045045,0.045045045,0.045045045,0.045045045,0.045045045,0.045045045,0.045045045,0.045045045,0.045045045,0.042792793,0.042792793,0.040540541,0.040540541,0.038288288,0.038288288,0.036036036,0.036036036
CHN,PAP,3,3,0.036036036,0.038288288,0.038288288,0.040540541,0.040540541,0.042792793,0.042792793,0.045045045,0.045045045,0.045045045,0.045045045,0.045045045,0.045045045,0.045045045,0.045045045,0.045045045,0.042792793,0.042792793,0.040540541,0.040540541,0.038288288,0.038288288,0.036036036,0.036036036
CHN,PAP,4,1,0.036036036,0.038288288,0.038288288,0.040540541,0.040540541,0.042792793,0.042792793,0.045045045,0.045045045,0.045045045,0.045045045,0.045045045,0.045045045,0.045045045,0.045045045,0.045045045,0.042792793,0.042792793,0.040540541,0.040540541,0.038288288,0.038288288,0.036036036,0.036036036
CHN,PAP,4,2,0.036036036,0.038288288,0.038288288,0.040540541,0.040540541,0.042792793,0.042792793,0.045045045,0.045045045,0.045045045,0.045045045,0.045045045,0.045045045,0.045045045,0.045045045,0.045045045,0.042792793,0.042792793,0.040540541,0.040540541,0.038288288,0.038288288,0.036036036,0.036036036
CHN,PAP,4,3,0.036036036,0.038288288,0.038288288,0.040540541,0.040540541,0.042792793,0.042792793,0.045045045,0.045045045,0.045045045,0.045045045,0.045045045,0.045045045,0.045045045,0.045045045,0.045045045,0.042792793,0.042792793,0.040540541,0.040540541,0.038288288,0.038288288,0.036036036,0.036036036
CHN,PAP,5,1,0.036036036,0.038288288,0.038288288,0.040540541,0.040540541,0.042792793,0.042792793,0.045045045,0.045045045,0.045045045,0.045045045,0.045045045,0.045045045,0.045045045,0.045045045,0.045045045,0.042792793,0.042792793,0.040540541,0.040540541,0.038288288,0.038288288,0.036036036,0.036036036
CHN,PAP,5,2,0.036036036,0.038288288,0.038288288,0.040540541,0.040540541,0.042792793,0.042792793,0.045045045,0.045045045,0.045045045,0.045045045,0.045045045,0.045045045,0.045045045,0.045045045,0.045045045,0.042792793,0.042792793,0.040540541,0.040540541,0.038288288,0.038288288,0.036036036,0.036036036
CHN,PAP,5,3,0.036036036,0.038288288,0.038288288,0.040540541,0.040540541,0.042792793,0.042792793,0.045045045,0.045045045,0.045045045,0.045045045,0.045045045,0.045045045,0.045045045,0.045045045,0.045045045,0.042792793,0.042792793,0.040540541,0.040540541,0.038288288,0.038288288,0.036036036,0.036036036
CHN,PAP,6,1,0.036036036,0.038288288,0.038288288,0.040540541,0.040540541,0.042792793,0.042792793,0.045045045,0.045045045,0.045045045,0.045045045,0.045045045,0.045045045,0.045045045,0.045045045,0.045045045,0.042792793,0.042792793,0.040540541,0.040540541,0.038288288,0.038288288,0.036036036,0.036036036
CHN,PAP,6,2,0.036036036,0.038288288,0.038288288,0.040540541,0.040540541,0.042792793,0.042792793,0.045045045,0.045045045,0.045045045,0.045045045,0.045045045,0.045045045,0.045045045,0.045045045,0.045045045,0.042792793,0.042792793,0.040540541,0.040540541,0.038288288,0.038288288,0.036036036,0.036036036
CHN,PAP,6,3,0.036036036,0.038288288,0.038288288,0.040540541,0.040540541,0.042792793,0.042792793,0.045045045,0.045045045,0.045045045,0.045045045,0.045045045,0.045045045,0.045045045,0.045045045,0.045045045,0.042792793,0.042792793,0.040540541,0.040540541,0.038288288,0.038288288,0.036036036,0.036036036
CHN,PAP,7,1,0.036036036,0.038288288,0.038288288,0.040540541,0.040540541,0.042792793,0.042792793,0.045045045,0.045045045,0.045045045,0.045045045,0.045045045,0.045045045,0.045045045,0.045045045,0.045045045,0.042792793,0.042792793,0.040540541,0.040540541,0.038288288,0.038288288,0.036036036,0.036036036
CHN,PAP,7,2,0.036036036,0.038288288,0.038288288,0.040540541,0.040540541,0.042792793,0.042792793,0.045045045,0.045045045,0.045045045,0.045045045,0.045045045,0.045045045,0.045045045,0.045045045,0.045045045,0.042792793,0.042792793,0.040540541,0.040540541,0.038288288,0.038288288,0.036036036,0.036036036
CHN,PAP,7,3,0.036036036,0.038288288,0.038288288,0.040540541,0.040540541,0.042792793,0.042792793,0.045045045,0.045045045,0.045045045,0.045045045,0.045045045,0.045045045,0.045045045,0.045045045,0.045045045,0.042792793,0.042792793,0.040540541,0.040540541,0.038288288,0.038288288,0.036036036,0.036036036
CHN,PAP,8,1,0.036036036,0.038288288,0.038288288,0.040540541,0.040540541,0.042792793,0.042792793,0.045045045,0.045045045,0.045045045,0.045045045,0.045045045,0.045045045,0.045045045,0.045045045,0.045045045,0.042792793,0.042792793,0.040540541,0.040540541,0.038288288,0.038288288,0.036036036,0.036036036
CHN,PAP,8,2,0.036036036,0.038288288,0.038288288,0.040540541,0.040540541,0.042792793,0.042792793,0.045045045,0.045045045,0.045045045,0.045045045,0.045045045,0.045045045,0.045045045,0.045045045,0.045045045,0.042792793,0.042792793,0.040540541,0.040540541,0.038288288,0.038288288,0.036036036,0.036036036
CHN,PAP,8,3,0.036036036,0.038288288,0.038288288,0.040540541,0.040540541,0.042792793,0.042792793,0.045045045,0.045045045,0.045045045,0.045045045,0.045045045,0.045045045,0.045045045,0.045045045,0.045045045,0.042792793,0.042792793,0.040540541,0.040540541,0.038288288,0.038288288,0.036036036,0.036036036
CHN,PAP,9,1,0.036036036,0.038288288,0.038288288,0.040540541,0.040540541,0.042792793,0.042792793,0.045045045,0.045045045,0.045045045,0.045045045,0.045045045,0.045045045,0.045045045,0.045045045,0.045045045,0.042792793,0.042792793,0.040540541,0.040540541,0.038288288,0.038288288,0.036036036,0.036036036
CHN,PAP,9,2,0.036036036,0.038288288,0.038288288,0.040540541,0.040540541,0.042792793,0.042792793,0.045045045,0.045045045,0.045045045,0.045045045,0.045045045,0.045045045,0.045045045,0.045045045,0.045045045,0.042792793,0.042792793,0.040540541,0.040540541,0.038288288,0.038288288,0.036036036,0.036036036
CHN,PAP,9,3,0.036036036,0.038288288,0.038288288,0.040540541,0.040540541,0.042792793,0.042792793,0.045045045,0.045045045,0.045045045,0.045045045,0.045045045,0.045045045,0.045045045,0.045045045,0.045045045,0.042792793,0.042792793,0.040540541,0.040540541,0.038288288,0.038288288,0.036036036,0.036036036
CHN,PAP,10,1,0.036036036,0.038288288,0.038288288,0.040540541,0.040540541,0.042792793,0.042792793,0.045045045,0.045045045,0.045045045,0.045045045,0.045045045,0.045045045,0.045045045,0.045045045,0.045045045,0.042792793,0.042792793,0.040540541,0.040540541,0.038288288,0.038288288,0.036036036,0.036036036
CHN,PAP,10,2,0.036036036,0.038288288,0.038288288,0.040540541,0.040540541,0.042792793,0.042792793,0.045045045,0.045045045,0.045045045,0.045045045,0.045045045,0.045045045,0.045045045,0.045045045,0.045045045,0.042792793,0.042792793,0.040540541,0.040540541,0.038288288,0.038288288,0.036036036,0.036036036
CHN,PAP,10,3,0.036036036,0.038288288,0.038288288,0.040540541,0.040540541,0.042792793,0.042792793,0.045045045,0.045045045,0.045045045,0.045045045,0.045045045,0.045045045,0.045045045,0.045045045,0.045045045,0.042792793,0.042792793,0.040540541,0.040540541,0.038288288,0.038288288,0.036036036,0.036036036
CHN,PAP,11,1,0.036036036,0.038288288,0.038288288,0.040540541,0.040540541,0.042792793,0.042792793,0.045045045,0.045045045,0.045045045,0.045045045,0.045045045,0.045045045,0.045045045,0.045045045,0.045045045,0.042792793,0.042792793,0.040540541,0.040540541,0.038288288,0.038288288,0.036036036,0.036036036
CHN,PAP,11,2,0.036036036,0.038288288,0.038288288,0.040540541,0.040540541,0.042792793,0.042792793,0.045045045,0.045045045,0.045045045,0.045045045,0.045045045,0.045045045,0.045045045,0.045045045,0.045045045,0.042792793,0.042792793,0.040540541,0.040540541,0.038288288,0.038288288,0.036036036,0.036036036
CHN,PAP,11,3,0.036036036,0.038288288,0.038288288,0.040540541,0.040540541,0.042792793,0.042792793,0.045045045,0.045045045,0.045045045,0.045045045,0.045045045,0.045045045,0.045045045,0.045045045,0.045045045,0.042792793,0.042792793,0.040540541,0.040540541,0.038288288,0.038288288,0.036036036,0.036036036
CHN,PAP,12,1,0.036036036,0.038288288,0.038288288,0.040540541,0.040540541,0.042792793,0.042792793,0.045045045,0.045045045,0.045045045,0.045045045,0.045045045,0.045045045,0.045045045,0.045045045,0.045045045,0.042792793,0.042792793,0.040540541,0.040540541,0.038288288,0.038288288,0.036036036,0.036036036
CHN,PAP,12,2,0.036036036,0.038288288,0.038288288,0.040540541,0.040540541,0.042792793,0.042792793,0.045045045,0.045045045,0.045045045,0.045045045,0.045045045,0.045045045,0.045045045,0.045045045,0.045045045,0.042792793,0.042792793,0.040540541,0.040540541,0.038288288,0.038288288,0.036036036,0.036036036
CHN,PAP,12,3,0.036036036,0.038288288,0.038288288,0.040540541,0.040540541,0.042792793,0.042792793,0.045045045,0.045045045,0.045045045,0.045045045,0.045045045,0.045045045,0.045045045,0.045045045,0.045045045,0.042792793,0.042792793,0.040540541,0.040540541,0.038288288,0.038288288,0.036036036,0.036036036
CHN,PRO,1,1,0.036988215,0.039299978,0.039299978,0.041493695,0.041493695,0.042585634,0.042585634,0.043677573,0.043677573,0.043677573,0.043677573,0.043677573,0.043677573,0.043677573,0.043677573,0.043677573,0.043677573,0.043677573,0.041611742,0.041611742,0.039299978,0.039299978,0.036988215,0.036988215
CHN,PRO,1,2,0.036988215,0.039299978,0.039299978,0.041493695,0.041493695,0.042585634,0.042585634,0.043677573,0.043677573,0.043677573,0.043677573,0.043677573,0.043677573,0.043677573,0.043677573,0.043677573,0.043677573,0.043677573,0.041611742,0.041611742,0.039299978,0.039299978,0.036988215,0.036988215
CHN,PRO,1,3,0.036988215,0.039299978,0.039299978,0.041493695,0.041493695,0.042585634,0.042585634,0.043677573,0.043677573,0.043677573,0.043677573,0.043677573,0.043677573,0.043677573,0.043677573,0.043677573,0.043677573,0.043677573,0.041611742,0.041611742,0.039299978,0.039299978,0.036988215,0.036988215
CHN,PRO,2,1,0.036988215,0.039299978,0.039299978,0.041493695,0.041493695,0.042585634,0.042585634,0.043677573,0.043677573,0.043677573,0.043677573,0.043677573,0.043677573,0.043677573,0.043677573,0.043677573,0.043677573,0.043677573,0.041611742,0.041611742,0.039299978,0.039299978,0.036988215,0.036988215
CHN,PRO,2,2,0.036988215,0.039299978,0.039299978,0.041493695,0.041493695,0.042585634,0.042585634,0.043677573,0.043677573,0.043677573,0.043677573,0.043677573,0.043677573,0.043677573,0.043677573,0.043677573,0.043677573,0.043677573,0.041611742,0.041611742,0.039299978,0.039299978,0.036988215,0.036988215
CHN,PRO,2,3,0.036988215,0.039299978,0.039299978,0.041493695,0.041493695,0.042585634,0.042585634,0.043677573,0.043677573,0.043677573,0.043677573,0.043677573,0.043677573,0.043677573,0.043677573,0.043677573,0.043677573,0.043677573,0.041611742,0.041611742,0.039299978,0.039299978,0.036988215,0.036988215
CHN,PRO,3,1,0.036988215,0.039299978,0.039299978,0.041493695,0.041493695,0.042585634,0.042585634,0.043677573,0.043677573,0.043677573,0.043677573,0.043677573,0.043677573,0.043677573,0.043677573,0.043677573,0.043677573,0.043677573,0.041611742,0.041611742,0.039299978,0.039299978,0.036988215,0.036988215
CHN,PRO,3,2,0.036988215,0.039299978,0.039299978,0.041493695,0.041493695,0.042585634,0.042585634,0.043677573,0.043677573,0.043677573,0.043677573,0.043677573,0.043677573,0.043677573,0.043677573,0.043677573,0.043677573,0.043677573,0.041611742,0.041611742,0.039299978,0.039299978,0.036988215,0.036988215
CHN,PRO,3,3,0.036988215,0.039299978,0.039299978,0.041493695,0.041493695,0.042585634,0.042585634,0.043677573,0.043677573,0.043677573,0.043677573,0.043677573,0.043677573,0.043677573,0.043677573,0.043677573,0.043677573,0.043677573,0.041611742,0.041611742,0.039299978,0.039299978,0.036988215,0.036988215
CHN,PRO,4,1,0.036988215,0.039299978,0.039299978,0.041493695,0.041493695,0.042585634,0.042585634,0.043677573,0.043677573,0.043677573,0.043677573,0.043677573,0.043677573,0.043677573,0.043677573,0.043677573,0.043677573,0.043677573,0.041611742,0.041611742,0.039299978,0.039299978,0.036988215,0.036988215
CHN,PRO,4,2,0.036988215,0.039299978,0.039299978,0.041493695,0.041493695,0.042585634,0.042585634,0.043677573,0.043677573,0.043677573,0.043677573,0.043677573,0.043677573,0.043677573,0.043677573,0.043677573,0.043677573,0.043677573,0.041611742,0.041611742,0.039299978,0.039299978,0.036988215,0.036988215
CHN,PRO,4,3,0.036988215,0.039299978,0.039299978,0.041493695,0.041493695,0.042585634,0.042585634,0.043677573,0.043677573,0.043677573,0.043677573,0.043677573,0.043677573,0.043677573,0.043677573,0.043677573,0.043677573,0.043677573,0.041611742,0.041611742,0.039299978,0.039299978,0.036988215,0.036988215
CHN,PRO,5,1,0.036988215,0.039299978,0.039299978,0.041493695,0.041493695,0.042585634,0.042585634,0.043677573,0.043677573,0.043677573,0.043677573,0.043677573,0.043677573,0.043677573,0.043677573,0.043677573,0.043677573,0.043677573,0.041611742,0.041611742,0.039299978,0.039299978,0.036988215,0.036988215
CHN,PRO,5,2,0.036988215,0.039299978,0.039299978,0.041493695,0.041493695,0.042585634,0.042585634,0.043677573,0.043677573,0.043677573,0.043677573,0.043677573,0.043677573,0.043677573,0.043677573,0.043677573,0.043677573,0.043677573,0.041611742,0.041611742,0.039299978,0.039299978,0.036988215,0.036988215
CHN,PRO,5,3,0.036988215,0.039299978,0.039299978,0.041493695,0.041493695,0.042585634,0.042585634,0.043677573,0.043677573,0.043677573,0.043677573,0.043677573,0.043677573,0.043677573,0.043677573,0.043677573,0.043677573,0.043677573,0.041611742,0.041611742,0.039299978,0.039299978,0.036988215,0.036988215
CHN,PRO,6,1,0.036988215,0.039299978,0.039299978,0.041493695,0.041493695,0.042585634,0.042585634,0.043677573,0.043677573,0.043677573,0.043677573,0.043677573,0.043677573,0.043677573,0.043677573,0.043677573,0.043677573,0.043677573,0.041611742,0.041611742,0.039299978,0.039299978,0.036988215,0.036988215
CHN,PRO,6,2,0.036988215,0.039299978,0.039299978,0.041493695,0.041493695,0.042585634,0.042585634,0.043677573,0.043677573,0.043677573,0.043677573,0.043677573,0.043677573,0.043677573,0.043677573,0.043677573,0.043677573,0.043677573,0.041611742,0.041611742,0.039299978,0.039299978,0.036988215,0.036988215
CHN,PRO,6,3,0.036988215,0.039299978,0.039299978,0.041493695,0.041493695,0.042585634,0.042585634,0.043677573,0.043677573,0.043677573,0.043677573,0.043677573,0.043677573,0.043677573,0.043677573,0.043677573,0.043677573,0.043677573,0.041611742,0.041611742,0.039299978,0.039299978,0.036988215,0.036988215
CHN,PRO,7,1,0.036988215,0.039299978,0.039299978,0.041493695,0.041493695,0.042585634,0.042585634,0.043677573,0.043677573,0.043677573,0.043677573,0.043677573,0.043677573,0.043677573,0.043677573,0.043677573,0.043677573,0.043677573,0.041611742,0.041611742,0.039299978,0.039299978,0.036988215,0.036988215
CHN,PRO,7,2,0.036988215,0.039299978,0.039299978,0.041493695,0.041493695,0.042585634,0.042585634,0.043677573,0.043677573,0.043677573,0.043677573,0.043677573,0.043677573,0.043677573,0.043677573,0.043677573,0.043677573,0.043677573,0.041611742,0.041611742,0.039299978,0.039299978,0.036988215,0.036988215
CHN,PRO,7,3,0.036988215,0.039299978,0.039299978,0.041493695,0.041493695,0.042585634,0.042585634,0.043677573,0.043677573,0.043677573,0.043677573,0.043677573,0.043677573,0.043677573,0.043677573,0.043677573,0.043677573,0.043677573,0.041611742,0.041611742,0.039299978,0.039299978,0.036988215,0.036988215
CHN,PRO,8,1,0.036988215,0.039299978,0.039299978,0.041493695,0.041493695,0.042585634,0.042585634,0.043677573,0.043677573,0.043677573,0.043677573,0.043677573,0.043677573,0.043677573,0.043677573,0.043677573,0.043677573,0.043677573,0.041611742,0.041611742,0.039299978,0.039299978,0.036988215,0.036988215
CHN,PRO,8,2,0.036988215,0.039299978,0.039299978,0.041493695,0.041493695,0.042585634,0.042585634,0.043677573,0.043677573,0.043677573,0.043677573,0.043677573,0.043677573,0.043677573,0.043677573,0.043677573,0.043677573,0.043677573,0.041611742,0.041611742,0.039299978,0.039299978,0.036988215,0.036988215
CHN,PRO,8,3,0.036988215,0.039299978,0.039299978,0.041493695,0.041493695,0.042585634,0.042585634,0.043677573,0.043677573,0.043677573,0.043677573,0.043677573,0.043677573,0.043677573,0.043677573,0.043677573,0.043677573,0.043677573,0.041611742,0.041611742,0.039299978,0.039299978,0.036988215,0.036988215
CHN,PRO,9,1,0.036988215,0.039299978,0.039299978,0.041493695,0.041493695,0.042585634,0.042585634,0.043677573,0.043677573,0.043677573,0.043677573,0.043677573,0.043677573,0.043677573,0.043677573,0.043677573,0.043677573,0.043677573,0.041611742,0.041611742,0.039299978,0.039299978,0.036988215,0.036988215
CHN,PRO,9,2,0.036988215,0.039299978,0.039299978,0.041493695,0.041493695,0.042585634,0.042585634,0.043677573,0.043677573,0.043677573,0.043677573,0.043677573,0.043677573,0.043677573,0.043677573,0.043677573,0.043677573,0.043677573,0.041611742,0.041611742,0.039299978,0.039299978,0.036988215,0.036988215
CHN,PRO,9,3,0.036988215,0.039299978,0.039299978,0.041493695,0.041493695,0.042585634,0.042585634,0.043677573,0.043677573,0.043677573,0.043677573,0.043677573,0.043677573,0.043677573,0.043677573,0.043677573,0.043677573,0.043677573,0.041611742,0.041611742,0.039299978,0.039299978,0.036988215,0.036988215
CHN,PRO,10,1,0.036988215,0.039299978,0.039299978,0.041493695,0.041493695,0.042585634,0.042585634,0.043677573,0.043677573,0.043677573,0.043677573,0.043677573,0.043677573,0.043677573,0.043677573,0.043677573,0.043677573,0.043677573,0.041611742,0.041611742,0.039299978,0.039299978,0.036988215,0.036988215
CHN,PRO,10,2,0.036988215,0.039299978,0.039299978,0.041493695,0.041493695,0.042585634,0.042585634,0.043677573,0.043677573,0.043677573,0.043677573,0.043677573,0.043677573,0.043677573,0.043677573,0.043677573,0.043677573,0.043677573,0.041611742,0.041611742,0.039299978,0.039299978,0.036988215,0.036988215
CHN,PRO,10,3,0.036988215,0.039299978,0.039299978,0.041493695,0.041493695,0.042585634,0.042585634,0.043677573,0.043677573,0.043677573,0.043677573,0.043677573,0.043677573,0.043677573,0.043677573,0.043677573,0.043677573,0.043677573,0.041611742,0.041611742,0.039299978,0.039299978,0.036988215,0.036988215
CHN,PRO,11,1,0.036988215,0.039299978,0.039299978,0.041493695,0.041493695,0.042585634,0.042585634,0.043677573,0.043677573,0.043677573,0.043677573,0.043677573,0.043677573,0.043677573,0.043677573,0.043677573,0.043677573,0.043677573,0.041611742,0.041611742,0.039299978,0.039299978,0.036988215,0.036988215
CHN,PRO,11,2,0.036988215,0.039299978,0.039299978,0.041493695,0.041493695,0.042585634,0.042585634,0.043677573,0.043677573,0.043677573,0.043677573,0.043677573,0.043677573,0.043677573,0.043677573,0.043677573,0.043677573,0.043677573,0.041611742,0.041611742,0.039299978,0.039299978,0.036988215,0.036988215
CHN,PRO,11,3,0.036988215,0.039299978,0.039299978,0.041493695,0.041493695,0.042585634,0.042585634,0.043677573,0.043677573,0.043677573,0.043677573,0.043677573,0.043677573,0.043677573,0.043677573,0.043677573,0.043677573,0.043677573,0.041611742,0.041611742,0.039299978,0.039299978,0.036988215,0.036988215
CHN,PRO,12,1,0.036988215,0.039299978,0.039299978,0.041493695,0.041493695,0.042585634,0.042585634,0.043677573,0.043677573,0.043677573,0.043677573,0.043677573,0.043677573,0.043677573,0.043677573,0.043677573,0.043677573,0.043677573,0.041611742,0.041611742,0.039299978,0.039299978,0.036988215,0.036988215
CHN,PRO,12,2,0.036988215,0.039299978,0.039299978,0.041493695,0.041493695,0.042585634,0.042585634,0.043677573,0.043677573,0.043677573,0.043677573,0.043677573,0.043677573,0.043677573,0.043677573,0.043677573,0.043677573,0.043677573,0.041611742,0.041611742,0.039299978,0.039299978,0.036988215,0.036988215
CHN,PRO,12,3,0.036988215,0.039299978,0.039299978,0.041493695,0.041493695,0.042585634,0.042585634,0.043677573,0.043677573,0.043677573,0.043677573,0.043677573,0.043677573,0.043677573,0.043677573,0.043677573,0.043677573,0.043677573,0.041611742,0.041611742,0.039299978,0.039299978,0.036988215,0.036988215
CHN,PRU,1,1,0.036036036,0.038288288,0.038288288,0.040540541,0.040540541,0.042792793,0.042792793,0.045045045,0.045045045,0.045045045,0.045045045,0.045045045,0.045045045,0.045045045,0.045045045,0.045045045,0.042792793,0.042792793,0.040540541,0.040540541,0.038288288,0.038288288,0.036036036,0.036036036
CHN,PRU,1,2,0.036036036,0.038288288,0.038288288,0.040540541,0.040540541,0.042792793,0.042792793,0.045045045,0.045045045,0.045045045,0.045045045,0.045045045,0.045045045,0.045045045,0.045045045,0.045045045,0.042792793,0.042792793,0.040540541,0.040540541,0.038288288,0.038288288,0.036036036,0.036036036
CHN,PRU,1,3,0.036036036,0.038288288,0.038288288,0.040540541,0.040540541,0.042792793,0.042792793,0.045045045,0.045045045,0.045045045,0.045045045,0.045045045,0.045045045,0.045045045,0.045045045,0.045045045,0.042792793,0.042792793,0.040540541,0.040540541,0.038288288,0.038288288,0.036036036,0.036036036
CHN,PRU,2,1,0.036036036,0.038288288,0.038288288,0.040540541,0.040540541,0.042792793,0.042792793,0.045045045,0.045045045,0.045045045,0.045045045,0.045045045,0.045045045,0.045045045,0.045045045,0.045045045,0.042792793,0.042792793,0.040540541,0.040540541,0.038288288,0.038288288,0.036036036,0.036036036
CHN,PRU,2,2,0.036036036,0.038288288,0.038288288,0.040540541,0.040540541,0.042792793,0.042792793,0.045045045,0.045045045,0.045045045,0.045045045,0.045045045,0.045045045,0.045045045,0.045045045,0.045045045,0.042792793,0.042792793,0.040540541,0.040540541,0.038288288,0.038288288,0.036036036,0.036036036
CHN,PRU,2,3,0.036036036,0.038288288,0.038288288,0.040540541,0.040540541,0.042792793,0.042792793,0.045045045,0.045045045,0.045045045,0.045045045,0.045045045,0.045045045,0.045045045,0.045045045,0.045045045,0.042792793,0.042792793,0.040540541,0.040540541,0.038288288,0.038288288,0.036036036,0.036036036
CHN,PRU,3,1,0.036036036,0.038288288,0.038288288,0.040540541,0.040540541,0.042792793,0.042792793,0.045045045,0.045045045,0.045045045,0.045045045,0.045045045,0.045045045,0.045045045,0.045045045,0.045045045,0.042792793,0.042792793,0.040540541,0.040540541,0.038288288,0.038288288,0.036036036,0.036036036
CHN,PRU,3,2,0.036036036,0.038288288,0.038288288,0.040540541,0.040540541,0.042792793,0.042792793,0.045045045,0.045045045,0.045045045,0.045045045,0.045045045,0.045045045,0.045045045,0.045045045,0.045045045,0.042792793,0.042792793,0.040540541,0.040540541,0.038288288,0.038288288,0.036036036,0.036036036
CHN,PRU,3,3,0.036036036,0.038288288,0.038288288,0.040540541,0.040540541,0.042792793,0.042792793,0.045045045,0.045045045,0.045045045,0.045045045,0.045045045,0.045045045,0.045045045,0.045045045,0.045045045,0.042792793,0.042792793,0.040540541,0.040540541,0.038288288,0.038288288,0.036036036,0.036036036
CHN,PRU,4,1,0.036036036,0.038288288,0.038288288,0.040540541,0.040540541,0.042792793,0.042792793,0.045045045,0.045045045,0.045045045,0.045045045,0.045045045,0.045045045,0.045045045,0.045045045,0.045045045,0.042792793,0.042792793,0.040540541,0.040540541,0.038288288,0.038288288,0.036036036,0.036036036
CHN,PRU,4,2,0.036036036,0.038288288,0.038288288,0.040540541,0.040540541,0.042792793,0.042792793,0.045045045,0.045045045,0.045045045,0.045045045,0.045045045,0.045045045,0.045045045,0.045045045,0.045045045,0.042792793,0.042792793,0.040540541,0.040540541,0.038288288,0.038288288,0.036036036,0.036036036
CHN,PRU,4,3,0.036036036,0.038288288,0.038288288,0.040540541,0.040540541,0.042792793,0.042792793,0.045045045,0.045045045,0.045045045,0.045045045,0.045045045,0.045045045,0.045045045,0.045045045,0.045045045,0.042792793,0.042792793,0.040540541,0.040540541,0.038288288,0.038288288,0.036036036,0.036036036
CHN,PRU,5,1,0.036036036,0.038288288,0.038288288,0.040540541,0.040540541,0.042792793,0.042792793,0.045045045,0.045045045,0.045045045,0.045045045,0.045045045,0.045045045,0.045045045,0.045045045,0.045045045,0.042792793,0.042792793,0.040540541,0.040540541,0.038288288,0.038288288,0.036036036,0.036036036
CHN,PRU,5,2,0.036036036,0.038288288,0.038288288,0.040540541,0.040540541,0.042792793,0.042792793,0.045045045,0.045045045,0.045045045,0.045045045,0.045045045,0.045045045,0.045045045,0.045045045,0.045045045,0.042792793,0.042792793,0.040540541,0.040540541,0.038288288,0.038288288,0.036036036,0.036036036
CHN,PRU,5,3,0.036036036,0.038288288,0.038288288,0.040540541,0.040540541,0.042792793,0.042792793,0.045045045,0.045045045,0.045045045,0.045045045,0.045045045,0.045045045,0.045045045,0.045045045,0.045045045,0.042792793,0.042792793,0.040540541,0.040540541,0.038288288,0.038288288,0.036036036,0.036036036
CHN,PRU,6,1,0.036036036,0.038288288,0.038288288,0.040540541,0.040540541,0.042792793,0.042792793,0.045045045,0.045045045,0.045045045,0.045045045,0.045045045,0.045045045,0.045045045,0.045045045,0.045045045,0.042792793,0.042792793,0.040540541,0.040540541,0.038288288,0.038288288,0.036036036,0.036036036
CHN,PRU,6,2,0.036036036,0.038288288,0.038288288,0.040540541,0.040540541,0.042792793,0.042792793,0.045045045,0.045045045,0.045045045,0.045045045,0.045045045,0.045045045,0.045045045,0.045045045,0.045045045,0.042792793,0.042792793,0.040540541,0.040540541,0.038288288,0.038288288,0.036036036,0.036036036
CHN,PRU,6,3,0.036036036,0.038288288,0.038288288,0.040540541,0.040540541,0.042792793,0.042792793,0.045045045,0.045045045,0.045045045,0.045045045,0.045045045,0.045045045,0.045045045,0.045045045,0.045045045,0.042792793,0.042792793,0.040540541,0.040540541,0.038288288,0.038288288,0.036036036,0.036036036
CHN,PRU,7,1,0.036036036,0.038288288,0.038288288,0.040540541,0.040540541,0.042792793,0.042792793,0.045045045,0.045045045,0.045045045,0.045045045,0.045045045,0.045045045,0.045045045,0.045045045,0.045045045,0.042792793,0.042792793,0.040540541,0.040540541,0.038288288,0.038288288,0.036036036,0.036036036
CHN,PRU,7,2,0.036036036,0.038288288,0.038288288,0.040540541,0.040540541,0.042792793,0.042792793,0.045045045,0.045045045,0.045045045,0.045045045,0.045045045,0.045045045,0.045045045,0.045045045,0.045045045,0.042792793,0.042792793,0.040540541,0.040540541,0.038288288,0.038288288,0.036036036,0.036036036
CHN,PRU,7,3,0.036036036,0.038288288,0.038288288,0.040540541,0.040540541,0.042792793,0.042792793,0.045045045,0.045045045,0.045045045,0.045045045,0.045045045,0.045045045,0.045045045,0.045045045,0.045045045,0.042792793,0.042792793,0.040540541,0.040540541,0.038288288,0.038288288,0.036036036,0.036036036
CHN,PRU,8,1,0.036036036,0.038288288,0.038288288,0.040540541,0.040540541,0.042792793,0.042792793,0.045045045,0.045045045,0.045045045,0.045045045,0.045045045,0.045045045,0.045045045,0.045045045,0.045045045,0.042792793,0.042792793,0.040540541,0.040540541,0.038288288,0.038288288,0.036036036,0.036036036
CHN,PRU,8,2,0.036036036,0.038288288,0.038288288,0.040540541,0.040540541,0.042792793,0.042792793,0.045045045,0.045045045,0.045045045,0.045045045,0.045045045,0.045045045,0.045045045,0.045045045,0.045045045,0.042792793,0.042792793,0.040540541,0.040540541,0.038288288,0.038288288,0.036036036,0.036036036
CHN,PRU,8,3,0.036036036,0.038288288,0.038288288,0.040540541,0.040540541,0.042792793,0.042792793,0.045045045,0.045045045,0.045045045,0.045045045,0.045045045,0.045045045,0.045045045,0.045045045,0.045045045,0.042792793,0.042792793,0.040540541,0.040540541,0.038288288,0.038288288,0.036036036,0.036036036
CHN,PRU,9,1,0.036036036,0.038288288,0.038288288,0.040540541,0.040540541,0.042792793,0.042792793,0.045045045,0.045045045,0.045045045,0.045045045,0.045045045,0.045045045,0.045045045,0.045045045,0.045045045,0.042792793,0.042792793,0.040540541,0.040540541,0.038288288,0.038288288,0.036036036,0.036036036
CHN,PRU,9,2,0.036036036,0.038288288,0.038288288,0.040540541,0.040540541,0.042792793,0.042792793,0.045045045,0.045045045,0.045045045,0.045045045,0.045045045,0.045045045,0.045045045,0.045045045,0.045045045,0.042792793,0.042792793,0.040540541,0.040540541,0.038288288,0.038288288,0.036036036,0.036036036
CHN,PRU,9,3,0.036036036,0.038288288,0.038288288,0.040540541,0.040540541,0.042792793,0.042792793,0.045045045,0.045045045,0.045045045,0.045045045,0.045045045,0.045045045,0.045045045,0.045045045,0.045045045,0.042792793,0.042792793,0.040540541,0.040540541,0.038288288,0.038288288,0.036036036,0.036036036
CHN,PRU,10,1,0.036036036,0.038288288,0.038288288,0.040540541,0.040540541,0.042792793,0.042792793,0.045045045,0.045045045,0.045045045,0.045045045,0.045045045,0.045045045,0.045045045,0.045045045,0.045045045,0.042792793,0.042792793,0.040540541,0.040540541,0.038288288,0.038288288,0.036036036,0.036036036
CHN,PRU,10,2,0.036036036,0.038288288,0.038288288,0.040540541,0.040540541,0.042792793,0.042792793,0.045045045,0.045045045,0.045045045,0.045045045,0.045045045,0.045045045,0.045045045,0.045045045,0.045045045,0.042792793,0.042792793,0.040540541,0.040540541,0.038288288,0.038288288,0.036036036,0.036036036
CHN,PRU,10,3,0.036036036,0.038288288,0.038288288,0.040540541,0.040540541,0.042792793,0.042792793,0.045045045,0.045045045,0.045045045,0.045045045,0.045045045,0.045045045,0.045045045,0.045045045,0.045045045,0.042792793,0.042792793,0.040540541,0.040540541,0.038288288,0.038288288,0.036036036,0.036036036
CHN,PRU,11,1,0.036036036,0.038288288,0.038288288,0.040540541,0.040540541,0.042792793,0.042792793,0.045045045,0.045045045,0.045045045,0.045045045,0.045045045,0.045045045,0.045045045,0.045045045,0.045045045,0.042792793,0.042792793,0.040540541,0.040540541,0.038288288,0.038288288,0.036036036,0.036036036
CHN,PRU,11,2,0.036036036,0.038288288,0.038288288,0.040540541,0.040540541,0.042792793,0.042792793,0.045045045,0.045045045,0.045045045,0.045045045,0.045045045,0.045045045,0.045045045,0.045045045,0.045045045,0.042792793,0.042792793,0.040540541,0.040540541,0.038288288,0.038288288,0.036036036,0.036036036
CHN,PRU,11,3,0.036036036,0.038288288,0.038288288,0.040540541,0.040540541,0.042792793,0.042792793,0.045045045,0.045045045,0.045045045,0.045045045,0.045045045,0.045045045,0.045045045,0.045045045,0.045045045,0.042792793,0.042792793,0.040540541,0.040540541,0.038288288,0.038288288,0.036036036,0.036036036
CHN,PRU,12,1,0.036036036,0.038288288,0.038288288,0.040540541,0.040540541,0.042792793,0.042792793,0.045045045,0.045045045,0.045045045,0.045045045,0.045045045,0.045045045,0.045045045,0.045045045,0.045045045,0.042792793,0.042792793,0.040540541,0.040540541,0.038288288,0.038288288,0.036036036,0.036036036
CHN,PRU,12,2,0.036036036,0.038288288,0.038288288,0.040540541,0.040540541,0.042792793,0.042792793,0.045045045,0.045045045,0.045045045,0.045045045,0.045045045,0.045045045,0.045045045,0.045045045,0.045045045,0.042792793,0.042792793,0.040540541,0.040540541,0.038288288,0.038288288,0.036036036,0.036036036
CHN,PRU,12,3,0.036036036,0.038288288,0.038288288,0.040540541,0.040540541,0.042792793,0.042792793,0.045045045,0.045045045,0.045045045,0.045045045,0.045045045,0.045045045,0.045045045,0.045045045,0.045045045,0.042792793,0.042792793,0.040540541,0.040540541,0.038288288,0.038288288,0.036036036,0.036036036
CHN,RCO,1,1,0.015833333,0.015,0.015,0.015,0.015416667,0.020833333,0.049583333,0.06375,0.065416667,0.065,0.05625,0.048333333,0.044583333,0.044166667,0.041666667,0.040833333,0.04125,0.046666667,0.05875,0.063333333,0.057916667,0.05625,0.041666667,0.0175
CHN,RCO,1,2,0.02875,0.028333333,0.028333333,0.028333333,0.028541667,0.03125,0.045625,0.052708333,0.053541667,0.053333333,0.048958333,0.045,0.043125,0.042916667,0.041666667,0.04125,0.041458333,0.044166667,0.050208333,0.0525,0.049791667,0.048958333,0.041666667,0.029583333
CHN,RCO,1,3,0.035208333,0.035,0.035,0.035,0.035104167,0.036458333,0.043645833,0.0471875,0.047604167,0.0475,0.0453125,0.043333333,0.042395833,0.042291667,0.041666667,0.041458333,0.0415625,0.042916667,0.0459375,0.047083333,0.045729167,0.0453125,0.041666667,0.035625
CHN,RCO,2,1,0.015833333,0.015,0.015,0.015,0.015416667,0.020833333,0.049583333,0.06375,0.065416667,0.065,0.05625,0.048333333,0.044583333,0.044166667,0.041666667,0.040833333,0.04125,0.046666667,0.05875,0.063333333,0.057916667,0.05625,0.041666667,0.0175
CHN,RCO,2,2,0.02875,0.028333333,0.028333333,0.028333333,0.028541667,0.03125,0.045625,0.052708333,0.053541667,0.053333333,0.048958333,0.045,0.043125,0.042916667,0.041666667,0.04125,0.041458333,0.044166667,0.050208333,0.0525,0.049791667,0.048958333,0.041666667,0.029583333
CHN,RCO,2,3,0.035208333,0.035,0.035,0.035,0.035104167,0.036458333,0.043645833,0.0471875,0.047604167,0.0475,0.0453125,0.043333333,0.042395833,0.042291667,0.041666667,0.041458333,0.0415625,0.042916667,0.0459375,0.047083333,0.045729167,0.0453125,0.041666667,0.035625
CHN,RCO,3,1,0.015833333,0.015,0.015,0.015,0.015416667,0.020833333,0.049583333,0.06375,0.065416667,0.065,0.05625,0.048333333,0.044583333,0.044166667,0.041666667,0.040833333,0.04125,0.046666667,0.05875,0.063333333,0.057916667,0.05625,0.041666667,0.0175
CHN,RCO,3,2,0.02875,0.028333333,0.028333333,0.028333333,0.028541667,0.03125,0.045625,0.052708333,0.053541667,0.053333333,0.048958333,0.045,0.043125,0.042916667,0.041666667,0.04125,0.041458333,0.044166667,0.050208333,0.0525,0.049791667,0.048958333,0.041666667,0.029583333
CHN,RCO,3,3,0.035208333,0.035,0.035,0.035,0.035104167,0.036458333,0.043645833,0.0471875,0.047604167,0.0475,0.0453125,0.043333333,0.042395833,0.042291667,0.041666667,0.041458333,0.0415625,0.042916667,0.0459375,0.047083333,0.045729167,0.0453125,0.041666667,0.035625
CHN,RCO,4,1,0.015833333,0.015,0.015,0.015,0.015416667,0.020833333,0.049583333,0.06375,0.065416667,0.065,0.05625,0.048333333,0.044583333,0.044166667,0.041666667,0.040833333,0.04125,0.046666667,0.05875,0.063333333,0.057916667,0.05625,0.041666667,0.0175
CHN,RCO,4,2,0.02875,0.028333333,0.028333333,0.028333333,0.028541667,0.03125,0.045625,0.052708333,0.053541667,0.053333333,0.048958333,0.045,0.043125,0.042916667,0.041666667,0.04125,0.041458333,0.044166667,0.050208333,0.0525,0.049791667,0.048958333,0.041666667,0.029583333
CHN,RCO,4,3,0.035208333,0.035,0.035,0.035,0.035104167,0.036458333,0.043645833,0.0471875,0.047604167,0.0475,0.0453125,0.043333333,0.042395833,0.042291667,0.041666667,0.041458333,0.0415625,0.042916667,0.0459375,0.047083333,0.045729167,0.0453125,0.041666667,0.035625
CHN,RCO,5,1,0.015833333,0.015,0.015,0.015,0.015416667,0.020833333,0.049583333,0.06375,0.065416667,0.065,0.05625,0.048333333,0.044583333,0.044166667,0.041666667,0.040833333,0.04125,0.046666667,0.05875,0.063333333,0.057916667,0.05625,0.041666667,0.0175
CHN,RCO,5,2,0.02875,0.028333333,0.028333333,0.028333333,0.028541667,0.03125,0.045625,0.052708333,0.053541667,0.053333333,0.048958333,0.045,0.043125,0.042916667,0.041666667,0.04125,0.041458333,0.044166667,0.050208333,0.0525,0.049791667,0.048958333,0.041666667,0.029583333
CHN,RCO,5,3,0.035208333,0.035,0.035,0.035,0.035104167,0.036458333,0.043645833,0.0471875,0.047604167,0.0475,0.0453125,0.043333333,0.042395833,0.042291667,0.041666667,0.041458333,0.0415625,0.042916667,0.0459375,0.047083333,0.045729167,0.0453125,0.041666667,0.035625
CHN,RCO,6,1,0.015833333,0.015,0.015,0.015,0.015416667,0.020833333,0.049583333,0.06375,0.065416667,0.065,0.05625,0.048333333,0.044583333,0.044166667,0.041666667,0.040833333,0.04125,0.046666667,0.05875,0.063333333,0.057916667,0.05625,0.041666667,0.0175
CHN,RCO,6,2,0.02875,0.028333333,0.028333333,0.028333333,0.028541667,0.03125,0.045625,0.052708333,0.053541667,0.053333333,0.048958333,0.045,0.043125,0.042916667,0.041666667,0.04125,0.041458333,0.044166667,0.050208333,0.0525,0.049791667,0.048958333,0.041666667,0.029583333
CHN,RCO,6,3,0.035208333,0.035,0.035,0.035,0.035104167,0.036458333,0.043645833,0.0471875,0.047604167,0.0475,0.0453125,0.043333333,0.042395833,0.042291667,0.041666667,0.041458333,0.0415625,0.042916667,0.0459375,0.047083333,0.045729167,0.0453125,0.041666667,0.035625
CHN,RCO,7,1,0.015833333,0.015,0.015,0.015,0.015416667,0.020833333,0.049583333,0.06375,0.065416667,0.065,0.05625,0.048333333,0.044583333,0.044166667,0.041666667,0.040833333,0.04125,0.046666667,0.05875,0.063333333,0.057916667,0.05625,0.041666667,0.0175
CHN,RCO,7,2,0.02875,0.028333333,0.028333333,0.028333333,0.028541667,0.03125,0.045625,0.052708333,0.053541667,0.053333333,0.048958333,0.045,0.043125,0.042916667,0.041666667,0.04125,0.041458333,0.044166667,0.050208333,0.0525,0.049791667,0.048958333,0.041666667,0.029583333
CHN,RCO,7,3,0.035208333,0.035,0.035,0.035,0.035104167,0.036458333,0.043645833,0.0471875,0.047604167,0.0475,0.0453125,0.043333333,0.042395833,0.042291667,0.041666667,0.041458333,0.0415625,0.042916667,0.0459375,0.047083333,0.045729167,0.0453125,0.041666667,0.035625
CHN,RCO,8,1,0.015833333,0.015,0.015,0.015,0.015416667,0.020833333,0.049583333,0.06375,0.065416667,0.065,0.05625,0.048333333,0.044583333,0.044166667,0.041666667,0.040833333,0.04125,0.046666667,0.05875,0.063333333,0.057916667,0.05625,0.041666667,0.0175
CHN,RCO,8,2,0.02875,0.028333333,0.028333333,0.028333333,0.028541667,0.03125,0.045625,0.052708333,0.053541667,0.053333333,0.048958333,0.045,0.043125,0.042916667,0.041666667,0.04125,0.041458333,0.044166667,0.050208333,0.0525,0.049791667,0.048958333,0.041666667,0.029583333
CHN,RCO,8,3,0.035208333,0.035,0.035,0.035,0.035104167,0.036458333,0.043645833,0.0471875,0.047604167,0.0475,0.0453125,0.043333333,0.042395833,0.042291667,0.041666667,0.041458333,0.0415625,0.042916667,0.0459375,0.047083333,0.045729167,0.0453125,0.041666667,0.035625
CHN,RCO,9,1,0.015833333,0.015,0.015,0.015,0.015416667,0.020833333,0.049583333,0.06375,0.065416667,0.065,0.05625,0.048333333,0.044583333,0.044166667,0.041666667,0.040833333,0.04125,0.046666667,0.05875,0.063333333,0.057916667,0.05625,0.041666667,0.0175
CHN,RCO,9,2,0.02875,0.028333333,0.028333333,0.028333333,0.028541667,0.03125,0.045625,0.052708333,0.053541667,0.053333333,0.048958333,0.045,0.043125,0.042916667,0.041666667,0.04125,0.041458333,0.044166667,0.050208333,0.0525,0.049791667,0.048958333,0.041666667,0.029583333
CHN,RCO,9,3,0.035208333,0.035,0.035,0.035,0.035104167,0.036458333,0.043645833,0.0471875,0.047604167,0.0475,0.0453125,0.043333333,0.042395833,0.042291667,0.041666667,0.041458333,0.0415625,0.042916667,0.0459375,0.047083333,0.045729167,0.0453125,0.041666667,0.035625
CHN,RCO,10,1,0.015833333,0.015,0.015,0.015,0.015416667,0.020833333,0.049583333,0.06375,0.065416667,0.065,0.05625,0.048333333,0.044583333,0.044166667,0.041666667,0.040833333,0.04125,0.046666667,0.05875,0.063333333,0.057916667,0.05625,0.041666667,0.0175
CHN,RCO,10,2,0.02875,0.028333333,0.028333333,0.028333333,0.028541667,0.03125,0.045625,0.052708333,0.053541667,0.053333333,0.048958333,0.045,0.043125,0.042916667,0.041666667,0.04125,0.041458333,0.044166667,0.050208333,0.0525,0.049791667,0.048958333,0.041666667,0.029583333
CHN,RCO,10,3,0.035208333,0.035,0.035,0.035,0.035104167,0.036458333,0.043645833,0.0471875,0.047604167,0.0475,0.0453125,0.043333333,0.042395833,0.042291667,0.041666667,0.041458333,0.0415625,0.042916667,0.0459375,0.047083333,0.045729167,0.0453125,0.041666667,0.035625
CHN,RCO,11,1,0.015833333,0.015,0.015,0.015,0.015416667,0.020833333,0.049583333,0.06375,0.065416667,0.065,0.05625,0.048333333,0.044583333,0.044166667,0.041666667,0.040833333,0.04125,0.046666667,0.05875,0.063333333,0.057916667,0.05625,0.041666667,0.0175
CHN,RCO,11,2,0.02875,0.028333333,0.028333333,0.028333333,0.028541667,0.03125,0.045625,0.052708333,0.053541667,0.053333333,0.048958333,0.045,0.043125,0.042916667,0.041666667,0.04125,0.041458333,0.044166667,0.050208333,0.0525,0.049791667,0.048958333,0.041666667,0.029583333
CHN,RCO,11,3,0.035208333,0.035,0.035,0.035,0.035104167,0.036458333,0.043645833,0.0471875,0.047604167,0.0475,0.0453125,0.043333333,0.042395833,0.042291667,0.041666667,0.041458333,0.0415625,0.042916667,0.0459375,0.047083333,0.045729167,0.0453125,0.041666667,0.035625
CHN,RCO,12,1,0.015833333,0.015,0.015,0.015,0.015416667,0.020833333,0.049583333,0.06375,0.065416667,0.065,0.05625,0.048333333,0.044583333,0.044166667,0.041666667,0.040833333,0.04125,0.046666667,0.05875,0.063333333,0.057916667,0.05625,0.041666667,0.0175
CHN,RCO,12,2,0.02875,0.028333333,0.028333333,0.028333333,0.028541667,0.03125,0.045625,0.052708333,0.053541667,0.053333333,0.048958333,0.045,0.043125,0.042916667,0.041666667,0.04125,0.041458333,0.044166667,0.050208333,0.0525,0.049791667,0.048958333,0.041666667,0.029583333
CHN,RCO,12,3,0.035208333,0.035,0.035,0.035,0.035104167,0.036458333,0.043645833,0.0471875,0.047604167,0.0475,0.0453125,0.043333333,0.042395833,0.042291667,0.041666667,0.041458333,0.0415625,0.042916667,0.0459375,0.047083333,0.045729167,0.0453125,0.041666667,0.035625
CHN,REF,1,1,0.040425532,0.040425532,0.040425532,0.040425532,0.040425532,0.041489362,0.041489362,0.042553191,0.042553191,0.042553191,0.042553191,0.042553191,0.042553191,0.042553191,0.042553191,0.042553191,0.042553191,0.042553191,0.042553191,0.041489362,0.041489362,0.040425532,0.040425532,0.040425532
CHN,REF,1,2,0.040425532,0.040425532,0.040425532,0.040425532,0.040425532,0.041489362,0.041489362,0.042553191,0.042553191,0.042553191,0.042553191,0.042553191,0.042553191,0.042553191,0.042553191,0.042553191,0.042553191,0.042553191,0.042553191,0.041489362,0.041489362,0.040425532,0.040425532,0.040425532
CHN,REF,1,3,0.040425532,0.040425532,0.040425532,0.040425532,0.040425532,0.041489362,0.041489362,0.042553191,0.042553191,0.042553191,0.042553191,0.042553191,0.042553191,0.042553191,0.042553191,0.042553191,0.042553191,0.042553191,0.042553191,0.041489362,0.041489362,0.040425532,0.040425532,0.040425532
CHN,REF,2,1,0.040425532,0.040425532,0.040425532,0.040425532,0.040425532,0.041489362,0.041489362,0.042553191,0.042553191,0.042553191,0.042553191,0.042553191,0.042553191,0.042553191,0.042553191,0.042553191,0.042553191,0.042553191,0.042553191,0.041489362,0.041489362,0.040425532,0.040425532,0.040425532
CHN,REF,2,2,0.040425532,0.040425532,0.040425532,0.040425532,0.040425532,0.041489362,0.041489362,0.042553191,0.042553191,0.042553191,0.042553191,0.042553191,0.042553191,0.042553191,0.042553191,0.042553191,0.042553191,0.042553191,0.042553191,0.041489362,0.041489362,0.040425532,0.040425532,0.040425532
CHN,REF,2,3,0.040425532,0.040425532,0.040425532,0.040425532,0.040425532,0.041489362,0.041489362,0.042553191,0.042553191,0.042553191,0.042553191,0.042553191,0.042553191,0.042553191,0.042553191,0.042553191,0.042553191,0.042553191,0.042553191,0.041489362,0.041489362,0.040425532,0.040425532,0.040425532
CHN,REF,3,1,0.040425532,0.040425532,0.040425532,0.040425532,0.040425532,0.041489362,0.041489362,0.042553191,0.042553191,0.042553191,0.042553191,0.042553191,0.042553191,0.042553191,0.042553191,0.042553191,0.042553191,0.042553191,0.042553191,0.041489362,0.041489362,0.040425532,0.040425532,0.040425532
CHN,REF,3,2,0.040425532,0.040425532,0.040425532,0.040425532,0.040425532,0.041489362,0.041489362,0.042553191,0.042553191,0.042553191,0.042553191,0.042553191,0.042553191,0.042553191,0.042553191,0.042553191,0.042553191,0.042553191,0.042553191,0.041489362,0.041489362,0.040425532,0.040425532,0.040425532
CHN,REF,3,3,0.040425532,0.040425532,0.040425532,0.040425532,0.040425532,0.041489362,0.041489362,0.042553191,0.042553191,0.042553191,0.042553191,0.042553191,0.042553191,0.042553191,0.042553191,0.042553191,0.042553191,0.042553191,0.042553191,0.041489362,0.041489362,0.040425532,0.040425532,0.040425532
CHN,REF,4,1,0.040425532,0.040425532,0.040425532,0.040425532,0.040425532,0.041489362,0.041489362,0.042553191,0.042553191,0.042553191,0.042553191,0.042553191,0.042553191,0.042553191,0.042553191,0.042553191,0.042553191,0.042553191,0.042553191,0.041489362,0.041489362,0.040425532,0.040425532,0.040425532
CHN,REF,4,2,0.040425532,0.040425532,0.040425532,0.040425532,0.040425532,0.041489362,0.041489362,0.042553191,0.042553191,0.042553191,0.042553191,0.042553191,0.042553191,0.042553191,0.042553191,0.042553191,0.042553191,0.042553191,0.042553191,0.041489362,0.041489362,0.040425532,0.040425532,0.040425532
CHN,REF,4,3,0.040425532,0.040425532,0.040425532,0.040425532,0.040425532,0.041489362,0.041489362,0.042553191,0.042553191,0.042553191,0.042553191,0.042553191,0.042553191,0.042553191,0.042553191,0.042553191,0.042553191,0.042553191,0.042553191,0.041489362,0.041489362,0.040425532,0.040425532,0.040425532
CHN,REF,5,1,0.040425532,0.040425532,0.040425532,0.040425532,0.040425532,0.041489362,0.041489362,0.042553191,0.042553191,0.042553191,0.042553191,0.042553191,0.042553191,0.042553191,0.042553191,0.042553191,0.042553191,0.042553191,0.042553191,0.041489362,0.041489362,0.040425532,0.040425532,0.040425532
CHN,REF,5,2,0.040425532,0.040425532,0.040425532,0.040425532,0.040425532,0.041489362,0.041489362,0.042553191,0.042553191,0.042553191,0.042553191,0.042553191,0.042553191,0.042553191,0.042553191,0.042553191,0.042553191,0.042553191,0.042553191,0.041489362,0.041489362,0.040425532,0.040425532,0.040425532
CHN,REF,5,3,0.040425532,0.040425532,0.040425532,0.040425532,0.040425532,0.041489362,0.041489362,0.042553191,0.042553191,0.042553191,0.042553191,0.042553191,0.042553191,0.042553191,0.042553191,0.042553191,0.042553191,0.042553191,0.042553191,0.041489362,0.041489362,0.040425532,0.040425532,0.040425532
CHN,REF,6,1,0.040425532,0.040425532,0.040425532,0.040425532,0.040425532,0.041489362,0.041489362,0.042553191,0.042553191,0.042553191,0.042553191,0.042553191,0.042553191,0.042553191,0.042553191,0.042553191,0.042553191,0.042553191,0.042553191,0.041489362,0.041489362,0.040425532,0.040425532,0.040425532
CHN,REF,6,2,0.040425532,0.040425532,0.040425532,0.040425532,0.040425532,0.041489362,0.041489362,0.042553191,0.042553191,0.042553191,0.042553191,0.042553191,0.042553191,0.042553191,0.042553191,0.042553191,0.042553191,0.042553191,0.042553191,0.041489362,0.041489362,0.040425532,0.040425532,0.040425532
CHN,REF,6,3,0.040425532,0.040425532,0.040425532,0.040425532,0.040425532,0.041489362,0.041489362,0.042553191,0.042553191,0.042553191,0.042553191,0.042553191,0.042553191,0.042553191,0.042553191,0.042553191,0.042553191,0.042553191,0.042553191,0.041489362,0.041489362,0.040425532,0.040425532,0.040425532
CHN,REF,7,1,0.040425532,0.040425532,0.040425532,0.040425532,0.040425532,0.041489362,0.041489362,0.042553191,0.042553191,0.042553191,0.042553191,0.042553191,0.042553191,0.042553191,0.042553191,0.042553191,0.042553191,0.042553191,0.042553191,0.041489362,0.041489362,0.040425532,0.040425532,0.040425532
CHN,REF,7,2,0.040425532,0.040425532,0.040425532,0.040425532,0.040425532,0.041489362,0.041489362,0.042553191,0.042553191,0.042553191,0.042553191,0.042553191,0.042553191,0.042553191,0.042553191,0.042553191,0.042553191,0.042553191,0.042553191,0.041489362,0.041489362,0.040425532,0.040425532,0.040425532
CHN,REF,7,3,0.040425532,0.040425532,0.040425532,0.040425532,0.040425532,0.041489362,0.041489362,0.042553191,0.042553191,0.042553191,0.042553191,0.042553191,0.042553191,0.042553191,0.042553191,0.042553191,0.042553191,0.042553191,0.042553191,0.041489362,0.041489362,0.040425532,0.040425532,0.040425532
CHN,REF,8,1,0.040425532,0.040425532,0.040425532,0.040425532,0.040425532,0.041489362,0.041489362,0.042553191,0.042553191,0.042553191,0.042553191,0.042553191,0.042553191,0.042553191,0.042553191,0.042553191,0.042553191,0.042553191,0.042553191,0.041489362,0.041489362,0.040425532,0.040425532,0.040425532
CHN,REF,8,2,0.040425532,0.040425532,0.040425532,0.040425532,0.040425532,0.041489362,0.041489362,0.042553191,0.042553191,0.042553191,0.042553191,0.042553191,0.042553191,0.042553191,0.042553191,0.042553191,0.042553191,0.042553191,0.042553191,0.041489362,0.041489362,0.040425532,0.040425532,0.040425532
CHN,REF,8,3,0.040425532,0.040425532,0.040425532,0.040425532,0.040425532,0.041489362,0.041489362,0.042553191,0.042553191,0.042553191,0.042553191,0.042553191,0.042553191,0.042553191,0.042553191,0.042553191,0.042553191,0.042553191,0.042553191,0.041489362,0.041489362,0.040425532,0.040425532,0.040425532
CHN,REF,9,1,0.040425532,0.040425532,0.040425532,0.040425532,0.040425532,0.041489362,0.041489362,0.042553191,0.042553191,0.042553191,0.042553191,0.042553191,0.042553191,0.042553191,0.042553191,0.042553191,0.042553191,0.042553191,0.042553191,0.041489362,0.041489362,0.040425532,0.040425532,0.040425532
CHN,REF,9,2,0.040425532,0.040425532,0.040425532,0.040425532,0.040425532,0.041489362,0.041489362,0.042553191,0.042553191,0.042553191,0.042553191,0.042553191,0.042553191,0.042553191,0.042553191,0.042553191,0.042553191,0.042553191,0.042553191,0.041489362,0.041489362,0.040425532,0.040425532,0.040425532
CHN,REF,9,3,0.040425532,0.040425532,0.040425532,0.040425532,0.040425532,0.041489362,0.041489362,0.042553191,0.042553191,0.042553191,0.042553191,0.042553191,0.042553191,0.042553191,0.042553191,0.042553191,0.042553191,0.042553191,0.042553191,0.041489362,0.041489362,0.040425532,0.040425532,0.040425532
CHN,REF,10,1,0.040425532,0.040425532,0.040425532,0.040425532,0.040425532,0.041489362,0.041489362,0.042553191,0.042553191,0.042553191,0.042553191,0.042553191,0.042553191,0.042553191,0.042553191,0.042553191,0.042553191,0.042553191,0.042553191,0.041489362,0.041489362,0.040425532,0.040425532,0.040425532
CHN,REF,10,2,0.040425532,0.040425532,0.040425532,0.040425532,0.040425532,0.041489362,0.041489362,0.042553191,0.042553191,0.042553191,0.042553191,0.042553191,0.042553191,0.042553191,0.042553191,0.042553191,0.042553191,0.042553191,0.042553191,0.041489362,0.041489362,0.040425532,0.040425532,0.040425532
CHN,REF,10,3,0.040425532,0.040425532,0.040425532,0.040425532,0.040425532,0.041489362,0.041489362,0.042553191,0.042553191,0.042553191,0.042553191,0.042553191,0.042553191,0.042553191,0.042553191,0.042553191,0.042553191,0.042553191,0.042553191,0.041489362,0.041489362,0.040425532,0.040425532,0.040425532
CHN,REF,11,1,0.040425532,0.040425532,0.040425532,0.040425532,0.040425532,0.041489362,0.041489362,0.042553191,0.042553191,0.042553191,0.042553191,0.042553191,0.042553191,0.042553191,0.042553191,0.042553191,0.042553191,0.042553191,0.042553191,0.041489362,0.041489362,0.040425532,0.040425532,0.040425532
CHN,REF,11,2,0.040425532,0.040425532,0.040425532,0.040425532,0.040425532,0.041489362,0.041489362,0.042553191,0.042553191,0.042553191,0.042553191,0.042553191,0.042553191,0.042553191,0.042553191,0.042553191,0.042553191,0.042553191,0.042553191,0.041489362,0.041489362,0.040425532,0.040425532,0.040425532
CHN,REF,11,3,0.040425532,0.040425532,0.040425532,0.040425532,0.040425532,0.041489362,0.041489362,0.042553191,0.042553191,0.042553191,0.042553191,0.042553191,0.042553191,0.042553191,0.042553191,0.042553191,0.042553191,0.042553191,0.042553191,0.041489362,0.041489362,0.040425532,0.040425532,0.040425532
CHN,REF,12,1,0.040425532,0.040425532,0.040425532,0.040425532,0.040425532,0.041489362,0.041489362,0.042553191,0.042553191,0.042553191,0.042553191,0.042553191,0.042553191,0.042553191,0.042553191,0.042553191,0.042553191,0.042553191,0.042553191,0.041489362,0.041489362,0.040425532,0.040425532,0.040425532
CHN,REF,12,2,0.040425532,0.040425532,0.040425532,0.040425532,0.040425532,0.041489362,0.041489362,0.042553191,0.042553191,0.042553191,0.042553191,0.042553191,0.042553191,0.042553191,0.042553191,0.042553191,0.042553191,0.042553191,0.042553191,0.041489362,0.041489362,0.040425532,0.040425532,0.040425532
CHN,REF,12,3,0.040425532,0.040425532,0.040425532,0.040425532,0.040425532,0.041489362,0.041489362,0.042553191,0.042553191,0.042553191,0.042553191,0.042553191,0.042553191,0.042553191,0.042553191,0.042553191,0.042553191,0.042553191,0.042553191,0.041489362,0.041489362,0.040425532,0.040425532,0.040425532
CHN,SOL,1,1,0.020833333,0.014583333,0.008333333,0.004166667,0.004166667,0.008333333,0.03125,0.052083333,0.058333333,0.0625,0.0625,0.0625,0.0625,0.0625,0.0625,0.0625,0.0625,0.058333333,0.052083333,0.045833333,0.041666667,0.0375,0.033333333,0.029166667
CHN,SOL,1,2,0.03125,0.028125,0.025,0.022916667,0.022916667,0.025,0.036458333,0.046875,0.05,0.052083333,0.052083333,0.052083333,0.052083333,0.052083333,0.052083333,0.052083333,0.052083333,0.05,0.046875,0.04375,0.041666667,0.039583333,0.0375,0.035416667
CHN,SOL,1,3,0.036458333,0.034895833,0.033333333,0.032291667,0.032291667,0.033333333,0.0390625,0.044270833,0.045833333,0.046875,0.046875,0.046875,0.046875,0.046875,0.046875,0.046875,0.046875,0.045833333,0.044270833,0.042708333,0.041666667,0.040625,0.039583333,0.038541667
CHN,SOL,2,1,0.020833333,0.014583333,0.008333333,0.004166667,0.004166667,0.008333333,0.03125,0.052083333,0.058333333,0.0625,0.0625,0.0625,0.0625,0.0625,0.0625,0.0625,0.0625,0.058333333,0.052083333,0.045833333,0.041666667,0.0375,0.033333333,0.029166667
CHN,SOL,2,2,0.03125,0.028125,0.025,0.022916667,0.022916667,0.025,0.036458333,0.046875,0.05,0.052083333,0.052083333,0.052083333,0.052083333,0.052083333,0.052083333,0.052083333,0.052083333,0.05,0.046875,0.04375,0.041666667,0.039583333,0.0375,0.035416667
CHN,SOL,2,3,0.036458333,0.034895833,0.033333333,0.032291667,0.032291667,0.033333333,0.0390625,0.044270833,0.045833333,0.046875,0.046875,0.046875,0.046875,0.046875,0.046875,0.046875,0.046875,0.045833333,0.044270833,0.042708333,0.041666667,0.040625,0.039583333,0.038541667
CHN,SOL,3,1,0.020833333,0.014583333,0.008333333,0.004166667,0.004166667,0.008333333,0.03125,0.052083333,0.058333333,0.0625,0.0625,0.0625,0.0625,0.0625,0.0625,0.0625,0.0625,0.058333333,0.052083333,0.045833333,0.041666667,0.0375,0.033333333,0.029166667
CHN,SOL,3,2,0.03125,0.028125,0.025,0.022916667,0.022916667,0.025,0.036458333,0.046875,0.05,0.052083333,0.052083333,0.052083333,0.052083333,0.052083333,0.052083333,0.052083333,0.052083333,0.05,0.046875,0.04375,0.041666667,0.039583333,0.0375,0.035416667
CHN,SOL,3,3,0.036458333,0.034895833,0.033333333,0.032291667,0.032291667,0.033333333,0.0390625,0.044270833,0.045833333,0.046875,0.046875,0.046875,0.046875,0.046875,0.046875,0.046875,0.046875,0.045833333,0.044270833,0.042708333,0.041666667,0.040625,0.039583333,0.038541667
CHN,SOL,4,1,0.020833333,0.014583333,0.008333333,0.004166667,0.004166667,0.008333333,0.03125,0.052083333,0.058333333,0.0625,0.0625,0.0625,0.0625,0.0625,0.0625,0.0625,0.0625,0.058333333,0.052083333,0.045833333,0.041666667,0.0375,0.033333333,0.029166667
CHN,SOL,4,2,0.03125,0.028125,0.025,0.022916667,0.022916667,0.025,0.036458333,0.046875,0.05,0.052083333,0.052083333,0.052083333,0.052083333,0.052083333,0.052083333,0.052083333,0.052083333,0.05,0.046875,0.04375,0.041666667,0.039583333,0.0375,0.035416667
CHN,SOL,4,3,0.036458333,0.034895833,0.033333333,0.032291667,0.032291667,0.033333333,0.0390625,0.044270833,0.045833333,0.046875,0.046875,0.046875,0.046875,0.046875,0.046875,0.046875,0.046875,0.045833333,0.044270833,0.042708333,0.041666667,0.040625,0.039583333,0.038541667
CHN,SOL,5,1,0.020833333,0.014583333,0.008333333,0.004166667,0.004166667,0.008333333,0.03125,0.052083333,0.058333333,0.0625,0.0625,0.0625,0.0625,0.0625,0.0625,0.0625,0.0625,0.058333333,0.052083333,0.045833333,0.041666667,0.0375,0.033333333,0.029166667
CHN,SOL,5,2,0.03125,0.028125,0.025,0.022916667,0.022916667,0.025,0.036458333,0.046875,0.05,0.052083333,0.052083333,0.052083333,0.052083333,0.052083333,0.052083333,0.052083333,0.052083333,0.05,0.046875,0.04375,0.041666667,0.039583333,0.0375,0.035416667
CHN,SOL,5,3,0.036458333,0.034895833,0.033333333,0.032291667,0.032291667,0.033333333,0.0390625,0.044270833,0.045833333,0.046875,0.046875,0.046875,0.046875,0.046875,0.046875,0.046875,0.046875,0.045833333,0.044270833,0.042708333,0.041666667,0.040625,0.039583333,0.038541667
CHN,SOL,6,1,0.020833333,0.014583333,0.008333333,0.004166667,0.004166667,0.008333333,0.03125,0.052083333,0.058333333,0.0625,0.0625,0.0625,0.0625,0.0625,0.0625,0.0625,0.0625,0.058333333,0.052083333,0.045833333,0.041666667,0.0375,0.033333333,0.029166667
CHN,SOL,6,2,0.03125,0.028125,0.025,0.022916667,0.022916667,0.025,0.036458333,0.046875,0.05,0.052083333,0.052083333,0.052083333,0.052083333,0.052083333,0.052083333,0.052083333,0.052083333,0.05,0.046875,0.04375,0.041666667,0.039583333,0.0375,0.035416667
CHN,SOL,6,3,0.036458333,0.034895833,0.033333333,0.032291667,0.032291667,0.033333333,0.0390625,0.044270833,0.045833333,0.046875,0.046875,0.046875,0.046875,0.046875,0.046875,0.046875,0.046875,0.045833333,0.044270833,0.042708333,0.041666667,0.040625,0.039583333,0.038541667
CHN,SOL,7,1,0.020833333,0.014583333,0.008333333,0.004166667,0.004166667,0.008333333,0.03125,0.052083333,0.058333333,0.0625,0.0625,0.0625,0.0625,0.0625,0.0625,0.0625,0.0625,0.058333333,0.052083333,0.045833333,0.041666667,0.0375,0.033333333,0.029166667
CHN,SOL,7,2,0.03125,0.028125,0.025,0.022916667,0.022916667,0.025,0.036458333,0.046875,0.05,0.052083333,0.052083333,0.052083333,0.052083333,0.052083333,0.052083333,0.052083333,0.052083333,0.05,0.046875,0.04375,0.041666667,0.039583333,0.0375,0.035416667
CHN,SOL,7,3,0.036458333,0.034895833,0.033333333,0.032291667,0.032291667,0.033333333,0.0390625,0.044270833,0.045833333,0.046875,0.046875,0.046875,0.046875,0.046875,0.046875,0.046875,0.046875,0.045833333,0.044270833,0.042708333,0.041666667,0.040625,0.039583333,0.038541667
CHN,SOL,8,1,0.020833333,0.014583333,0.008333333,0.004166667,0.004166667,0.008333333,0.03125,0.052083333,0.058333333,0.0625,0.0625,0.0625,0.0625,0.0625,0.0625,0.0625,0.0625,0.058333333,0.052083333,0.045833333,0.041666667,0.0375,0.033333333,0.029166667
CHN,SOL,8,2,0.03125,0.028125,0.025,0.022916667,0.022916667,0.025,0.036458333,0.046875,0.05,0.052083333,0.052083333,0.052083333,0.052083333,0.052083333,0.052083333,0.052083333,0.052083333,0.05,0.046875,0.04375,0.041666667,0.039583333,0.0375,0.035416667
CHN,SOL,8,3,0.036458333,0.034895833,0.033333333,0.032291667,0.032291667,0.033333333,0.0390625,0.044270833,0.045833333,0.046875,0.046875,0.046875,0.046875,0.046875,0.046875,0.046875,0.046875,0.045833333,0.044270833,0.042708333,0.041666667,0.040625,0.039583333,0.038541667
CHN,SOL,9,1,0.020833333,0.014583333,0.008333333,0.004166667,0.004166667,0.008333333,0.03125,0.052083333,0.058333333,0.0625,0.0625,0.0625,0.0625,0.0625,0.0625,0.0625,0.0625,0.058333333,0.052083333,0.045833333,0.041666667,0.0375,0.033333333,0.029166667
CHN,SOL,9,2,0.03125,0.028125,0.025,0.022916667,0.022916667,0.025,0.036458333,0.046875,0.05,0.052083333,0.052083333,0.052083333,0.052083333,0.052083333,0.052083333,0.052083333,0.052083333,0.05,0.046875,0.04375,0.041666667,0.039583333,0.0375,0.035416667
CHN,SOL,9,3,0.036458333,0.034895833,0.033333333,0.032291667,0.032291667,0.033333333,0.0390625,0.044270833,0.045833333,0.046875,0.046875,0.046875,0.046875,0.046875,0.046875,0.046875,0.046875,0.045833333,0.044270833,0.042708333,0.041666667,0.040625,0.039583333,0.038541667
CHN,SOL,10,1,0.020833333,0.014583333,0.008333333,0.004166667,0.004166667,0.008333333,0.03125,0.052083333,0.058333333,0.0625,0.0625,0.0625,0.0625,0.0625,0.0625,0.0625,0.0625,0.058333333,0.052083333,0.045833333,0.041666667,0.0375,0.033333333,0.029166667
CHN,SOL,10,2,0.03125,0.028125,0.025,0.022916667,0.022916667,0.025,0.036458333,0.046875,0.05,0.052083333,0.052083333,0.052083333,0.052083333,0.052083333,0.052083333,0.052083333,0.052083333,0.05,0.046875,0.04375,0.041666667,0.039583333,0.0375,0.035416667
CHN,SOL,10,3,0.036458333,0.034895833,0.033333333,0.032291667,0.032291667,0.033333333,0.0390625,0.044270833,0.045833333,0.046875,0.046875,0.046875,0.046875,0.046875,0.046875,0.046875,0.046875,0.045833333,0.044270833,0.042708333,0.041666667,0.040625,0.039583333,0.038541667
CHN,SOL,11,1,0.020833333,0.014583333,0.008333333,0.004166667,0.004166667,0.008333333,0.03125,0.052083333,0.058333333,0.0625,0.0625,0.0625,0.0625,0.0625,0.0625,0.0625,0.0625,0.058333333,0.052083333,0.045833333,0.041666667,0.0375,0.033333333,0.029166667
CHN,SOL,11,2,0.03125,0.028125,0.025,0.022916667,0.022916667,0.025,0.036458333,0.046875,0.05,0.052083333,0.052083333,0.052083333,0.052083333,0.052083333,0.052083333,0.052083333,0.052083333,0.05,0.046875,0.04375,0.041666667,0.039583333,0.0375,0.035416667
CHN,SOL,11,3,0.036458333,0.034895833,0.033333333,0.032291667,0.032291667,0.033333333,0.0390625,0.044270833,0.045833333,0.046875,0.046875,0.046875,0.046875,0.046875,0.046875,0.046875,0.046875,0.045833333,0.044270833,0.042708333,0.041666667,0.040625,0.039583333,0.038541667
CHN,SOL,12,1,0.020833333,0.014583333,0.008333333,0.004166667,0.004166667,0.008333333,0.03125,0.052083333,0.058333333,0.0625,0.0625,0.0625,0.0625,0.0625,0.0625,0.0625,0.0625,0.058333333,0.052083333,0.045833333,0.041666667,0.0375,0.033333333,0.029166667
CHN,SOL,12,2,0.03125,0.028125,0.025,0.022916667,0.022916667,0.025,0.036458333,0.046875,0.05,0.052083333,0.052083333,0.052083333,0.052083333,0.052083333,0.052083333,0.052083333,0.052083333,0.05,0.046875,0.04375,0.041666667,0.039583333,0.0375,0.035416667
CHN,SOL,12,3,0.036458333,0.034895833,0.033333333,0.032291667,0.032291667,0.033333333,0.0390625,0.044270833,0.045833333,0.046875,0.046875,0.046875,0.046875,0.046875,0.046875,0.046875,0.046875,0.045833333,0.044270833,0.042708333,0.041666667,0.040625,0.039583333,0.038541667
CHN,SWD,1,1,0.041666667,0.041666667,0.041666667,0.041666667,0.041666667,0.041666667,0.041666667,0.041666667,0.041666667,0.041666667,0.041666667,0.041666667,0.041666667,0.041666667,0.041666667,0.041666667,0.041666667,0.041666667,0.041666667,0.041666667,0.041666667,0.041666667,0.041666667,0.041666667
CHN,SWD,1,2,0.041666667,0.041666667,0.041666667,0.041666667,0.041666667,0.041666667,0.041666667,0.041666667,0.041666667,0.041666667,0.041666667,0.041666667,0.041666667,0.041666667,0.041666667,0.041666667,0.041666667,0.041666667,0.041666667,0.041666667,0.041666667,0.041666667,0.041666667,0.041666667
CHN,SWD,1,3,0.041666667,0.041666667,0.041666667,0.041666667,0.041666667,0.041666667,0.041666667,0.041666667,0.041666667,0.041666667,0.041666667,0.041666667,0.041666667,0.041666667,0.041666667,0.041666667,0.041666667,0.041666667,0.041666667,0.041666667,0.041666667,0.041666667,0.041666667,0.041666667
CHN,SWD,2,1,0.041666667,0.041666667,0.041666667,0.041666667,0.041666667,0.041666667,0.041666667,0.041666667,0.041666667,0.041666667,0.041666667,0.041666667,0.041666667,0.041666667,0.041666667,0.041666667,0.041666667,0.041666667,0.041666667,0.041666667,0.041666667,0.041666667,0.041666667,0.041666667
CHN,SWD,2,2,0.041666667,0.041666667,0.041666667,0.041666667,0.041666667,0.041666667,0.041666667,0.041666667,0.041666667,0.041666667,0.041666667,0.041666667,0.041666667,0.041666667,0.041666667,0.041666667,0.041666667,0.041666667,0.041666667,0.041666667,0.041666667,0.041666667,0.041666667,0.041666667
CHN,SWD,2,3,0.041666667,0.041666667,0.041666667,0.041666667,0.041666667,0.041666667,0.041666667,0.041666667,0.041666667,0.041666667,0.041666667,0.041666667,0.041666667,0.041666667,0.041666667,0.041666667,0.041666667,0.041666667,0.041666667,0.041666667,0.041666667,0.041666667,0.041666667,0.041666667
CHN,SWD,3,1,0.041666667,0.041666667,0.041666667,0.041666667,0.041666667,0.041666667,0.041666667,0.041666667,0.041666667,0.041666667,0.041666667,0.041666667,0.041666667,0.041666667,0.041666667,0.041666667,0.041666667,0.041666667,0.041666667,0.041666667,0.041666667,0.041666667,0.041666667,0.041666667
CHN,SWD,3,2,0.041666667,0.041666667,0.041666667,0.041666667,0.041666667,0.041666667,0.041666667,0.041666667,0.041666667,0.041666667,0.041666667,0.041666667,0.041666667,0.041666667,0.041666667,0.041666667,0.041666667,0.041666667,0.041666667,0.041666667,0.041666667,0.041666667,0.041666667,0.041666667
CHN,SWD,3,3,0.041666667,0.041666667,0.041666667,0.041666667,0.041666667,0.041666667,0.041666667,0.041666667,0.041666667,0.041666667,0.041666667,0.041666667,0.041666667,0.041666667,0.041666667,0.041666667,0.041666667,0.041666667,0.041666667,0.041666667,0.041666667,0.041666667,0.041666667,0.041666667
CHN,SWD,4,1,0.041666667,0.041666667,0.041666667,0.041666667,0.041666667,0.041666667,0.041666667,0.041666667,0.041666667,0.041666667,0.041666667,0.041666667,0.041666667,0.041666667,0.041666667,0.041666667,0.041666667,0.041666667,0.041666667,0.041666667,0.041666667,0.041666667,0.041666667,0.041666667
CHN,SWD,4,2,0.041666667,0.041666667,0.041666667,0.041666667,0.041666667,0.041666667,0.041666667,0.041666667,0.041666667,0.041666667,0.041666667,0.041666667,0.041666667,0.041666667,0.041666667,0.041666667,0.041666667,0.041666667,0.041666667,0.041666667,0.041666667,0.041666667,0.041666667,0.041666667
CHN,SWD,4,3,0.041666667,0.041666667,0.041666667,0.041666667,0.041666667,0.041666667,0.041666667,0.041666667,0.041666667,0.041666667,0.041666667,0.041666667,0.041666667,0.041666667,0.041666667,0.041666667,0.041666667,0.041666667,0.041666667,0.041666667,0.041666667,0.041666667,0.041666667,0.041666667
CHN,SWD,5,1,0.041666667,0.041666667,0.041666667,0.041666667,0.041666667,0.041666667,0.041666667,0.041666667,0.041666667,0.041666667,0.041666667,0.041666667,0.041666667,0.041666667,0.041666667,0.041666667,0.041666667,0.041666667,0.041666667,0.041666667,0.041666667,0.041666667,0.041666667,0.041666667
CHN,SWD,5,2,0.041666667,0.041666667,0.041666667,0.041666667,0.041666667,0.041666667,0.041666667,0.041666667,0.041666667,0.041666667,0.041666667,0.041666667,0.041666667,0.041666667,0.041666667,0.041666667,0.041666667,0.041666667,0.041666667,0.041666667,0.041666667,0.041666667,0.041666667,0.041666667
CHN,SWD,5,3,0.041666667,0.041666667,0.041666667,0.041666667,0.041666667,0.041666667,0.041666667,0.041666667,0.041666667,0.041666667,0.041666667,0.041666667,0.041666667,0.041666667,0.041666667,0.041666667,0.041666667,0.041666667,0.041666667,0.041666667,0.041666667,0.041666667,0.041666667,0.041666667
CHN,SWD,6,1,0.041666667,0.041666667,0.041666667,0.041666667,0.041666667,0.041666667,0.041666667,0.041666667,0.041666667,0.041666667,0.041666667,0.041666667,0.041666667,0.041666667,0.041666667,0.041666667,0.041666667,0.041666667,0.041666667,0.041666667,0.041666667,0.041666667,0.041666667,0.041666667
CHN,SWD,6,2,0.041666667,0.041666667,0.041666667,0.041666667,0.041666667,0.041666667,0.041666667,0.041666667,0.041666667,0.041666667,0.041666667,0.041666667,0.041666667,0.041666667,0.041666667,0.041666667,0.041666667,0.041666667,0.041666667,0.041666667,0.041666667,0.041666667,0.041666667,0.041666667
CHN,SWD,6,3,0.041666667,0.041666667,0.041666667,0.041666667,0.041666667,0.041666667,0.041666667,0.041666667,0.041666667,0.041666667,0.041666667,0.041666667,0.041666667,0.041666667,0.041666667,0.041666667,0.041666667,0.041666667,0.041666667,0.041666667,0.041666667,0.041666667,0.041666667,0.041666667
CHN,SWD,7,1,0.041666667,0.041666667,0.041666667,0.041666667,0.041666667,0.041666667,0.041666667,0.041666667,0.041666667,0.041666667,0.041666667,0.041666667,0.041666667,0.041666667,0.041666667,0.041666667,0.041666667,0.041666667,0.041666667,0.041666667,0.041666667,0.041666667,0.041666667,0.041666667
CHN,SWD,7,2,0.041666667,0.041666667,0.041666667,0.041666667,0.041666667,0.041666667,0.041666667,0.041666667,0.041666667,0.041666667,0.041666667,0.041666667,0.041666667,0.041666667,0.041666667,0.041666667,0.041666667,0.041666667,0.041666667,0.041666667,0.041666667,0.041666667,0.041666667,0.041666667
CHN,SWD,7,3,0.041666667,0.041666667,0.041666667,0.041666667,0.041666667,0.041666667,0.041666667,0.041666667,0.041666667,0.041666667,0.041666667,0.041666667,0.041666667,0.041666667,0.041666667,0.041666667,0.041666667,0.041666667,0.041666667,0.041666667,0.041666667,0.041666667,0.041666667,0.041666667
CHN,SWD,8,1,0.041666667,0.041666667,0.041666667,0.041666667,0.041666667,0.041666667,0.041666667,0.041666667,0.041666667,0.041666667,0.041666667,0.041666667,0.041666667,0.041666667,0.041666667,0.041666667,0.041666667,0.041666667,0.041666667,0.041666667,0.041666667,0.041666667,0.041666667,0.041666667
CHN,SWD,8,2,0.041666667,0.041666667,0.041666667,0.041666667,0.041666667,0.041666667,0.041666667,0.041666667,0.041666667,0.041666667,0.041666667,0.041666667,0.041666667,0.041666667,0.041666667,0.041666667,0.041666667,0.041666667,0.041666667,0.041666667,0.041666667,0.041666667,0.041666667,0.041666667
CHN,SWD,8,3,0.041666667,0.041666667,0.041666667,0.041666667,0.041666667,0.041666667,0.041666667,0.041666667,0.041666667,0.041666667,0.041666667,0.041666667,0.041666667,0.041666667,0.041666667,0.041666667,0.041666667,0.041666667,0.041666667,0.041666667,0.041666667,0.041666667,0.041666667,0.041666667
CHN,SWD,9,1,0.041666667,0.041666667,0.041666667,0.041666667,0.041666667,0.041666667,0.041666667,0.041666667,0.041666667,0.041666667,0.041666667,0.041666667,0.041666667,0.041666667,0.041666667,0.041666667,0.041666667,0.041666667,0.041666667,0.041666667,0.041666667,0.041666667,0.041666667,0.041666667
CHN,SWD,9,2,0.041666667,0.041666667,0.041666667,0.041666667,0.041666667,0.041666667,0.041666667,0.041666667,0.041666667,0.041666667,0.041666667,0.041666667,0.041666667,0.041666667,0.041666667,0.041666667,0.041666667,0.041666667,0.041666667,0.041666667,0.041666667,0.041666667,0.041666667,0.041666667
CHN,SWD,9,3,0.041666667,0.041666667,0.041666667,0.041666667,0.041666667,0.041666667,0.041666667,0.041666667,0.041666667,0.041666667,0.041666667,0.041666667,0.041666667,0.041666667,0.041666667,0.041666667,0.041666667,0.041666667,0.041666667,0.041666667,0.041666667,0.041666667,0.041666667,0.041666667
CHN,SWD,10,1,0.041666667,0.041666667,0.041666667,0.041666667,0.041666667,0.041666667,0.041666667,0.041666667,0.041666667,0.041666667,0.041666667,0.041666667,0.041666667,0.041666667,0.041666667,0.041666667,0.041666667,0.041666667,0.041666667,0.041666667,0.041666667,0.041666667,0.041666667,0.041666667
CHN,SWD,10,2,0.041666667,0.041666667,0.041666667,0.041666667,0.041666667,0.041666667,0.041666667,0.041666667,0.041666667,0.041666667,0.041666667,0.041666667,0.041666667,0.041666667,0.041666667,0.041666667,0.041666667,0.041666667,0.041666667,0.041666667,0.041666667,0.041666667,0.041666667,0.041666667
CHN,SWD,10,3,0.041666667,0.041666667,0.041666667,0.041666667,0.041666667,0.041666667,0.041666667,0.041666667,0.041666667,0.041666667,0.041666667,0.041666667,0.041666667,0.041666667,0.041666667,0.041666667,0.041666667,0.041666667,0.041666667,0.041666667,0.041666667,0.041666667,0.041666667,0.041666667
CHN,SWD,11,1,0.041666667,0.041666667,0.041666667,0.041666667,0.041666667,0.041666667,0.041666667,0.041666667,0.041666667,0.041666667,0.041666667,0.041666667,0.041666667,0.041666667,0.041666667,0.041666667,0.041666667,0.041666667,0.041666667,0.041666667,0.041666667,0.041666667,0.041666667,0.041666667
CHN,SWD,11,2,0.041666667,0.041666667,0.041666667,0.041666667,0.041666667,0.041666667,0.041666667,0.041666667,0.041666667,0.041666667,0.041666667,0.041666667,0.041666667,0.041666667,0.041666667,0.041666667,0.041666667,0.041666667,0.041666667,0.041666667,0.041666667,0.041666667,0.041666667,0.041666667
CHN,SWD,11,3,0.041666667,0.041666667,0.041666667,0.041666667,0.041666667,0.041666667,0.041666667,0.041666667,0.041666667,0.041666667,0.041666667,0.041666667,0.041666667,0.041666667,0.041666667,0.041666667,0.041666667,0.041666667,0.041666667,0.041666667,0.041666667,0.041666667,0.041666667,0.041666667
CHN,SWD,12,1,0.041666667,0.041666667,0.041666667,0.041666667,0.041666667,0.041666667,0.041666667,0.041666667,0.041666667,0.041666667,0.041666667,0.041666667,0.041666667,0.041666667,0.041666667,0.041666667,0.041666667,0.041666667,0.041666667,0.041666667,0.041666667,0.041666667,0.041666667,0.041666667
CHN,SWD,12,2,0.041666667,0.041666667,0.041666667,0.041666667,0.041666667,0.041666667,0.041666667,0.041666667,0.041666667,0.041666667,0.041666667,0.041666667,0.041666667,0.041666667,0.041666667,0.041666667,0.041666667,0.041666667,0.041666667,0.041666667,0.041666667,0.041666667,0.041666667,0.041666667
CHN,SWD,12,3,0.041666667,0.041666667,0.041666667,0.041666667,0.041666667,0.041666667,0.041666667,0.041666667,0.041666667,0.041666667,0.041666667,0.041666667,0.041666667,0.041666667,0.041666667,0.041666667,0.041666667,0.041666667,0.041666667,0.041666667,0.041666667,0.041666667,0.041666667,0.041666667
CHN,TNR,1,1,0.005039,0.005039,0.004436371,0.00592371,0.0113089,0.03037504,0.058886633,0.058886633,0.058886633,0.058886633,0.058886633,0.058886633,0.058886633,0.058886633,0.058886633,0.058886633,0.058886633,0.058886633,0.058886633,0.058788331,0.0423635,0.030772518,0.024220536,0.01620686
CHN,TNR,1,2,0.005039,0.005039,0.004436371,0.00592371,0.0113089,0.03037504,0.058886633,0.058886633,0.058886633,0.058886633,0.058886633,0.058886633,0.058886633,0.058886633,0.058886633,0.058886633,0.058886633,0.058886633,0.058886633,0.058788331,0.0423635,0.030772518,0.024220536,0.01620686
CHN,TNR,1,3,0.005039,0.005039,0.004436371,0.00592371,0.0113089,0.03037504,0.058886633,0.058886633,0.058886633,0.058886633,0.058886633,0.058886633,0.058886633,0.058886633,0.058886633,0.058886633,0.058886633,0.058886633,0.058886633,0.058788331,0.0423635,0.030772518,0.024220536,0.01620686
CHN,TNR,2,1,0.005039,0.005039,0.004436371,0.00592371,0.0113089,0.03037504,0.058886633,0.058886633,0.058886633,0.058886633,0.058886633,0.058886633,0.058886633,0.058886633,0.058886633,0.058886633,0.058886633,0.058886633,0.058886633,0.058788331,0.0423635,0.030772518,0.024220536,0.01620686
CHN,TNR,2,2,0.005039,0.005039,0.004436371,0.00592371,0.0113089,0.03037504,0.058886633,0.058886633,0.058886633,0.058886633,0.058886633,0.058886633,0.058886633,0.058886633,0.058886633,0.058886633,0.058886633,0.058886633,0.058886633,0.058788331,0.0423635,0.030772518,0.024220536,0.01620686
CHN,TNR,2,3,0.005039,0.005039,0.004436371,0.00592371,0.0113089,0.03037504,0.058886633,0.058886633,0.058886633,0.058886633,0.058886633,0.058886633,0.058886633,0.058886633,0.058886633,0.058886633,0.058886633,0.058886633,0.058886633,0.058788331,0.0423635,0.030772518,0.024220536,0.01620686
CHN,TNR,3,1,0.005039,0.005039,0.004436371,0.00592371,0.0113089,0.03037504,0.058886633,0.058886633,0.058886633,0.058886633,0.058886633,0.058886633,0.058886633,0.058886633,0.058886633,0.058886633,0.058886633,0.058886633,0.058886633,0.058788331,0.0423635,0.030772518,0.024220536,0.01620686
CHN,TNR,3,2,0.005039,0.005039,0.004436371,0.00592371,0.0113089,0.03037504,0.058886633,0.058886633,0.058886633,0.058886633,0.058886633,0.058886633,0.058886633,0.058886633,0.058886633,0.058886633,0.058886633,0.058886633,0.058886633,0.058788331,0.0423635,0.030772518,0.024220536,0.01620686
CHN,TNR,3,3,0.005039,0.005039,0.004436371,0.00592371,0.0113089,0.03037504,0.058886633,0.058886633,0.058886633,0.058886633,0.058886633,0.058886633,0.058886633,0.058886633,0.058886633,0.058886633,0.058886633,0.058886633,0.058886633,0.058788331,0.0423635,0.030772518,0.024220536,0.01620686
CHN,TNR,4,1,0.005039,0.005039,0.004436371,0.00592371,0.0113089,0.03037504,0.058886633,0.058886633,0.058886633,0.058886633,0.058886633,0.058886633,0.058886633,0.058886633,0.058886633,0.058886633,0.058886633,0.058886633,0.058886633,0.058788331,0.0423635,0.030772518,0.024220536,0.01620686
CHN,TNR,4,2,0.005039,0.005039,0.004436371,0.00592371,0.0113089,0.03037504,0.058886633,0.058886633,0.058886633,0.058886633,0.058886633,0.058886633,0.058886633,0.058886633,0.058886633,0.058886633,0.058886633,0.058886633,0.058886633,0.058788331,0.0423635,0.030772518,0.024220536,0.01620686
CHN,TNR,4,3,0.005039,0.005039,0.004436371,0.00592371,0.0113089,0.03037504,0.058886633,0.058886633,0.058886633,0.058886633,0.058886633,0.058886633,0.058886633,0.058886633,0.058886633,0.058886633,0.058886633,0.058886633,0.058886633,0.058788331,0.0423635,0.030772518,0.024220536,0.01620686
CHN,TNR,5,1,0.005039,0.005039,0.004436371,0.00592371,0.0113089,0.03037504,0.058886633,0.058886633,0.058886633,0.058886633,0.058886633,0.058886633,0.058886633,0.058886633,0.058886633,0.058886633,0.058886633,0.058886633,0.058886633,0.058788331,0.0423635,0.030772518,0.024220536,0.01620686
CHN,TNR,5,2,0.005039,0.005039,0.004436371,0.00592371,0.0113089,0.03037504,0.058886633,0.058886633,0.058886633,0.058886633,0.058886633,0.058886633,0.058886633,0.058886633,0.058886633,0.058886633,0.058886633,0.058886633,0.058886633,0.058788331,0.0423635,0.030772518,0.024220536,0.01620686
CHN,TNR,5,3,0.005039,0.005039,0.004436371,0.00592371,0.0113089,0.03037504,0.058886633,0.058886633,0.058886633,0.058886633,0.058886633,0.058886633,0.058886633,0.058886633,0.058886633,0.058886633,0.058886633,0.058886633,0.058886633,0.058788331,0.0423635,0.030772518,0.024220536,0.01620686
CHN,TNR,6,1,0.005039,0.005039,0.004436371,0.00592371,0.0113089,0.03037504,0.058886633,0.058886633,0.058886633,0.058886633,0.058886633,0.058886633,0.058886633,0.058886633,0.058886633,0.058886633,0.058886633,0.058886633,0.058886633,0.058788331,0.0423635,0.030772518,0.024220536,0.01620686
CHN,TNR,6,2,0.005039,0.005039,0.004436371,0.00592371,0.0113089,0.03037504,0.058886633,0.058886633,0.058886633,0.058886633,0.058886633,0.058886633,0.058886633,0.058886633,0.058886633,0.058886633,0.058886633,0.058886633,0.058886633,0.058788331,0.0423635,0.030772518,0.024220536,0.01620686
CHN,TNR,6,3,0.005039,0.005039,0.004436371,0.00592371,0.0113089,0.03037504,0.058886633,0.058886633,0.058886633,0.058886633,0.058886633,0.058886633,0.058886633,0.058886633,0.058886633,0.058886633,0.058886633,0.058886633,0.058886633,0.058788331,0.0423635,0.030772518,0.024220536,0.01620686
CHN,TNR,7,1,0.005039,0.005039,0.004436371,0.00592371,0.0113089,0.03037504,0.058886633,0.058886633,0.058886633,0.058886633,0.058886633,0.058886633,0.058886633,0.058886633,0.058886633,0.058886633,0.058886633,0.058886633,0.058886633,0.058788331,0.0423635,0.030772518,0.024220536,0.01620686
CHN,TNR,7,2,0.005039,0.005039,0.004436371,0.00592371,0.0113089,0.03037504,0.058886633,0.058886633,0.058886633,0.058886633,0.058886633,0.058886633,0.058886633,0.058886633,0.058886633,0.058886633,0.058886633,0.058886633,0.058886633,0.058788331,0.0423635,0.030772518,0.024220536,0.01620686
CHN,TNR,7,3,0.005039,0.005039,0.004436371,0.00592371,0.0113089,0.03037504,0.058886633,0.058886633,0.058886633,0.058886633,0.058886633,0.058886633,0.058886633,0.058886633,0.058886633,0.058886633,0.058886633,0.058886633,0.058886633,0.058788331,0.0423635,0.030772518,0.024220536,0.01620686
CHN,TNR,8,1,0.005039,0.005039,0.004436371,0.00592371,0.0113089,0.03037504,0.058886633,0.058886633,0.058886633,0.058886633,0.058886633,0.058886633,0.058886633,0.058886633,0.058886633,0.058886633,0.058886633,0.058886633,0.058886633,0.058788331,0.0423635,0.030772518,0.024220536,0.01620686
CHN,TNR,8,2,0.005039,0.005039,0.004436371,0.00592371,0.0113089,0.03037504,0.058886633,0.058886633,0.058886633,0.058886633,0.058886633,0.058886633,0.058886633,0.058886633,0.058886633,0.058886633,0.058886633,0.058886633,0.058886633,0.058788331,0.0423635,0.030772518,0.024220536,0.01620686
CHN,TNR,8,3,0.005039,0.005039,0.004436371,0.00592371,0.0113089,0.03037504,0.058886633,0.058886633,0.058886633,0.058886633,0.058886633,0.058886633,0.058886633,0.058886633,0.058886633,0.058886633,0.058886633,0.058886633,0.058886633,0.058788331,0.0423635,0.030772518,0.024220536,0.01620686
CHN,TNR,9,1,0.005039,0.005039,0.004436371,0.00592371,0.0113089,0.03037504,0.058886633,0.058886633,0.058886633,0.058886633,0.058886633,0.058886633,0.058886633,0.058886633,0.058886633,0.058886633,0.058886633,0.058886633,0.058886633,0.058788331,0.0423635,0.030772518,0.024220536,0.01620686
CHN,TNR,9,2,0.005039,0.005039,0.004436371,0.00592371,0.0113089,0.03037504,0.058886633,0.058886633,0.058886633,0.058886633,0.058886633,0.058886633,0.058886633,0.058886633,0.058886633,0.058886633,0.058886633,0.058886633,0.058886633,0.058788331,0.0423635,0.030772518,0.024220536,0.01620686
CHN,TNR,9,3,0.005039,0.005039,0.004436371,0.00592371,0.0113089,0.03037504,0.058886633,0.058886633,0.058886633,0.058886633,0.058886633,0.058886633,0.058886633,0.058886633,0.058886633,0.058886633,0.058886633,0.058886633,0.058886633,0.058788331,0.0423635,0.030772518,0.024220536,0.01620686
CHN,TNR,10,1,0.005039,0.005039,0.004436371,0.00592371,0.0113089,0.03037504,0.058886633,0.058886633,0.058886633,0.058886633,0.058886633,0.058886633,0.058886633,0.058886633,0.058886633,0.058886633,0.058886633,0.058886633,0.058886633,0.058788331,0.0423635,0.030772518,0.024220536,0.01620686
CHN,TNR,10,2,0.005039,0.005039,0.004436371,0.00592371,0.0113089,0.03037504,0.058886633,0.058886633,0.058886633,0.058886633,0.058886633,0.058886633,0.058886633,0.058886633,0.058886633,0.058886633,0.058886633,0.058886633,0.058886633,0.058788331,0.0423635,0.030772518,0.024220536,0.01620686
CHN,TNR,10,3,0.005039,0.005039,0.004436371,0.00592371,0.0113089,0.03037504,0.058886633,0.058886633,0.058886633,0.058886633,0.058886633,0.058886633,0.058886633,0.058886633,0.058886633,0.058886633,0.058886633,0.058886633,0.058886633,0.058788331,0.0423635,0.030772518,0.024220536,0.01620686
CHN,TNR,11,1,0.005039,0.005039,0.004436371,0.00592371,0.0113089,0.03037504,0.058886633,0.058886633,0.058886633,0.058886633,0.058886633,0.058886633,0.058886633,0.058886633,0.058886633,0.058886633,0.058886633,0.058886633,0.058886633,0.058788331,0.0423635,0.030772518,0.024220536,0.01620686
CHN,TNR,11,2,0.005039,0.005039,0.004436371,0.00592371,0.0113089,0.03037504,0.058886633,0.058886633,0.058886633,0.058886633,0.058886633,0.058886633,0.058886633,0.058886633,0.058886633,0.058886633,0.058886633,0.058886633,0.058886633,0.058788331,0.0423635,0.030772518,0.024220536,0.01620686
CHN,TNR,11,3,0.005039,0.005039,0.004436371,0.00592371,0.0113089,0.03037504,0.058886633,0.058886633,0.058886633,0.058886633,0.058886633,0.058886633,0.058886633,0.058886633,0.058886633,0.058886633,0.058886633,0.058886633,0.058886633,0.058788331,0.0423635,0.030772518,0.024220536,0.01620686
CHN,TNR,12,1,0.005039,0.005039,0.004436371,0.00592371,0.0113089,0.03037504,0.058886633,0.058886633,0.058886633,0.058886633,0.058886633,0.058886633,0.058886633,0.058886633,0.058886633,0.058886633,0.058886633,0.058886633,0.058886633,0.058788331,0.0423635,0.030772518,0.024220536,0.01620686
CHN,TNR,12,2,0.005039,0.005039,0.004436371,0.00592371,0.0113089,0.03037504,0.058886633,0.058886633,0.058886633,0.058886633,0.058886633,0.058886633,0.058886633,0.058886633,0.058886633,0.058886633,0.058886633,0.058886633,0.058886633,0.058788331,0.0423635,0.030772518,0.024220536,0.01620686
CHN,TNR,12,3,0.005039,0.005039,0.004436371,0.00592371,0.0113089,0.03037504,0.058886633,0.058886633,0.058886633,0.058886633,0.058886633,0.058886633,0.058886633,0.058886633,0.058886633,0.058886633,0.058886633,0.058886633,0.058886633,0.058788331,0.0423635,0.030772518,0.024220536,0.01620686
CHN,TRF,1,1,0.035556592,0.032406007,0.032406007,0.031955923,0.033306174,0.036006674,0.041407676,0.046261252,0.046261252,0.046261252,0.046261252,0.046261252,0.046261252,0.046261252,0.046261252,0.046261252,0.046224785,0.046224785,0.043791902,0.043791902,0.041359018,0.041359018,0.038926135,0.038926135
CHN,TRF,1,2,0.037622502,0.037410875,0.037410875,0.037193371,0.037845886,0.039150916,0.041760977,0.044711967,0.044711967,0.044711967,0.044711967,0.044711967,0.044711967,0.044711967,0.044711967,0.044711967,0.044676722,0.044676722,0.042325315,0.042325315,0.039973908,0.039973908,0.037622502,0.037622502
CHN,TRF,1,3,0.037128361,0.039448884,0.039448884,0.039817267,0.040139239,0.040783184,0.042071074,0.043788261,0.044124712,0.044124712,0.044124712,0.044124712,0.044124712,0.044124712,0.044124712,0.044124712,0.044002909,0.043680937,0.041769407,0.041769407,0.039448884,0.039448884,0.037128361,0.037128361
CHN,TRF,2,1,0.035556592,0.032406007,0.032406007,0.031955923,0.033306174,0.036006674,0.041407676,0.046261252,0.046261252,0.046261252,0.046261252,0.046261252,0.046261252,0.046261252,0.046261252,0.046261252,0.046224785,0.046224785,0.043791902,0.043791902,0.041359018,0.041359018,0.038926135,0.038926135
CHN,TRF,2,2,0.037622502,0.037410875,0.037410875,0.037193371,0.037845886,0.039150916,0.041760977,0.044711967,0.044711967,0.044711967,0.044711967,0.044711967,0.044711967,0.044711967,0.044711967,0.044711967,0.044676722,0.044676722,0.042325315,0.042325315,0.039973908,0.039973908,0.037622502,0.037622502
CHN,TRF,2,3,0.037128361,0.039448884,0.039448884,0.039817267,0.040139239,0.040783184,0.042071074,0.043788261,0.044124712,0.044124712,0.044124712,0.044124712,0.044124712,0.044124712,0.044124712,0.044124712,0.044002909,0.043680937,0.041769407,0.041769407,0.039448884,0.039448884,0.037128361,0.037128361
CHN,TRF,3,1,0.035556592,0.032406007,0.032406007,0.031955923,0.033306174,0.036006674,0.041407676,0.046261252,0.046261252,0.046261252,0.046261252,0.046261252,0.046261252,0.046261252,0.046261252,0.046261252,0.046224785,0.046224785,0.043791902,0.043791902,0.041359018,0.041359018,0.038926135,0.038926135
CHN,TRF,3,2,0.037622502,0.037410875,0.037410875,0.037193371,0.037845886,0.039150916,0.041760977,0.044711967,0.044711967,0.044711967,0.044711967,0.044711967,0.044711967,0.044711967,0.044711967,0.044711967,0.044676722,0.044676722,0.042325315,0.042325315,0.039973908,0.039973908,0.037622502,0.037622502
CHN,TRF,3,3,0.037128361,0.039448884,0.039448884,0.039817267,0.040139239,0.040783184,0.042071074,0.043788261,0.044124712,0.044124712,0.044124712,0.044124712,0.044124712,0.044124712,0.044124712,0.044124712,0.044002909,0.043680937,0.041769407,0.041769407,0.039448884,0.039448884,0.037128361,0.037128361
CHN,TRF,4,1,0.035556592,0.032406007,0.032406007,0.031955923,0.033306174,0.036006674,0.041407676,0.046261252,0.046261252,0.046261252,0.046261252,0.046261252,0.046261252,0.046261252,0.046261252,0.046261252,0.046224785,0.046224785,0.043791902,0.043791902,0.041359018,0.041359018,0.038926135,0.038926135
CHN,TRF,4,2,0.037622502,0.037410875,0.037410875,0.037193371,0.037845886,0.039150916,0.041760977,0.044711967,0.044711967,0.044711967,0.044711967,0.044711967,0.044711967,0.044711967,0.044711967,0.044711967,0.044676722,0.044676722,0.042325315,0.042325315,0.039973908,0.039973908,0.037622502,0.037622502
CHN,TRF,4,3,0.037128361,0.039448884,0.039448884,0.039817267,0.040139239,0.040783184,0.042071074,0.043788261,0.044124712,0.044124712,0.044124712,0.044124712,0.044124712,0.044124712,0.044124712,0.044124712,0.044002909,0.043680937,0.041769407,0.041769407,0.039448884,0.039448884,0.037128361,0.037128361
CHN,TRF,5,1,0.035556592,0.032406007,0.032406007,0.031955923,0.033306174,0.036006674,0.041407676,0.046261252,0.046261252,0.046261252,0.046261252,0.046261252,0.046261252,0.046261252,0.046261252,0.046261252,0.046224785,0.046224785,0.043791902,0.043791902,0.041359018,0.041359018,0.038926135,0.038926135
CHN,TRF,5,2,0.037622502,0.037410875,0.037410875,0.037193371,0.037845886,0.039150916,0.041760977,0.044711967,0.044711967,0.044711967,0.044711967,0.044711967,0.044711967,0.044711967,0.044711967,0.044711967,0.044676722,0.044676722,0.042325315,0.042325315,0.039973908,0.039973908,0.037622502,0.037622502
CHN,TRF,5,3,0.037128361,0.039448884,0.039448884,0.039817267,0.040139239,0.040783184,0.042071074,0.043788261,0.044124712,0.044124712,0.044124712,0.044124712,0.044124712,0.044124712,0.044124712,0.044124712,0.044002909,0.043680937,0.041769407,0.041769407,0.039448884,0.039448884,0.037128361,0.037128361
CHN,TRF,6,1,0.035556592,0.032406007,0.032406007,0.031955923,0.033306174,0.036006674,0.041407676,0.046261252,0.046261252,0.046261252,0.046261252,0.046261252,0.046261252,0.046261252,0.046261252,0.046261252,0.046224785,0.046224785,0.043791902,0.043791902,0.041359018,0.041359018,0.038926135,0.038926135
CHN,TRF,6,2,0.037622502,0.037410875,0.037410875,0.037193371,0.037845886,0.039150916,0.041760977,0.044711967,0.044711967,0.044711967,0.044711967,0.044711967,0.044711967,0.044711967,0.044711967,0.044711967,0.044676722,0.044676722,0.042325315,0.042325315,0.039973908,0.039973908,0.037622502,0.037622502
CHN,TRF,6,3,0.037128361,0.039448884,0.039448884,0.039817267,0.040139239,0.040783184,0.042071074,0.043788261,0.044124712,0.044124712,0.044124712,0.044124712,0.044124712,0.044124712,0.044124712,0.044124712,0.044002909,0.043680937,0.041769407,0.041769407,0.039448884,0.039448884,0.037128361,0.037128361
CHN,TRF,7,1,0.035556592,0.032406007,0.032406007,0.031955923,0.033306174,0.036006674,0.041407676,0.046261252,0.046261252,0.046261252,0.046261252,0.046261252,0.046261252,0.046261252,0.046261252,0.046261252,0.046224785,0.046224785,0.043791902,0.043791902,0.041359018,0.041359018,0.038926135,0.038926135
CHN,TRF,7,2,0.037622502,0.037410875,0.037410875,0.037193371,0.037845886,0.039150916,0.041760977,0.044711967,0.044711967,0.044711967,0.044711967,0.044711967,0.044711967,0.044711967,0.044711967,0.044711967,0.044676722,0.044676722,0.042325315,0.042325315,0.039973908,0.039973908,0.037622502,0.037622502
CHN,TRF,7,3,0.037128361,0.039448884,0.039448884,0.039817267,0.040139239,0.040783184,0.042071074,0.043788261,0.044124712,0.044124712,0.044124712,0.044124712,0.044124712,0.044124712,0.044124712,0.044124712,0.044002909,0.043680937,0.041769407,0.041769407,0.039448884,0.039448884,0.037128361,0.037128361
CHN,TRF,8,1,0.035556592,0.032406007,0.032406007,0.031955923,0.033306174,0.036006674,0.041407676,0.046261252,0.046261252,0.046261252,0.046261252,0.046261252,0.046261252,0.046261252,0.046261252,0.046261252,0.046224785,0.046224785,0.043791902,0.043791902,0.041359018,0.041359018,0.038926135,0.038926135
CHN,TRF,8,2,0.037622502,0.037410875,0.037410875,0.037193371,0.037845886,0.039150916,0.041760977,0.044711967,0.044711967,0.044711967,0.044711967,0.044711967,0.044711967,0.044711967,0.044711967,0.044711967,0.044676722,0.044676722,0.042325315,0.042325315,0.039973908,0.039973908,0.037622502,0.037622502
CHN,TRF,8,3,0.037128361,0.039448884,0.039448884,0.039817267,0.040139239,0.040783184,0.042071074,0.043788261,0.044124712,0.044124712,0.044124712,0.044124712,0.044124712,0.044124712,0.044124712,0.044124712,0.044002909,0.043680937,0.041769407,0.041769407,0.039448884,0.039448884,0.037128361,0.037128361
CHN,TRF,9,1,0.035556592,0.032406007,0.032406007,0.031955923,0.033306174,0.036006674,0.041407676,0.046261252,0.046261252,0.046261252,0.046261252,0.046261252,0.046261252,0.046261252,0.046261252,0.046261252,0.046224785,0.046224785,0.043791902,0.043791902,0.041359018,0.041359018,0.038926135,0.038926135
CHN,TRF,9,2,0.037622502,0.037410875,0.037410875,0.037193371,0.037845886,0.039150916,0.041760977,0.044711967,0.044711967,0.044711967,0.044711967,0.044711967,0.044711967,0.044711967,0.044711967,0.044711967,0.044676722,0.044676722,0.042325315,0.042325315,0.039973908,0.039973908,0.037622502,0.037622502
CHN,TRF,9,3,0.037128361,0.039448884,0.039448884,0.039817267,0.040139239,0.040783184,0.042071074,0.043788261,0.044124712,0.044124712,0.044124712,0.044124712,0.044124712,0.044124712,0.044124712,0.044124712,0.044002909,0.043680937,0.041769407,0.041769407,0.039448884,0.039448884,0.037128361,0.037128361
CHN,TRF,10,1,0.035556592,0.032406007,0.032406007,0.031955923,0.033306174,0.036006674,0.041407676,0.046261252,0.046261252,0.046261252,0.046261252,0.046261252,0.046261252,0.046261252,0.046261252,0.046261252,0.046224785,0.046224785,0.043791902,0.043791902,0.041359018,0.041359018,0.038926135,0.038926135
CHN,TRF,10,2,0.037622502,0.037410875,0.037410875,0.037193371,0.037845886,0.039150916,0.041760977,0.044711967,0.044711967,0.044711967,0.044711967,0.044711967,0.044711967,0.044711967,0.044711967,0.044711967,0.044676722,0.044676722,0.042325315,0.042325315,0.039973908,0.039973908,0.037622502,0.037622502
CHN,TRF,10,3,0.037128361,0.039448884,0.039448884,0.039817267,0.040139239,0.040783184,0.042071074,0.043788261,0.044124712,0.044124712,0.044124712,0.044124712,0.044124712,0.044124712,0.044124712,0.044124712,0.044002909,0.043680937,0.041769407,0.041769407,0.039448884,0.039448884,0.037128361,0.037128361
CHN,TRF,11,1,0.035556592,0.032406007,0.032406007,0.031955923,0.033306174,0.036006674,0.041407676,0.046261252,0.046261252,0.046261252,0.046261252,0.046261252,0.046261252,0.046261252,0.046261252,0.046261252,0.046224785,0.046224785,0.043791902,0.043791902,0.041359018,0.041359018,0.038926135,0.038926135
CHN,TRF,11,2,0.037622502,0.037410875,0.037410875,0.037193371,0.037845886,0.039150916,0.041760977,0.044711967,0.044711967,0.044711967,0.044711967,0.044711967,0.044711967,0.044711967,0.044711967,0.044711967,0.044676722,0.044676722,0.042325315,0.042325315,0.039973908,0.039973908,0.037622502,0.037622502
CHN,TRF,11,3,0.037128361,0.039448884,0.039448884,0.039817267,0.040139239,0.040783184,0.042071074,0.043788261,0.044124712,0.044124712,0.044124712,0.044124712,0.044124712,0.044124712,0.044124712,0.044124712,0.044002909,0.043680937,0.041769407,0.041769407,0.039448884,0.039448884,0.037128361,0.037128361
CHN,TRF,12,1,0.035556592,0.032406007,0.032406007,0.031955923,0.033306174,0.036006674,0.041407676,0.046261252,0.046261252,0.046261252,0.046261252,0.046261252,0.046261252,0.046261252,0.046261252,0.046261252,0.046224785,0.046224785,0.043791902,0.043791902,0.041359018,0.041359018,0.038926135,0.038926135
CHN,TRF,12,2,0.037622502,0.037410875,0.037410875,0.037193371,0.037845886,0.039150916,0.041760977,0.044711967,0.044711967,0.044711967,0.044711967,0.044711967,0.044711967,0.044711967,0.044711967,0.044711967,0.044676722,0.044676722,0.042325315,0.042325315,0.039973908,0.039973908,0.037622502,0.037622502
CHN,TRF,12,3,0.037128361,0.039448884,0.039448884,0.039817267,0.040139239,0.040783184,0.042071074,0.043788261,0.044124712,0.044124712,0.044124712,0.044124712,0.044124712,0.044124712,0.044124712,0.044124712,0.044002909,0.043680937,0.041769407,0.041769407,0.039448884,0.039448884,0.037128361,0.037128361
CHN,TRO,1,1,0.005634171,0.003946932,0.003474907,0.004639905,0.008858001,0.023792068,0.050064778,0.072772193,0.062106437,0.05697442,0.054232658,0.05332878,0.054222615,0.058149461,0.063231262,0.069568449,0.081168212,0.076096454,0.062739151,0.046047544,0.033182352,0.024103404,0.018971387,0.012694459
CHN,TRO,1,2,0.014419738,0.010459752,0.007598611,0.006593065,0.007401648,0.014160576,0.021748821,0.033131187,0.049738247,0.067371586,0.076825792,0.073601824,0.071476701,0.07349816,0.074762867,0.067060592,0.064479345,0.060799254,0.054797077,0.045042243,0.034686156,0.027211942,0.023583683,0.019551133
CHN,TRO,1,3,0.017536416,0.013000788,0.009616744,0.007475201,0.00604077,0.00728327,0.00883892,0.012222963,0.022809463,0.04053781,0.056276138,0.064327131,0.064175607,0.073782249,0.08306564,0.078489605,0.080146271,0.086378972,0.077620866,0.063811948,0.048639311,0.035628422,0.026506657,0.015788836
CHN,TRO,2,1,0.005634171,0.003946932,0.003474907,0.004639905,0.008858001,0.023792068,0.050064778,0.072772193,0.062106437,0.05697442,0.054232658,0.05332878,0.054222615,0.058149461,0.063231262,0.069568449,0.081168212,0.076096454,0.062739151,0.046047544,0.033182352,0.024103404,0.018971387,0.012694459
CHN,TRO,2,2,0.014419738,0.010459752,0.007598611,0.006593065,0.007401648,0.014160576,0.021748821,0.033131187,0.049738247,0.067371586,0.076825792,0.073601824,0.071476701,0.07349816,0.074762867,0.067060592,0.064479345,0.060799254,0.054797077,0.045042243,0.034686156,0.027211942,0.023583683,0.019551133
CHN,TRO,2,3,0.017536416,0.013000788,0.009616744,0.007475201,0.00604077,0.00728327,0.00883892,0.012222963,0.022809463,0.04053781,0.056276138,0.064327131,0.064175607,0.073782249,0.08306564,0.078489605,0.080146271,0.086378972,0.077620866,0.063811948,0.048639311,0.035628422,0.026506657,0.015788836
CHN,TRO,3,1,0.005634171,0.003946932,0.003474907,0.004639905,0.008858001,0.023792068,0.050064778,0.072772193,0.062106437,0.05697442,0.054232658,0.05332878,0.054222615,0.058149461,0.063231262,0.069568449,0.081168212,0.076096454,0.062739151,0.046047544,0.033182352,0.024103404,0.018971387,0.012694459
CHN,TRO,3,2,0.014419738,0.010459752,0.007598611,0.006593065,0.007401648,0.014160576,0.021748821,0.033131187,0.049738247,0.067371586,0.076825792,0.073601824,0.071476701,0.07349816,0.074762867,0.067060592,0.064479345,0.060799254,0.054797077,0.045042243,0.034686156,0.027211942,0.023583683,0.019551133
CHN,TRO,3,3,0.017536416,0.013000788,0.009616744,0.007475201,0.00604077,0.00728327,0.00883892,0.012222963,0.022809463,0.04053781,0.056276138,0.064327131,0.064175607,0.073782249,0.08306564,0.078489605,0.080146271,0.086378972,0.077620866,0.063811948,0.048639311,0.035628422,0.026506657,0.015788836
CHN,TRO,4,1,0.005634171,0.003946932,0.003474907,0.004639905,0.008858001,0.023792068,0.050064778,0.072772193,0.062106437,0.05697442,0.054232658,0.05332878,0.054222615,0.058149461,0.063231262,0.069568449,0.081168212,0.076096454,0.062739151,0.046047544,0.033182352,0.024103404,0.018971387,0.012694459
CHN,TRO,4,2,0.014419738,0.010459752,0.007598611,0.006593065,0.007401648,0.014160576,0.021748821,0.033131187,0.049738247,0.067371586,0.076825792,0.073601824,0.071476701,0.07349816,0.074762867,0.067060592,0.064479345,0.060799254,0.054797077,0.045042243,0.034686156,0.027211942,0.023583683,0.019551133
CHN,TRO,4,3,0.017536416,0.013000788,0.009616744,0.007475201,0.00604077,0.00728327,0.00883892,0.012222963,0.022809463,0.04053781,0.056276138,0.064327131,0.064175607,0.073782249,0.08306564,0.078489605,0.080146271,0.086378972,0.077620866,0.063811948,0.048639311,0.035628422,0.026506657,0.015788836
CHN,TRO,5,1,0.005634171,0.003946932,0.003474907,0.004639905,0.008858001,0.023792068,0.050064778,0.072772193,0.062106437,0.05697442,0.054232658,0.05332878,0.054222615,0.058149461,0.063231262,0.069568449,0.081168212,0.076096454,0.062739151,0.046047544,0.033182352,0.024103404,0.018971387,0.012694459
CHN,TRO,5,2,0.014419738,0.010459752,0.007598611,0.006593065,0.007401648,0.014160576,0.021748821,0.033131187,0.049738247,0.067371586,0.076825792,0.073601824,0.071476701,0.07349816,0.074762867,0.067060592,0.064479345,0.060799254,0.054797077,0.045042243,0.034686156,0.027211942,0.023583683,0.019551133
CHN,TRO,5,3,0.017536416,0.013000788,0.009616744,0.007475201,0.00604077,0.00728327,0.00883892,0.012222963,0.022809463,0.04053781,0.056276138,0.064327131,0.064175607,0.073782249,0.08306564,0.078489605,0.080146271,0.086378972,0.077620866,0.063811948,0.048639311,0.035628422,0.026506657,0.015788836
CHN,TRO,6,1,0.005634171,0.003946932,0.003474907,0.004639905,0.008858001,0.023792068,0.050064778,0.072772193,0.062106437,0.05697442,0.054232658,0.05332878,0.054222615,0.058149461,0.063231262,0.069568449,0.081168212,0.076096454,0.062739151,0.046047544,0.033182352,0.024103404,0.018971387,0.012694459
CHN,TRO,6,2,0.014419738,0.010459752,0.007598611,0.006593065,0.007401648,0.014160576,0.021748821,0.033131187,0.049738247,0.067371586,0.076825792,0.073601824,0.071476701,0.07349816,0.074762867,0.067060592,0.064479345,0.060799254,0.054797077,0.045042243,0.034686156,0.027211942,0.023583683,0.019551133
CHN,TRO,6,3,0.017536416,0.013000788,0.009616744,0.007475201,0.00604077,0.00728327,0.00883892,0.012222963,0.022809463,0.04053781,0.056276138,0.064327131,0.064175607,0.073782249,0.08306564,0.078489605,0.080146271,0.086378972,0.077620866,0.063811948,0.048639311,0.035628422,0.026506657,0.015788836
CHN,TRO,7,1,0.005634171,0.003946932,0.003474907,0.004639905,0.008858001,0.023792068,0.050064778,0.072772193,0.062106437,0.05697442,0.054232658,0.05332878,0.054222615,0.058149461,0.063231262,0.069568449,0.081168212,0.076096454,0.062739151,0.046047544,0.033182352,0.024103404,0.018971387,0.012694459
CHN,TRO,7,2,0.014419738,0.010459752,0.007598611,0.006593065,0.007401648,0.014160576,0.021748821,0.033131187,0.049738247,0.067371586,0.076825792,0.073601824,0.071476701,0.07349816,0.074762867,0.067060592,0.064479345,0.060799254,0.054797077,0.045042243,0.034686156,0.027211942,0.023583683,0.019551133
CHN,TRO,7,3,0.017536416,0.013000788,0.009616744,0.007475201,0.00604077,0.00728327,0.00883892,0.012222963,0.022809463,0.04053781,0.056276138,0.064327131,0.064175607,0.073782249,0.08306564,0.078489605,0.080146271,0.086378972,0.077620866,0.063811948,0.048639311,0.035628422,0.026506657,0.015788836
CHN,TRO,8,1,0.005634171,0.003946932,0.003474907,0.004639905,0.008858001,0.023792068,0.050064778,0.072772193,0.062106437,0.05697442,0.054232658,0.05332878,0.054222615,0.058149461,0.063231262,0.069568449,0.081168212,0.076096454,0.062739151,0.046047544,0.033182352,0.024103404,0.018971387,0.012694459
CHN,TRO,8,2,0.014419738,0.010459752,0.007598611,0.006593065,0.007401648,0.014160576,0.021748821,0.033131187,0.049738247,0.067371586,0.076825792,0.073601824,0.071476701,0.07349816,0.074762867,0.067060592,0.064479345,0.060799254,0.054797077,0.045042243,0.034686156,0.027211942,0.023583683,0.019551133
CHN,TRO,8,3,0.017536416,0.013000788,0.009616744,0.007475201,0.00604077,0.00728327,0.00883892,0.012222963,0.022809463,0.04053781,0.056276138,0.064327131,0.064175607,0.073782249,0.08306564,0.078489605,0.080146271,0.086378972,0.077620866,0.063811948,0.048639311,0.035628422,0.026506657,0.015788836
CHN,TRO,9,1,0.005634171,0.003946932,0.003474907,0.004639905,0.008858001,0.023792068,0.050064778,0.072772193,0.062106437,0.05697442,0.054232658,0.05332878,0.054222615,0.058149461,0.063231262,0.069568449,0.081168212,0.076096454,0.062739151,0.046047544,0.033182352,0.024103404,0.018971387,0.012694459
CHN,TRO,9,2,0.014419738,0.010459752,0.007598611,0.006593065,0.007401648,0.014160576,0.021748821,0.033131187,0.049738247,0.067371586,0.076825792,0.073601824,0.071476701,0.07349816,0.074762867,0.067060592,0.064479345,0.060799254,0.054797077,0.045042243,0.034686156,0.027211942,0.023583683,0.019551133
CHN,TRO,9,3,0.017536416,0.013000788,0.009616744,0.007475201,0.00604077,0.00728327,0.00883892,0.012222963,0.022809463,0.04053781,0.056276138,0.064327131,0.064175607,0.073782249,0.08306564,0.078489605,0.080146271,0.086378972,0.077620866,0.063811948,0.048639311,0.035628422,0.026506657,0.015788836
CHN,TRO,10,1,0.005634171,0.003946932,0.003474907,0.004639905,0.008858001,0.023792068,0.050064778,0.072772193,0.062106437,0.05697442,0.054232658,0.05332878,0.054222615,0.058149461,0.063231262,0.069568449,0.081168212,0.076096454,0.062739151,0.046047544,0.033182352,0.024103404,0.018971387,0.012694459
CHN,TRO,10,2,0.014419738,0.010459752,0.007598611,0.006593065,0.007401648,0.014160576,0.021748821,0.033131187,0.049738247,0.067371586,0.076825792,0.073601824,0.071476701,0.07349816,0.074762867,0.067060592,0.064479345,0.060799254,0.054797077,0.045042243,0.034686156,0.027211942,0.023583683,0.019551133
CHN,TRO,10,3,0.017536416,0.013000788,0.009616744,0.007475201,0.00604077,0.00728327,0.00883892,0.012222963,0.022809463,0.04053781,0.056276138,0.064327131,0.064175607,0.073782249,0.08306564,0.078489605,0.080146271,0.086378972,0.077620866,0.063811948,0.048639311,0.035628422,0.026506657,0.015788836
CHN,TRO,11,1,0.005634171,0.003946932,0.003474907,0.004639905,0.008858001,0.023792068,0.050064778,0.072772193,0.062106437,0.05697442,0.054232658,0.05332878,0.054222615,0.058149461,0.063231262,0.069568449,0.081168212,0.076096454,0.062739151,0.046047544,0.033182352,0.024103404,0.018971387,0.012694459
CHN,TRO,11,2,0.014419738,0.010459752,0.007598611,0.006593065,0.007401648,0.014160576,0.021748821,0.033131187,0.049738247,0.067371586,0.076825792,0.073601824,0.071476701,0.07349816,0.074762867,0.067060592,0.064479345,0.060799254,0.054797077,0.045042243,0.034686156,0.027211942,0.023583683,0.019551133
CHN,TRO,11,3,0.017536416,0.013000788,0.009616744,0.007475201,0.00604077,0.00728327,0.00883892,0.012222963,0.022809463,0.04053781,0.056276138,0.064327131,0.064175607,0.073782249,0.08306564,0.078489605,0.080146271,0.086378972,0.077620866,0.063811948,0.048639311,0.035628422,0.026506657,0.015788836
CHN,TRO,12,1,0.005634171,0.003946932,0.003474907,0.004639905,0.008858001,0.023792068,0.050064778,0.072772193,0.062106437,0.05697442,0.054232658,0.05332878,0.054222615,0.058149461,0.063231262,0.069568449,0.081168212,0.076096454,0.062739151,0.046047544,0.033182352,0.024103404,0.018971387,0.012694459
CHN,TRO,12,2,0.014419738,0.010459752,0.007598611,0.006593065,0.007401648,0.014160576,0.021748821,0.033131187,0.049738247,0.067371586,0.076825792,0.073601824,0.071476701,0.07349816,0.074762867,0.067060592,0.064479345,0.060799254,0.054797077,0.045042243,0.034686156,0.027211942,0.023583683,0.019551133
CHN,TRO,12,3,0.017536416,0.013000788,0.009616744,0.007475201,0.00604077,0.00728327,0.00883892,0.012222963,0.022809463,0.04053781,0.056276138,0.064327131,0.064175607,0.073782249,0.08306564,0.078489605,0.080146271,0.086378972,0.077620866,0.063811948,0.048639311,0.035628422,0.026506657,0.015788836
CHN,WWT,1,1,0.041666667,0.041666667,0.041666667,0.041666667,0.041666667,0.041666667,0.041666667,0.041666667,0.041666667,0.041666667,0.041666667,0.041666667,0.041666667,0.041666667,0.041666667,0.041666667,0.041666667,0.041666667,0.041666667,0.041666667,0.041666667,0.041666667,0.041666667,0.041666667
CHN,WWT,1,2,0.041666667,0.041666667,0.041666667,0.041666667,0.041666667,0.041666667,0.041666667,0.041666667,0.041666667,0.041666667,0.041666667,0.041666667,0.041666667,0.041666667,0.041666667,0.041666667,0.041666667,0.041666667,0.041666667,0.041666667,0.041666667,0.041666667,0.041666667,0.041666667
CHN,WWT,1,3,0.041666667,0.041666667,0.041666667,0.041666667,0.041666667,0.041666667,0.041666667,0.041666667,0.041666667,0.041666667,0.041666667,0.041666667,0.041666667,0.041666667,0.041666667,0.041666667,0.041666667,0.041666667,0.041666667,0.041666667,0.041666667,0.041666667,0.041666667,0.041666667
CHN,WWT,2,1,0.041666667,0.041666667,0.041666667,0.041666667,0.041666667,0.041666667,0.041666667,0.041666667,0.041666667,0.041666667,0.041666667,0.041666667,0.041666667,0.041666667,0.041666667,0.041666667,0.041666667,0.041666667,0.041666667,0.041666667,0.041666667,0.041666667,0.041666667,0.041666667
CHN,WWT,2,2,0.041666667,0.041666667,0.041666667,0.041666667,0.041666667,0.041666667,0.041666667,0.041666667,0.041666667,0.041666667,0.041666667,0.041666667,0.041666667,0.041666667,0.041666667,0.041666667,0.041666667,0.041666667,0.041666667,0.041666667,0.041666667,0.041666667,0.041666667,0.041666667
CHN,WWT,2,3,0.041666667,0.041666667,0.041666667,0.041666667,0.041666667,0.041666667,0.041666667,0.041666667,0.041666667,0.041666667,0.041666667,0.041666667,0.041666667,0.041666667,0.041666667,0.041666667,0.041666667,0.041666667,0.041666667,0.041666667,0.041666667,0.041666667,0.041666667,0.041666667
CHN,WWT,3,1,0.041666667,0.041666667,0.041666667,0.041666667,0.041666667,0.041666667,0.041666667,0.041666667,0.041666667,0.041666667,0.041666667,0.041666667,0.041666667,0.041666667,0.041666667,0.041666667,0.041666667,0.041666667,0.041666667,0.041666667,0.041666667,0.041666667,0.041666667,0.041666667
CHN,WWT,3,2,0.041666667,0.041666667,0.041666667,0.041666667,0.041666667,0.041666667,0.041666667,0.041666667,0.041666667,0.041666667,0.041666667,0.041666667,0.041666667,0.041666667,0.041666667,0.041666667,0.041666667,0.041666667,0.041666667,0.041666667,0.041666667,0.041666667,0.041666667,0.041666667
CHN,WWT,3,3,0.041666667,0.041666667,0.041666667,0.041666667,0.041666667,0.041666667,0.041666667,0.041666667,0.041666667,0.041666667,0.041666667,0.041666667,0.041666667,0.041666667,0.041666667,0.041666667,0.041666667,0.041666667,0.041666667,0.041666667,0.041666667,0.041666667,0.041666667,0.041666667
CHN,WWT,4,1,0.041666667,0.041666667,0.041666667,0.041666667,0.041666667,0.041666667,0.041666667,0.041666667,0.041666667,0.041666667,0.041666667,0.041666667,0.041666667,0.041666667,0.041666667,0.041666667,0.041666667,0.041666667,0.041666667,0.041666667,0.041666667,0.041666667,0.041666667,0.041666667
CHN,WWT,4,2,0.041666667,0.041666667,0.041666667,0.041666667,0.041666667,0.041666667,0.041666667,0.041666667,0.041666667,0.041666667,0.041666667,0.041666667,0.041666667,0.041666667,0.041666667,0.041666667,0.041666667,0.041666667,0.041666667,0.041666667,0.041666667,0.041666667,0.041666667,0.041666667
CHN,WWT,4,3,0.041666667,0.041666667,0.041666667,0.041666667,0.041666667,0.041666667,0.041666667,0.041666667,0.041666667,0.041666667,0.041666667,0.041666667,0.041666667,0.041666667,0.041666667,0.041666667,0.041666667,0.041666667,0.041666667,0.041666667,0.041666667,0.041666667,0.041666667,0.041666667
CHN,WWT,5,1,0.041666667,0.041666667,0.041666667,0.041666667,0.041666667,0.041666667,0.041666667,0.041666667,0.041666667,0.041666667,0.041666667,0.041666667,0.041666667,0.041666667,0.041666667,0.041666667,0.041666667,0.041666667,0.041666667,0.041666667,0.041666667,0.041666667,0.041666667,0.041666667
CHN,WWT,5,2,0.041666667,0.041666667,0.041666667,0.041666667,0.041666667,0.041666667,0.041666667,0.041666667,0.041666667,0.041666667,0.041666667,0.041666667,0.041666667,0.041666667,0.041666667,0.041666667,0.041666667,0.041666667,0.041666667,0.041666667,0.041666667,0.041666667,0.041666667,0.041666667
CHN,WWT,5,3,0.041666667,0.041666667,0.041666667,0.041666667,0.041666667,0.041666667,0.041666667,0.041666667,0.041666667,0.041666667,0.041666667,0.041666667,0.041666667,0.041666667,0.041666667,0.041666667,0.041666667,0.041666667,0.041666667,0.041666667,0.041666667,0.041666667,0.041666667,0.041666667
CHN,WWT,6,1,0.041666667,0.041666667,0.041666667,0.041666667,0.041666667,0.041666667,0.041666667,0.041666667,0.041666667,0.041666667,0.041666667,0.041666667,0.041666667,0.041666667,0.041666667,0.041666667,0.041666667,0.041666667,0.041666667,0.041666667,0.041666667,0.041666667,0.041666667,0.041666667
CHN,WWT,6,2,0.041666667,0.041666667,0.041666667,0.041666667,0.041666667,0.041666667,0.041666667,0.041666667,0.041666667,0.041666667,0.041666667,0.041666667,0.041666667,0.041666667,0.041666667,0.041666667,0.041666667,0.041666667,0.041666667,0.041666667,0.041666667,0.041666667,0.041666667,0.041666667
CHN,WWT,6,3,0.041666667,0.041666667,0.041666667,0.041666667,0.041666667,0.041666667,0.041666667,0.041666667,0.041666667,0.041666667,0.041666667,0.041666667,0.041666667,0.041666667,0.041666667,0.041666667,0.041666667,0.041666667,0.041666667,0.041666667,0.041666667,0.041666667,0.041666667,0.041666667
CHN,WWT,7,1,0.041666667,0.041666667,0.041666667,0.041666667,0.041666667,0.041666667,0.041666667,0.041666667,0.041666667,0.041666667,0.041666667,0.041666667,0.041666667,0.041666667,0.041666667,0.041666667,0.041666667,0.041666667,0.041666667,0.041666667,0.041666667,0.041666667,0.041666667,0.041666667
CHN,WWT,7,2,0.041666667,0.041666667,0.041666667,0.041666667,0.041666667,0.041666667,0.041666667,0.041666667,0.041666667,0.041666667,0.041666667,0.041666667,0.041666667,0.041666667,0.041666667,0.041666667,0.041666667,0.041666667,0.041666667,0.041666667,0.041666667,0.041666667,0.041666667,0.041666667
CHN,WWT,7,3,0.041666667,0.041666667,0.041666667,0.041666667,0.041666667,0.041666667,0.041666667,0.041666667,0.041666667,0.041666667,0.041666667,0.041666667,0.041666667,0.041666667,0.041666667,0.041666667,0.041666667,0.041666667,0.041666667,0.041666667,0.041666667,0.041666667,0.041666667,0.041666667
CHN,WWT,8,1,0.041666667,0.041666667,0.041666667,0.041666667,0.041666667,0.041666667,0.041666667,0.041666667,0.041666667,0.041666667,0.041666667,0.041666667,0.041666667,0.041666667,0.041666667,0.041666667,0.041666667,0.041666667,0.041666667,0.041666667,0.041666667,0.041666667,0.041666667,0.041666667
CHN,WWT,8,2,0.041666667,0.041666667,0.041666667,0.041666667,0.041666667,0.041666667,0.041666667,0.041666667,0.041666667,0.041666667,0.041666667,0.041666667,0.041666667,0.041666667,0.041666667,0.041666667,0.041666667,0.041666667,0.041666667,0.041666667,0.041666667,0.041666667,0.041666667,0.041666667
CHN,WWT,8,3,0.041666667,0.041666667,0.041666667,0.041666667,0.041666667,0.041666667,0.041666667,0.041666667,0.041666667,0.041666667,0.041666667,0.041666667,0.041666667,0.041666667,0.041666667,0.041666667,0.041666667,0.041666667,0.041666667,0.041666667,0.041666667,0.041666667,0.041666667,0.041666667
CHN,WWT,9,1,0.041666667,0.041666667,0.041666667,0.041666667,0.041666667,0.041666667,0.041666667,0.041666667,0.041666667,0.041666667,0.041666667,0.041666667,0.041666667,0.041666667,0.041666667,0.041666667,0.041666667,0.041666667,0.041666667,0.041666667,0.041666667,0.041666667,0.041666667,0.041666667
CHN,WWT,9,2,0.041666667,0.041666667,0.041666667,0.041666667,0.041666667,0.041666667,0.041666667,0.041666667,0.041666667,0.041666667,0.041666667,0.041666667,0.041666667,0.041666667,0.041666667,0.041666667,0.041666667,0.041666667,0.041666667,0.041666667,0.041666667,0.041666667,0.041666667,0.041666667
CHN,WWT,9,3,0.041666667,0.041666667,0.041666667,0.041666667,0.041666667,0.041666667,0.041666667,0.041666667,0.041666667,0.041666667,0.041666667,0.041666667,0.041666667,0.041666667,0.041666667,0.041666667,0.041666667,0.041666667,0.041666667,0.041666667,0.041666667,0.041666667,0.041666667,0.041666667
CHN,WWT,10,1,0.041666667,0.041666667,0.041666667,0.041666667,0.041666667,0.041666667,0.041666667,0.041666667,0.041666667,0.041666667,0.041666667,0.041666667,0.041666667,0.041666667,0.041666667,0.041666667,0.041666667,0.041666667,0.041666667,0.041666667,0.041666667,0.041666667,0.041666667,0.041666667
CHN,WWT,10,2,0.041666667,0.041666667,0.041666667,0.041666667,0.041666667,0.041666667,0.041666667,0.041666667,0.041666667,0.041666667,0.041666667,0.041666667,0.041666667,0.041666667,0.041666667,0.041666667,0.041666667,0.041666667,0.041666667,0.041666667,0.041666667,0.041666667,0.041666667,0.041666667
CHN,WWT,10,3,0.041666667,0.041666667,0.041666667,0.041666667,0.041666667,0.041666667,0.041666667,0.041666667,0.041666667,0.041666667,0.041666667,0.041666667,0.041666667,0.041666667,0.041666667,0.041666667,0.041666667,0.041666667,0.041666667,0.041666667,0.041666667,0.041666667,0.041666667,0.041666667
CHN,WWT,11,1,0.041666667,0.041666667,0.041666667,0.041666667,0.041666667,0.041666667,0.041666667,0.041666667,0.041666667,0.041666667,0.041666667,0.041666667,0.041666667,0.041666667,0.041666667,0.041666667,0.041666667,0.041666667,0.041666667,0.041666667,0.041666667,0.041666667,0.041666667,0.041666667
CHN,WWT,11,2,0.041666667,0.041666667,0.041666667,0.041666667,0.041666667,0.041666667,0.041666667,0.041666667,0.041666667,0.041666667,0.041666667,0.041666667,0.041666667,0.041666667,0.041666667,0.041666667,0.041666667,0.041666667,0.041666667,0.041666667,0.041666667,0.041666667,0.041666667,0.041666667
CHN,WWT,11,3,0.041666667,0.041666667,0.041666667,0.041666667,0.041666667,0.041666667,0.041666667,0.041666667,0.041666667,0.041666667,0.041666667,0.041666667,0.041666667,0.041666667,0.041666667,0.041666667,0.041666667,0.041666667,0.041666667,0.041666667,0.041666667,0.041666667,0.041666667,0.041666667
CHN,WWT,12,1,0.041666667,0.041666667,0.041666667,0.041666667,0.041666667,0.041666667,0.041666667,0.041666667,0.041666667,0.041666667,0.041666667,0.041666667,0.041666667,0.041666667,0.041666667,0.041666667,0.041666667,0.041666667,0.041666667,0.041666667,0.041666667,0.041666667,0.041666667,0.041666667
CHN,WWT,12,2,0.041666667,0.041666667,0.041666667,0.041666667,0.041666667,0.041666667,0.041666667,0.041666667,0.041666667,0.041666667,0.041666667,0.041666667,0.041666667,0.041666667,0.041666667,0.041666667,0.041666667,0.041666667,0.041666667,0.041666667,0.041666667,0.041666667,0.041666667,0.041666667
CHN,WWT,12,3,0.041666667,0.041666667,0.041666667,0.041666667,0.041666667,0.041666667,0.041666667,0.041666667,0.041666667,0.041666667,0.041666667,0.041666667,0.041666667,0.041666667,0.041666667,0.041666667,0.041666667,0.041666667,0.041666667,0.041666667,0.041666667,0.041666667,0.041666667,0.041666667
