{
"type": "FeatureCollection",
"name": "guangzhou_boundary",
"crs": { "type": "name", "properties": { "name": "urn:ogc:def:crs:OGC:1.3:CRS84" } },
"features": [
{ "type": "Feature", "properties": { "GID_2": "CHN.6.4_1", "GID_0": "CHN", "COUNTRY": "China", "GID_1": "CHN.6_1", "NAME_1": "Guangdong", "NL_NAME_1": "廣東|广东", "NAME_2": "Guangzhou", "VARNAME_2": "Guǎngzhōu", "NL_NAME_2": "广州市", "TYPE_2": "Dìjíshì", "ENGTYPE_2": "Prefecture City", "CC_2": "NA", "HASC_2": "NA" }, "geometry": { "type": "MultiPolygon", "coordinates": [ [ [ [ 113.566803, 22.74236100000013 ], [ 113.566803, 22.742081 ], [ 113.566528, 22.742083 ], [ 113.566528, 22.74152800000013 ], [ 113.566246000000319, 22.741529 ], [ 113.566246000000319, 22.741251000000148 ], [ 113.565971000000104, 22.741232000000139 ], [ 113.565971000000104, 22.740973 ], [ 113.565697000000227, 22.740973 ], [ 113.565697000000227, 22.740696 ], [ 113.565414, 22.740696 ], [ 113.565414, 22.740139000000113 ], [ 113.565140000000156, 22.740139000000113 ], [ 113.565140000000156, 22.739861 ], [ 113.564857000000188, 22.739861 ], [ 113.564857000000188, 22.73958 ], [ 113.564583, 22.739586 ], [ 113.564583, 22.739305 ], [ 113.564301000000114, 22.739311 ], [ 113.564301000000114, 22.738750000000152 ], [ 113.564026000000126, 22.738750000000152 ], [ 113.564026000000126, 22.73847 ], [ 113.563751000000138, 22.738474 ], [ 113.563751000000138, 22.738195 ], [ 113.563469, 22.73819 ], [ 113.563469, 22.737638000000175 ], [ 113.563187000000198, 22.737640000000113 ], [ 113.563187000000198, 22.737362 ], [ 113.56292, 22.737364 ], [ 113.56292, 22.737083 ], [ 113.562637000000109, 22.737091000000191 ], [ 113.562637000000109, 22.736811000000102 ], [ 113.562363, 22.736811000000102 ], [ 113.562363, 22.736252 ], [ 113.56208, 22.736252 ], [ 113.56208, 22.735970000000179 ], [ 113.561806000000161, 22.735970000000179 ], [ 113.561806000000161, 22.735695000000135 ], [ 113.561531000000286, 22.73570100000012 ], [ 113.561531000000286, 22.735420000000147 ], [ 113.561256, 22.735420000000147 ], [ 113.561256, 22.734859 ], [ 113.560974000000215, 22.734859 ], [ 113.560974000000215, 22.734583000000157 ], [ 113.560417000000143, 22.734583000000157 ], [ 113.560417000000143, 22.734306000000174 ], [ 113.560966000000121, 22.73432 ], [ 113.560966000000121, 22.734032 ], [ 113.561531000000286, 22.734032 ], [ 113.561531000000286, 22.733471000000179 ], [ 113.561806000000161, 22.733473000000174 ], [ 113.561806000000161, 22.73319400000014 ], [ 113.562363, 22.73319400000014 ], [ 113.562363, 22.732916 ], [ 113.562637000000109, 22.73292 ], [ 113.562637000000109, 22.732641 ], [ 113.56292, 22.732641 ], [ 113.56292, 22.732361000000139 ], [ 113.563187000000198, 22.732361000000139 ], [ 113.563187000000198, 22.731531 ], [ 113.563469, 22.731531 ], [ 113.563469, 22.731251000000157 ], [ 113.563751000000138, 22.731251000000157 ], [ 113.563751000000138, 22.73069 ], [ 113.564026000000126, 22.730694 ], [ 113.564026000000126, 22.730417 ], [ 113.564301000000114, 22.730421 ], [ 113.564301000000114, 22.730141000000174 ], [ 113.565140000000156, 22.730141000000174 ], [ 113.565140000000156, 22.729580000000112 ], [ 113.565414, 22.729584 ], [ 113.565414, 22.729305 ], [ 113.565971000000104, 22.729311 ], [ 113.565971000000104, 22.729031000000134 ], [ 113.566246000000319, 22.729031000000134 ], [ 113.566246000000319, 22.72847 ], [ 113.566528, 22.728472 ], [ 113.566528, 22.728195 ], [ 113.566803, 22.728195 ], [ 113.566803, 22.727638000000184 ], [ 113.567360000000122, 22.727640000000179 ], [ 113.567360000000122, 22.72736 ], [ 113.567642000000205, 22.727362 ], [ 113.567642000000205, 22.727083000000107 ], [ 113.567917000000193, 22.727083000000107 ], [ 113.567917000000193, 22.726805000000184 ], [ 113.568474000000151, 22.726805000000184 ], [ 113.568474000000151, 22.726250000000107 ], [ 113.568748, 22.726250000000107 ], [ 113.568748, 22.725971 ], [ 113.569031000000223, 22.725973 ], [ 113.569031000000223, 22.725416000000166 ], [ 113.568748, 22.725420000000156 ], [ 113.568748, 22.724861 ], [ 113.568466000000171, 22.724861 ], [ 113.568466000000171, 22.724583000000166 ], [ 113.568192, 22.724585000000161 ], [ 113.568192, 22.724306000000183 ], [ 113.567917000000193, 22.724310000000173 ], [ 113.567917000000193, 22.72403 ], [ 113.568192, 22.72403 ], [ 113.568192, 22.723751000000107 ], [ 113.568466000000171, 22.723751000000107 ], [ 113.568466000000171, 22.723473000000183 ], [ 113.568748, 22.723473000000183 ], [ 113.568748, 22.723194 ], [ 113.569305, 22.723194 ], [ 113.569305, 22.722918000000107 ], [ 113.56958, 22.722919000000161 ], [ 113.56958, 22.722643 ], [ 113.569862, 22.722643 ], [ 113.569862, 22.722363 ], [ 113.570137, 22.722363 ], [ 113.570137, 22.722090000000151 ], [ 113.570427000000223, 22.722090000000151 ], [ 113.570427000000223, 22.721809000000178 ], [ 113.570686, 22.721809000000178 ], [ 113.570686, 22.721533 ], [ 113.570969000000105, 22.721533 ], [ 113.570969000000105, 22.721249000000171 ], [ 113.571533, 22.721249000000171 ], [ 113.571526, 22.72097 ], [ 113.57180800000026, 22.72097 ], [ 113.57180800000026, 22.720694 ], [ 113.572083000000134, 22.720694 ], [ 113.572083000000134, 22.720419000000106 ], [ 113.572357, 22.720421 ], [ 113.572357, 22.720139000000188 ], [ 113.572639, 22.720139000000188 ], [ 113.572639, 22.719858 ], [ 113.572914, 22.71986 ], [ 113.572914, 22.719584000000111 ], [ 113.573471, 22.719584000000111 ], [ 113.573471, 22.719305 ], [ 113.573753000000124, 22.719311 ], [ 113.573753000000124, 22.719021 ], [ 113.574028000000112, 22.71903 ], [ 113.574028000000112, 22.718472 ], [ 113.5743030000001, 22.718472 ], [ 113.5743030000001, 22.718195 ], [ 113.574577, 22.718201 ], [ 113.574577, 22.717640000000188 ], [ 113.57486, 22.717640000000188 ], [ 113.57486, 22.71736 ], [ 113.575142000000255, 22.717361 ], [ 113.575142000000255, 22.716806 ], [ 113.57541700000013, 22.71681 ], [ 113.57541700000013, 22.715960000000109 ], [ 113.575691, 22.715973 ], [ 113.575691, 22.715139000000192 ], [ 113.575966000000221, 22.715139000000192 ], [ 113.575966000000221, 22.714581 ], [ 113.576248, 22.714582000000121 ], [ 113.576248, 22.714306000000192 ], [ 113.576530000000162, 22.714310000000182 ], [ 113.576530000000162, 22.71319 ], [ 113.576805, 22.713196 ], [ 113.576805, 22.712917 ], [ 113.57708, 22.712921000000165 ], [ 113.57708, 22.711531 ], [ 113.577362000000107, 22.711531 ], [ 113.577362000000107, 22.710972 ], [ 113.577637, 22.710974000000192 ], [ 113.577637, 22.710695 ], [ 113.577362000000107, 22.710703000000137 ], [ 113.577362000000107, 22.71042100000011 ], [ 113.577637, 22.71042100000011 ], [ 113.577637, 22.71015 ], [ 113.577919000000179, 22.71015 ], [ 113.577919000000179, 22.70903 ], [ 113.578186, 22.70903 ], [ 113.578186, 22.708752 ], [ 113.578476, 22.708752 ], [ 113.578476, 22.707920000000115 ], [ 113.578751000000125, 22.707920000000115 ], [ 113.578751000000125, 22.705971000000147 ], [ 113.579025000000229, 22.705973000000142 ], [ 113.579025000000229, 22.704861000000108 ], [ 113.579308000000196, 22.704861000000108 ], [ 113.579300000000217, 22.704580000000135 ], [ 113.579865, 22.704584000000125 ], [ 113.579865, 22.704306 ], [ 113.579582, 22.704309000000137 ], [ 113.579582, 22.704020000000185 ], [ 113.580139, 22.704027 ], [ 113.580139, 22.703751000000125 ], [ 113.580406, 22.703751000000125 ], [ 113.580406, 22.703470000000152 ], [ 113.580696000000103, 22.703472000000147 ], [ 113.580696000000103, 22.702915 ], [ 113.580971, 22.702921 ], [ 113.580971, 22.702641000000142 ], [ 113.581253000000174, 22.702641000000142 ], [ 113.581253000000174, 22.702360000000169 ], [ 113.581528000000162, 22.702360000000169 ], [ 113.581528000000162, 22.70208 ], [ 113.581802000000152, 22.702084 ], [ 113.581802000000152, 22.701805 ], [ 113.58207700000014, 22.701811000000191 ], [ 113.58207700000014, 22.70125000000013 ], [ 113.582367, 22.70125000000013 ], [ 113.582359000000224, 22.700972 ], [ 113.582642000000192, 22.700981 ], [ 113.582642000000192, 22.700701 ], [ 113.582916, 22.700701 ], [ 113.582916, 22.700140000000147 ], [ 113.583191, 22.700140000000147 ], [ 113.583191, 22.69986 ], [ 113.583748, 22.699862 ], [ 113.583748, 22.699306 ], [ 113.58403, 22.699301000000162 ], [ 113.58403, 22.699028000000169 ], [ 113.584297000000106, 22.699030000000107 ], [ 113.584297000000106, 22.698471 ], [ 113.58458700000017, 22.698475 ], [ 113.58458700000017, 22.697081 ], [ 113.584862000000157, 22.697081 ], [ 113.584862000000157, 22.696253 ], [ 113.585426, 22.696253 ], [ 113.585419000000229, 22.695972 ], [ 113.585693000000219, 22.695972 ], [ 113.585693000000219, 22.695692000000179 ], [ 113.586525, 22.695692000000179 ], [ 113.586525, 22.695417000000134 ], [ 113.587082, 22.695421000000124 ], [ 113.587082, 22.694862 ], [ 113.587357000000225, 22.694862 ], [ 113.587357000000225, 22.694578 ], [ 113.587914, 22.694584000000134 ], [ 113.587914, 22.694305000000156 ], [ 113.588196000000153, 22.694309000000146 ], [ 113.588196000000153, 22.694031 ], [ 113.588753000000224, 22.694031 ], [ 113.588753000000224, 22.693748 ], [ 113.589027000000328, 22.693748 ], [ 113.589027000000328, 22.693468000000166 ], [ 113.589302000000202, 22.693472000000156 ], [ 113.589302000000202, 22.693195000000173 ], [ 113.589859, 22.693199000000106 ], [ 113.589859, 22.692921 ], [ 113.590416, 22.692921 ], [ 113.590416, 22.692638000000102 ], [ 113.59069100000022, 22.692638000000102 ], [ 113.590698, 22.692360000000178 ], [ 113.591248, 22.692362000000173 ], [ 113.591248, 22.692083 ], [ 113.591530000000148, 22.692083 ], [ 113.591530000000148, 22.691805000000102 ], [ 113.591797, 22.691811 ], [ 113.591797, 22.691528 ], [ 113.592361000000324, 22.691528 ], [ 113.592361000000324, 22.69125 ], [ 113.592918, 22.69125 ], [ 113.592918, 22.690969000000166 ], [ 113.593475000000126, 22.690971000000161 ], [ 113.593475000000126, 22.690695 ], [ 113.596252, 22.690695 ], [ 113.596252, 22.690416 ], [ 113.596802, 22.69042 ], [ 113.596802, 22.690140000000156 ], [ 113.597366000000193, 22.690140000000156 ], [ 113.597359000000324, 22.689861000000178 ], [ 113.597916, 22.689861000000178 ], [ 113.597916, 22.689583 ], [ 113.59874700000023, 22.689583 ], [ 113.59874700000023, 22.689306000000101 ], [ 113.599297, 22.68931 ], [ 113.599297, 22.689041 ], [ 113.599861, 22.689041 ], [ 113.599861, 22.688751 ], [ 113.600967, 22.688751 ], [ 113.600967, 22.688471000000106 ], [ 113.60125, 22.688473000000101 ], [ 113.60125, 22.688194 ], [ 113.601524000000154, 22.688194 ], [ 113.601524000000154, 22.687916 ], [ 113.601807000000122, 22.687920000000133 ], [ 113.601807000000122, 22.687641000000156 ], [ 113.6023560000001, 22.687641000000156 ], [ 113.6023560000001, 22.687361 ], [ 113.602638000000297, 22.687361 ], [ 113.602638000000297, 22.68708 ], [ 113.602913000000171, 22.687084 ], [ 113.602913000000171, 22.686806000000161 ], [ 113.60347, 22.68681000000015 ], [ 113.60347, 22.686531000000173 ], [ 113.604027, 22.686531000000173 ], [ 113.604027, 22.68569 ], [ 113.603203, 22.68569 ], [ 113.603203, 22.68598 ], [ 113.602638000000297, 22.68598 ], [ 113.602638000000297, 22.686251 ], [ 113.6023560000001, 22.686251 ], [ 113.6023560000001, 22.686531000000173 ], [ 113.601807000000122, 22.686531000000173 ], [ 113.601807000000122, 22.68681000000015 ], [ 113.601524000000154, 22.686806000000161 ], [ 113.601524000000154, 22.687084 ], [ 113.600967, 22.68708 ], [ 113.600967, 22.687361 ], [ 113.600693, 22.687361 ], [ 113.600693, 22.687641000000156 ], [ 113.60041, 22.687641000000156 ], [ 113.60041, 22.687920000000133 ], [ 113.599861, 22.687916 ], [ 113.599861, 22.688194 ], [ 113.599586, 22.688194 ], [ 113.599586, 22.688473000000101 ], [ 113.597916, 22.688473000000101 ], [ 113.597916, 22.688194 ], [ 113.598198000000139, 22.688194 ], [ 113.598198000000139, 22.687916 ], [ 113.598473000000126, 22.687920000000133 ], [ 113.598473000000126, 22.687641000000156 ], [ 113.599030000000198, 22.687641000000156 ], [ 113.599030000000198, 22.687361 ], [ 113.599297, 22.687361 ], [ 113.599297, 22.68708 ], [ 113.599586, 22.687084 ], [ 113.599586, 22.686806000000161 ], [ 113.599861, 22.68681000000015 ], [ 113.599861, 22.686531000000173 ], [ 113.600136, 22.686531000000173 ], [ 113.600136, 22.686251 ], [ 113.600693, 22.686251 ], [ 113.600693, 22.68598 ], [ 113.600967, 22.68598 ], [ 113.600967, 22.68569 ], [ 113.60125, 22.685694000000183 ], [ 113.60125, 22.685417 ], [ 113.601517, 22.685421000000133 ], [ 113.601517, 22.685141000000101 ], [ 113.601807000000122, 22.685141000000101 ], [ 113.601807000000122, 22.68486 ], [ 113.6023560000001, 22.68486 ], [ 113.6023560000001, 22.68458 ], [ 113.602638000000297, 22.684584 ], [ 113.602638000000297, 22.684305000000165 ], [ 113.602913000000171, 22.684252 ], [ 113.602913000000171, 22.683195000000183 ], [ 113.603195, 22.683195000000183 ], [ 113.603195, 22.682638000000111 ], [ 113.6037520000001, 22.682638000000111 ], [ 113.6037520000001, 22.682917 ], [ 113.604027, 22.682917 ], [ 113.604027, 22.683195000000183 ], [ 113.604309, 22.683195000000183 ], [ 113.604309, 22.68347400000016 ], [ 113.604584, 22.68347400000016 ], [ 113.604584, 22.68375 ], [ 113.604858000000149, 22.683821 ], [ 113.604858000000149, 22.684031 ], [ 113.605141000000117, 22.684031 ], [ 113.605141000000117, 22.68431100000015 ], [ 113.605698000000189, 22.68431100000015 ], [ 113.605698000000189, 22.684031 ], [ 113.605972000000293, 22.684031 ], [ 113.605972000000293, 22.68375 ], [ 113.606537000000117, 22.68375 ], [ 113.606529, 22.683493000000169 ], [ 113.60675, 22.683475000000101 ], [ 113.606804, 22.682917 ], [ 113.607086, 22.682917 ], [ 113.607086, 22.682638000000111 ], [ 113.607361, 22.682638000000111 ], [ 113.607361, 22.682362000000182 ], [ 113.607918, 22.682362000000182 ], [ 113.607918, 22.681805000000111 ], [ 113.608192000000145, 22.681805000000111 ], [ 113.608192000000145, 22.681528 ], [ 113.608475000000112, 22.681528 ], [ 113.608475000000112, 22.681252 ], [ 113.608749000000216, 22.681252 ], [ 113.608749000000216, 22.680695 ], [ 113.609306, 22.680695 ], [ 113.609306, 22.680416 ], [ 113.609581000000162, 22.680416 ], [ 113.609581000000162, 22.679859000000192 ], [ 113.609863, 22.679859000000192 ], [ 113.609863, 22.679583 ], [ 113.61042, 22.679583 ], [ 113.61042, 22.679028000000187 ], [ 113.610695, 22.679028000000187 ], [ 113.610695, 22.678747 ], [ 113.610947, 22.678749 ], [ 113.610931, 22.678192000000138 ], [ 113.611252, 22.678194000000133 ], [ 113.611252, 22.677917 ], [ 113.61152600000014, 22.677917 ], [ 113.61152600000014, 22.677641000000165 ], [ 113.612350000000106, 22.677641000000165 ], [ 113.612350000000106, 22.6768110000001 ], [ 113.61264, 22.6768110000001 ], [ 113.61264, 22.67625 ], [ 113.612907000000178, 22.67625 ], [ 113.612907000000178, 22.67597000000012 ], [ 113.613197, 22.675972000000115 ], [ 113.613197, 22.675694000000192 ], [ 113.613747000000217, 22.675694000000192 ], [ 113.613747000000217, 22.675138 ], [ 113.614029, 22.67514 ], [ 113.614029, 22.674860000000137 ], [ 113.614304, 22.674862000000132 ], [ 113.614304, 22.674583 ], [ 113.614861, 22.674583 ], [ 113.614861, 22.674028000000192 ], [ 113.615410000000111, 22.674040000000105 ], [ 113.615410000000111, 22.67347 ], [ 113.615692000000195, 22.67347100000012 ], [ 113.615692000000195, 22.672916 ], [ 113.615967, 22.67292 ], [ 113.615967, 22.672359000000142 ], [ 113.616531, 22.672361000000137 ], [ 113.616531, 22.672085 ], [ 113.616806000000224, 22.672085 ], [ 113.616806000000224, 22.671806 ], [ 113.617081000000212, 22.671810000000164 ], [ 113.617081000000212, 22.671530000000132 ], [ 113.617363, 22.671530000000132 ], [ 113.617363, 22.671249000000103 ], [ 113.617638, 22.671249000000103 ], [ 113.617638, 22.670973 ], [ 113.61792, 22.670975 ], [ 113.61792, 22.670694 ], [ 113.618195, 22.670694 ], [ 113.618195, 22.67013900000012 ], [ 113.618477, 22.670141000000115 ], [ 113.618477, 22.66958 ], [ 113.618752, 22.66958 ], [ 113.618752, 22.66930600000012 ], [ 113.61902600000019, 22.66931000000011 ], [ 113.61902600000019, 22.668753 ], [ 113.619308, 22.668753 ], [ 113.619308, 22.66847 ], [ 113.619583000000262, 22.66847 ], [ 113.619583000000262, 22.667917000000102 ], [ 113.620140000000333, 22.667917000000102 ], [ 113.620140000000333, 22.667641 ], [ 113.620407000000228, 22.667641 ], [ 113.620407000000228, 22.667358 ], [ 113.620697, 22.667358 ], [ 113.620697, 22.666809000000114 ], [ 113.620972, 22.666809000000114 ], [ 113.620972, 22.666531000000191 ], [ 113.621246, 22.666531000000191 ], [ 113.621246, 22.665970000000129 ], [ 113.621529, 22.665972000000124 ], [ 113.621529, 22.665695000000142 ], [ 113.621803000000114, 22.665701 ], [ 113.621803000000114, 22.665421 ], [ 113.622360000000185, 22.665421 ], [ 113.622360000000185, 22.665138 ], [ 113.622917, 22.665138 ], [ 113.622917, 22.66485 ], [ 113.623192000000131, 22.664862000000142 ], [ 113.623192000000131, 22.664583000000164 ], [ 113.623474000000328, 22.664583000000164 ], [ 113.623474000000328, 22.664026 ], [ 113.623749000000203, 22.664028 ], [ 113.623749000000203, 22.663750000000164 ], [ 113.624031, 22.663750000000164 ], [ 113.624031, 22.663471000000129 ], [ 113.624306, 22.663473000000124 ], [ 113.624306, 22.663195 ], [ 113.62458, 22.663195 ], [ 113.62458, 22.662640000000124 ], [ 113.624863, 22.662640000000124 ], [ 113.624863, 22.662361000000146 ], [ 113.625137000000109, 22.662361000000146 ], [ 113.625137000000109, 22.662081 ], [ 113.62542, 22.662083 ], [ 113.62542, 22.661804 ], [ 113.625687, 22.66181 ], [ 113.625687, 22.661530000000141 ], [ 113.625969000000168, 22.661530000000141 ], [ 113.625969000000168, 22.660971 ], [ 113.626251, 22.660973 ], [ 113.626251, 22.660694 ], [ 113.626526000000126, 22.660694 ], [ 113.626526000000126, 22.660418000000163 ], [ 113.626808, 22.660419 ], [ 113.626808, 22.660141000000124 ], [ 113.627083000000198, 22.660141000000124 ], [ 113.627083000000198, 22.65958 ], [ 113.627357, 22.659586 ], [ 113.627357, 22.659306000000129 ], [ 113.62764, 22.659309 ], [ 113.62764, 22.659031000000141 ], [ 113.627907000000164, 22.659031000000141 ], [ 113.627907000000164, 22.658751 ], [ 113.628197000000114, 22.658751 ], [ 113.628197000000114, 22.658190000000161 ], [ 113.628471000000104, 22.658194000000151 ], [ 113.628471000000104, 22.657917000000168 ], [ 113.628746, 22.657921000000101 ], [ 113.628746, 22.657640000000129 ], [ 113.629028000000176, 22.657640000000129 ], [ 113.629028000000176, 22.65736 ], [ 113.629303000000164, 22.657364 ], [ 113.629303000000164, 22.656805000000134 ], [ 113.629593000000227, 22.656811000000118 ], [ 113.629593000000227, 22.656530000000146 ], [ 113.629860000000235, 22.656530000000146 ], [ 113.629860000000235, 22.656252 ], [ 113.630142, 22.656252 ], [ 113.630142, 22.65597 ], [ 113.630417000000193, 22.65597 ], [ 113.630417000000193, 22.655695000000151 ], [ 113.630692000000181, 22.655701000000136 ], [ 113.630692000000181, 22.655142 ], [ 113.630966, 22.655142 ], [ 113.630966, 22.654860000000156 ], [ 113.631248, 22.654860000000156 ], [ 113.631248, 22.654581000000178 ], [ 113.631531000000109, 22.654581000000178 ], [ 113.631531000000109, 22.654306000000133 ], [ 113.631813000000193, 22.654310000000123 ], [ 113.631813000000193, 22.653751 ], [ 113.63208, 22.653751 ], [ 113.63208, 22.653469 ], [ 113.632362000000171, 22.653473000000133 ], [ 113.632362000000171, 22.653194000000155 ], [ 113.632637000000159, 22.653194000000155 ], [ 113.632637000000159, 22.652916 ], [ 113.632919, 22.652916 ], [ 113.632919, 22.652637 ], [ 113.633186000000137, 22.652637 ], [ 113.633186000000137, 22.652361000000155 ], [ 113.633476, 22.652361000000155 ], [ 113.633469000000105, 22.652082000000178 ], [ 113.633751000000302, 22.652082000000178 ], [ 113.633751000000302, 22.651806 ], [ 113.634033, 22.65181 ], [ 113.634033, 22.651531 ], [ 113.634308, 22.651531 ], [ 113.634308, 22.651251000000173 ], [ 113.634583, 22.651251000000173 ], [ 113.634583, 22.65097 ], [ 113.634865000000104, 22.650972 ], [ 113.634865000000104, 22.650417 ], [ 113.635139, 22.650421 ], [ 113.635139, 22.650141000000133 ], [ 113.635406000000103, 22.650141000000133 ], [ 113.635406000000103, 22.649870000000135 ], [ 113.635696000000166, 22.649870000000135 ], [ 113.635696000000166, 22.649580000000128 ], [ 113.635971000000154, 22.649584 ], [ 113.635971000000154, 22.649305 ], [ 113.636253, 22.649311 ], [ 113.636253, 22.64903100000015 ], [ 113.636543, 22.64903100000015 ], [ 113.636543, 22.648750000000177 ], [ 113.6368030000001, 22.648750000000177 ], [ 113.6368030000001, 22.64847 ], [ 113.637085000000297, 22.648472 ], [ 113.637085000000297, 22.648195000000101 ], [ 113.637360000000172, 22.648201 ], [ 113.637360000000172, 22.647921000000167 ], [ 113.637642, 22.647921000000167 ], [ 113.637642, 22.64764 ], [ 113.637917, 22.64764 ], [ 113.637917, 22.647079000000133 ], [ 113.638191, 22.647083 ], [ 113.638191, 22.646805 ], [ 113.638466000000335, 22.646811000000127 ], [ 113.638466000000335, 22.646530000000155 ], [ 113.638748, 22.646530000000155 ], [ 113.638748, 22.64625 ], [ 113.639030000000162, 22.64625 ], [ 113.639030000000162, 22.645693 ], [ 113.639305000000149, 22.64569500000016 ], [ 113.639305000000149, 22.645416000000182 ], [ 113.639580000000137, 22.645420000000172 ], [ 113.639580000000137, 22.64514 ], [ 113.639862000000221, 22.64514 ], [ 113.639862000000221, 22.644861000000105 ], [ 113.640137, 22.644861000000105 ], [ 113.640137, 22.644583000000182 ], [ 113.640419, 22.644585000000177 ], [ 113.640419, 22.644028000000105 ], [ 113.640686000000187, 22.6440300000001 ], [ 113.640686000000187, 22.643742 ], [ 113.640976, 22.643749000000128 ], [ 113.640976, 22.643473 ], [ 113.641251, 22.643473 ], [ 113.641251, 22.643194 ], [ 113.641525000000115, 22.643194 ], [ 113.641525000000115, 22.642639 ], [ 113.641808, 22.642641 ], [ 113.641808, 22.642363000000159 ], [ 113.642082, 22.642363000000159 ], [ 113.642082, 22.642080000000192 ], [ 113.642365, 22.642084000000182 ], [ 113.642365, 22.641806 ], [ 113.642639000000145, 22.641809 ], [ 113.642639000000145, 22.641253000000177 ], [ 113.642906, 22.641253000000177 ], [ 113.642906, 22.640968 ], [ 113.643196000000216, 22.64097 ], [ 113.643196000000216, 22.64069400000011 ], [ 113.643471000000204, 22.64069400000011 ], [ 113.643471000000204, 22.640417000000127 ], [ 113.643753, 22.640421 ], [ 113.643753, 22.640141 ], [ 113.644028000000162, 22.640141 ], [ 113.644028000000162, 22.639580000000137 ], [ 113.644302, 22.639584000000127 ], [ 113.644302, 22.639030000000105 ], [ 113.644577, 22.639030000000105 ], [ 113.644577, 22.637932 ], [ 113.64485900000011, 22.637932 ], [ 113.64485900000011, 22.637081000000137 ], [ 113.645142, 22.637083000000132 ], [ 113.645142, 22.635973 ], [ 113.645416, 22.635973 ], [ 113.645416, 22.634861000000114 ], [ 113.645691, 22.634871 ], [ 113.645691, 22.634029 ], [ 113.64597300000014, 22.634029 ], [ 113.64597300000014, 22.632921000000181 ], [ 113.646248000000128, 22.632921000000181 ], [ 113.646248000000128, 22.631531000000109 ], [ 113.646530000000212, 22.631531000000109 ], [ 113.646530000000212, 22.629580000000146 ], [ 113.646805000000199, 22.629583 ], [ 113.646805000000199, 22.627642 ], [ 113.647087, 22.627642 ], [ 113.647087, 22.625698000000114 ], [ 113.647362000000271, 22.625698000000114 ], [ 113.647362000000271, 22.62431 ], [ 113.647636, 22.62431 ], [ 113.647636, 22.62319 ], [ 113.647919000000229, 22.623194 ], [ 113.647919000000229, 22.622084 ], [ 113.648193000000106, 22.622084 ], [ 113.648193000000106, 22.620972 ], [ 113.648476, 22.620972 ], [ 113.648476, 22.619862 ], [ 113.64875, 22.619862 ], [ 113.64875, 22.61875 ], [ 113.649017, 22.61875 ], [ 113.649017, 22.61764 ], [ 113.649307000000135, 22.61764 ], [ 113.649307000000135, 22.616800000000183 ], [ 113.649582000000123, 22.616806000000167 ], [ 113.649582000000123, 22.616249 ], [ 113.649857000000111, 22.616253 ], [ 113.649857000000111, 22.61569 ], [ 113.650139000000195, 22.61569400000019 ], [ 113.650139000000195, 22.61541700000015 ], [ 113.650406, 22.615419000000145 ], [ 113.650406, 22.614862 ], [ 113.650696000000266, 22.614862 ], [ 113.650696000000266, 22.614309000000162 ], [ 113.65097, 22.614309000000162 ], [ 113.65097, 22.614031 ], [ 113.651253000000338, 22.614031 ], [ 113.651253000000338, 22.613468000000182 ], [ 113.651527000000101, 22.613470000000177 ], [ 113.651527000000101, 22.613194 ], [ 113.651802, 22.613194 ], [ 113.651802, 22.612638 ], [ 113.652077000000304, 22.612638 ], [ 113.652077000000304, 22.612080000000105 ], [ 113.652359, 22.612083000000155 ], [ 113.652359, 22.611805 ], [ 113.652641000000131, 22.611811 ], [ 113.652641000000131, 22.611250000000155 ], [ 113.652916000000118, 22.611250000000155 ], [ 113.652916000000118, 22.610701 ], [ 113.653191000000106, 22.610701 ], [ 113.653198000000202, 22.61042 ], [ 113.65347300000019, 22.61042 ], [ 113.65347300000019, 22.609859 ], [ 113.653748, 22.609861 ], [ 113.653748, 22.609306 ], [ 113.65403, 22.60931 ], [ 113.65403, 22.609030000000189 ], [ 113.654297000000156, 22.609030000000189 ], [ 113.654297000000156, 22.608471000000122 ], [ 113.654587000000333, 22.608473 ], [ 113.654587000000333, 22.607916 ], [ 113.654861, 22.607920000000149 ], [ 113.654861, 22.607630000000142 ], [ 113.655136, 22.607639000000177 ], [ 113.655136, 22.6070840000001 ], [ 113.655418000000168, 22.607082000000105 ], [ 113.655418000000168, 22.606527 ], [ 113.655693, 22.606531000000189 ], [ 113.655693, 22.6062510000001 ], [ 113.655983000000219, 22.6062510000001 ], [ 113.65597500000024, 22.605696 ], [ 113.656250000000114, 22.605696 ], [ 113.656250000000114, 22.605139000000122 ], [ 113.656517, 22.605141 ], [ 113.656517, 22.60486 ], [ 113.656807000000185, 22.60486 ], [ 113.656807000000185, 22.604313000000161 ], [ 113.657082000000173, 22.604313000000161 ], [ 113.657082000000173, 22.603750000000105 ], [ 113.657356000000163, 22.603750000000105 ], [ 113.657356000000163, 22.603472000000181 ], [ 113.657639000000131, 22.603474000000176 ], [ 113.657639000000131, 22.602917000000105 ], [ 113.657913, 22.602921 ], [ 113.657913, 22.602362 ], [ 113.658195, 22.602362 ], [ 113.658195, 22.601805000000127 ], [ 113.65847, 22.601805000000127 ], [ 113.65847, 22.600973000000181 ], [ 113.658195, 22.600973000000181 ], [ 113.658195, 22.600142000000176 ], [ 113.657913, 22.600142000000176 ], [ 113.657913, 22.599859 ], [ 113.657639000000131, 22.599859 ], [ 113.657639000000131, 22.599583000000109 ], [ 113.657082000000173, 22.599583000000109 ], [ 113.657082000000173, 22.599306000000126 ], [ 113.656807000000185, 22.59931 ], [ 113.656807000000185, 22.599028 ], [ 113.656517, 22.599028 ], [ 113.656517, 22.598761000000138 ], [ 113.656250000000114, 22.598761000000138 ], [ 113.656250000000114, 22.598471000000131 ], [ 113.65597500000024, 22.598473000000126 ], [ 113.65597500000024, 22.598194 ], [ 113.655693, 22.598194 ], [ 113.655693, 22.597919000000104 ], [ 113.655418000000168, 22.597919000000104 ], [ 113.655418000000168, 22.597639000000186 ], [ 113.654861, 22.597639000000186 ], [ 113.654861, 22.597361 ], [ 113.654579, 22.597361 ], [ 113.654579, 22.597080000000119 ], [ 113.654305000000136, 22.597084000000109 ], [ 113.654305000000136, 22.596806000000186 ], [ 113.65403, 22.596809000000121 ], [ 113.65403, 22.596531 ], [ 113.653748, 22.596531 ], [ 113.653748, 22.596251000000109 ], [ 113.65347300000019, 22.596251000000109 ], [ 113.65347300000019, 22.595970000000136 ], [ 113.653198000000202, 22.595972000000131 ], [ 113.653191000000106, 22.595694 ], [ 113.652916000000118, 22.595694 ], [ 113.652916000000118, 22.595415 ], [ 113.652359, 22.595421 ], [ 113.652359, 22.595140000000185 ], [ 113.652077000000304, 22.595140000000185 ], [ 113.652077000000304, 22.594860000000153 ], [ 113.651802, 22.594862 ], [ 113.651802, 22.594584 ], [ 113.651527000000101, 22.594584 ], [ 113.651527000000101, 22.594307000000185 ], [ 113.651253000000338, 22.594311000000175 ], [ 113.651253000000338, 22.59403 ], [ 113.65097, 22.59403 ], [ 113.65097, 22.593750000000114 ], [ 113.650696000000266, 22.593750000000114 ], [ 113.650696000000266, 22.59347 ], [ 113.650414, 22.593472 ], [ 113.650414, 22.593193 ], [ 113.649857000000111, 22.593201000000192 ], [ 113.649857000000111, 22.59292 ], [ 113.649582000000123, 22.59292 ], [ 113.649582000000123, 22.59263 ], [ 113.649307000000135, 22.592638000000136 ], [ 113.649307000000135, 22.592361000000153 ], [ 113.649025, 22.592361000000153 ], [ 113.649025, 22.592085 ], [ 113.649307000000135, 22.592085 ], [ 113.649307000000135, 22.591528000000153 ], [ 113.649582000000123, 22.59153 ], [ 113.649582000000123, 22.591249000000118 ], [ 113.649857000000111, 22.591249000000118 ], [ 113.649857000000111, 22.590691000000163 ], [ 113.650139000000195, 22.590694 ], [ 113.650139000000195, 22.590416000000118 ], [ 113.650406, 22.590420000000108 ], [ 113.650406, 22.589863 ], [ 113.650696000000266, 22.589863 ], [ 113.650696000000266, 22.589569 ], [ 113.65097, 22.589581000000123 ], [ 113.65097, 22.589027000000158 ], [ 113.651253000000338, 22.589031 ], [ 113.651253000000338, 22.588753 ], [ 113.651520000000232, 22.588753 ], [ 113.651520000000232, 22.588190000000168 ], [ 113.651802, 22.588194000000158 ], [ 113.651802, 22.587917000000118 ], [ 113.652077000000304, 22.587921000000108 ], [ 113.652077000000304, 22.587641 ], [ 113.652359, 22.587641 ], [ 113.652359, 22.58707800000019 ], [ 113.652641000000131, 22.587084000000118 ], [ 113.652641000000131, 22.58680500000014 ], [ 113.652916000000118, 22.586821 ], [ 113.652916000000118, 22.586248 ], [ 113.653191000000106, 22.586248 ], [ 113.653198000000202, 22.585970000000145 ], [ 113.65347300000019, 22.58597200000014 ], [ 113.65347300000019, 22.585417 ], [ 113.653748, 22.585421 ], [ 113.653748, 22.585138 ], [ 113.65403, 22.585138 ], [ 113.65403, 22.58457900000019 ], [ 113.654305000000136, 22.584583000000123 ], [ 113.654305000000136, 22.584305 ], [ 113.654587000000333, 22.584305 ], [ 113.654587000000333, 22.583750000000123 ], [ 113.654861, 22.583750000000123 ], [ 113.654861, 22.58346900000015 ], [ 113.655136, 22.583471000000145 ], [ 113.655136, 22.582916 ], [ 113.655418000000168, 22.58292 ], [ 113.655418000000168, 22.582361000000162 ], [ 113.655693, 22.582361000000162 ], [ 113.655693, 22.582081 ], [ 113.65597500000024, 22.582083 ], [ 113.65597500000024, 22.581528000000162 ], [ 113.656250000000114, 22.581530000000157 ], [ 113.656250000000114, 22.580690000000118 ], [ 113.65597500000024, 22.580694 ], [ 113.65597500000024, 22.580418000000122 ], [ 113.655693, 22.580420000000117 ], [ 113.655693, 22.58014100000014 ], [ 113.655136, 22.58014100000014 ], [ 113.655136, 22.579861 ], [ 113.654861, 22.579861 ], [ 113.654861, 22.57958 ], [ 113.654587000000333, 22.579584 ], [ 113.654587000000333, 22.579306000000145 ], [ 113.654297000000156, 22.579309 ], [ 113.654297000000156, 22.579031000000157 ], [ 113.653748, 22.579031000000157 ], [ 113.653748, 22.578751 ], [ 113.65347300000019, 22.578751 ], [ 113.65347300000019, 22.57847 ], [ 113.653198000000202, 22.578472 ], [ 113.653191000000106, 22.578194000000167 ], [ 113.652641000000131, 22.578194000000167 ], [ 113.652641000000131, 22.577917000000184 ], [ 113.652359, 22.577921000000117 ], [ 113.652359, 22.577650000000119 ], [ 113.652077000000304, 22.577650000000119 ], [ 113.652077000000304, 22.57736 ], [ 113.651802, 22.577362 ], [ 113.651802, 22.577084000000184 ], [ 113.651253000000338, 22.577084000000184 ], [ 113.651253000000338, 22.576805000000149 ], [ 113.65097, 22.576811000000134 ], [ 113.65097, 22.576530000000162 ], [ 113.650696000000266, 22.576530000000162 ], [ 113.650696000000266, 22.57625 ], [ 113.650406, 22.57625 ], [ 113.650406, 22.57597 ], [ 113.649864000000207, 22.575974000000144 ], [ 113.649864000000207, 22.575695000000167 ], [ 113.649582000000123, 22.575703 ], [ 113.649582000000123, 22.575420000000122 ], [ 113.649307000000135, 22.575420000000122 ], [ 113.649307000000135, 22.575142 ], [ 113.649017, 22.575142 ], [ 113.649017, 22.574862000000167 ], [ 113.64875, 22.574862000000167 ], [ 113.64875, 22.574581 ], [ 113.648193000000106, 22.574593000000107 ], [ 113.648193000000106, 22.574310000000139 ], [ 113.647919000000229, 22.574310000000139 ], [ 113.647919000000229, 22.574032 ], [ 113.647636, 22.574032 ], [ 113.647636, 22.573751 ], [ 113.647362000000271, 22.573751 ], [ 113.647362000000271, 22.573469 ], [ 113.646805000000199, 22.573473000000149 ], [ 113.646805000000199, 22.573195 ], [ 113.646530000000212, 22.573195 ], [ 113.646530000000212, 22.572916 ], [ 113.646248000000128, 22.572922 ], [ 113.646248000000128, 22.572638 ], [ 113.64597300000014, 22.572638 ], [ 113.64597300000014, 22.572359000000176 ], [ 113.645691, 22.572359000000176 ], [ 113.645691, 22.572081 ], [ 113.645142, 22.572083 ], [ 113.645142, 22.571806 ], [ 113.64485900000011, 22.57181 ], [ 113.64485900000011, 22.571527000000117 ], [ 113.644577, 22.571527000000117 ], [ 113.644577, 22.571251000000188 ], [ 113.644302, 22.571251000000188 ], [ 113.644302, 22.5709710000001 ], [ 113.643753, 22.570972 ], [ 113.643753, 22.570694000000117 ], [ 113.643471000000204, 22.570694000000117 ], [ 113.643471000000204, 22.570417 ], [ 113.643196000000216, 22.570421 ], [ 113.643196000000216, 22.570141000000149 ], [ 113.642906, 22.570141000000149 ], [ 113.642906, 22.569860000000176 ], [ 113.642357, 22.569860000000176 ], [ 113.642357, 22.56958 ], [ 113.642082, 22.569584 ], [ 113.642082, 22.569305 ], [ 113.641808, 22.569311 ], [ 113.641808, 22.569031000000166 ], [ 113.641533, 22.569031000000166 ], [ 113.641533, 22.56875 ], [ 113.641251, 22.56875 ], [ 113.641251, 22.568460000000186 ], [ 113.640694000000167, 22.568472 ], [ 113.640694000000167, 22.568195000000117 ], [ 113.640419, 22.568201 ], [ 113.640419, 22.567921000000183 ], [ 113.640137, 22.567921000000183 ], [ 113.640137, 22.56764 ], [ 113.639862000000221, 22.56764 ], [ 113.639862000000221, 22.567360000000122 ], [ 113.639305000000149, 22.567362000000116 ], [ 113.639305000000149, 22.567083 ], [ 113.639030000000162, 22.567083 ], [ 113.639030000000162, 22.566805 ], [ 113.638748, 22.566811000000143 ], [ 113.638748, 22.566530000000171 ], [ 113.638466000000335, 22.566530000000171 ], [ 113.638466000000335, 22.56625 ], [ 113.638191, 22.56625 ], [ 113.638191, 22.565969000000109 ], [ 113.637642, 22.565971000000104 ], [ 113.637642, 22.565695000000176 ], [ 113.637360000000172, 22.56571 ], [ 113.637360000000172, 22.565420000000188 ], [ 113.637077000000204, 22.565420000000188 ], [ 113.637077000000204, 22.56514 ], [ 113.6368030000001, 22.56514 ], [ 113.6368030000001, 22.564859000000126 ], [ 113.636253, 22.564861000000121 ], [ 113.636253, 22.564585 ], [ 113.635971000000154, 22.564585 ], [ 113.635971000000154, 22.564306 ], [ 113.635696000000166, 22.564310000000148 ], [ 113.635696000000166, 22.563751 ], [ 113.635406000000103, 22.563751 ], [ 113.635406000000103, 22.56319 ], [ 113.635139, 22.56319400000018 ], [ 113.635139, 22.562916 ], [ 113.634857, 22.56292 ], [ 113.634857, 22.562651 ], [ 113.634605408000084, 22.56265068 ], [ 113.634689102000152, 22.569357792 ], [ 113.63474273700001, 22.573656083000117 ], [ 113.629516602000081, 22.582496642000024 ], [ 113.628391758000134, 22.583088221000025 ], [ 113.627235413000108, 22.58369636600014 ], [ 113.621544576000019, 22.586698079000087 ], [ 113.617096, 22.589045 ], [ 113.610130251000214, 22.597978679000164 ], [ 113.595100402000185, 22.620264054000131 ], [ 113.588723481000216, 22.627375461999975 ], [ 113.582962036000026, 22.633800506000114 ], [ 113.578689576000329, 22.638561249000134 ], [ 113.57586669900013, 22.641262056000016 ], [ 113.565719605000027, 22.654300688999967 ], [ 113.55554239900016, 22.661551534000125 ], [ 113.551696778000178, 22.664291382000158 ], [ 113.54431915300006, 22.670265197000163 ], [ 113.508720397000161, 22.693403244000137 ], [ 113.504508681000175, 22.695824234000099 ], [ 113.503342000000202, 22.696495 ], [ 113.49722300000019, 22.698538 ], [ 113.49072300000023, 22.703812 ], [ 113.489974127000323, 22.704981981000117 ], [ 113.489311218000125, 22.706018448000179 ], [ 113.470909118, 22.717981338000186 ], [ 113.468514134000088, 22.718743866000011 ], [ 113.467506000000185, 22.719065000000114 ], [ 113.465937350000104, 22.719789007000088 ], [ 113.45945739800004, 22.722780228000033 ], [ 113.455116273000272, 22.726139068000123 ], [ 113.45465296500015, 22.727742542000101 ], [ 113.454627990000063, 22.72782897999997 ], [ 113.451090640000189, 22.729919659000018 ], [ 113.437362671000074, 22.738033295000093 ], [ 113.433908735000045, 22.737893295000049 ], [ 113.430069000000231, 22.737738 ], [ 113.426182354000048, 22.737931987000024 ], [ 113.423316955000018, 22.738075257000162 ], [ 113.416496278000068, 22.739847183000052 ], [ 113.414090136000141, 22.740814267000133 ], [ 113.409554000000298, 22.742638000000113 ], [ 113.402512000000115, 22.746855 ], [ 113.399922343000185, 22.74868018 ], [ 113.398612975000219, 22.749603272 ], [ 113.397072270000194, 22.750509198000032 ], [ 113.393020630000137, 22.752891541000054 ], [ 113.388212778000025, 22.755275434 ], [ 113.385696412000016, 22.756523132000041 ], [ 113.378410339000197, 22.760354996000046 ], [ 113.374359131, 22.763721467000096 ], [ 113.370783140000185, 22.766375020000055 ], [ 113.368843078000054, 22.767814636000139 ], [ 113.363761902000078, 22.772075653000172 ], [ 113.361213685000166, 22.776176453000176 ], [ 113.359824602000117, 22.778910625000094 ], [ 113.358383022000339, 22.78174795700005 ], [ 113.357892760000141, 22.782175394000149 ], [ 113.355957000000217, 22.783863000000167 ], [ 113.352127000000223, 22.789686000000188 ], [ 113.351791, 22.795662000000107 ], [ 113.355476000000181, 22.80093 ], [ 113.355911000000106, 22.801537 ], [ 113.360077070000216, 22.80240266800007 ], [ 113.361893, 22.80278 ], [ 113.369019000000208, 22.799873 ], [ 113.372093454000037, 22.799615795000136 ], [ 113.376442000000111, 22.799252000000138 ], [ 113.382272890000081, 22.803390555000192 ], [ 113.384277026000177, 22.804813160000037 ], [ 113.386627, 22.819220000000144 ], [ 113.384613, 22.827066 ], [ 113.380360012000097, 22.82920711200012 ], [ 113.376029969000228, 22.831386567000038 ], [ 113.367370688000051, 22.832265846000041 ], [ 113.365705683000215, 22.831443276000186 ], [ 113.361588, 22.829409000000112 ], [ 113.353554000000145, 22.825686 ], [ 113.349937006, 22.825307178000173 ], [ 113.348083, 22.825113000000101 ], [ 113.346074686000179, 22.825158622000117 ], [ 113.343856812000013, 22.825208665000105 ], [ 113.341843444, 22.824559741000087 ], [ 113.338898000000199, 22.82361 ], [ 113.333672000000206, 22.823265000000163 ], [ 113.332601847000205, 22.823288733000084 ], [ 113.331688, 22.823309 ], [ 113.331044272000213, 22.82335791800017 ], [ 113.327477, 22.823629 ], [ 113.322563, 22.824678000000176 ], [ 113.318946287000017, 22.827037487999974 ], [ 113.318642, 22.827236 ], [ 113.314003, 22.830349 ], [ 113.312861940000175, 22.831395969000084 ], [ 113.307708923000064, 22.836124252000104 ], [ 113.306107000000111, 22.841379000000188 ], [ 113.3058120620002, 22.844884476000175 ], [ 113.305618, 22.847191 ], [ 113.30467200000021, 22.853498000000172 ], [ 113.303596000000198, 22.859716 ], [ 113.302711000000158, 22.863867000000141 ], [ 113.301943131000257, 22.867256530000077 ], [ 113.301696778000064, 22.868343354000103 ], [ 113.301414600000157, 22.869204859999968 ], [ 113.300079, 22.873281 ], [ 113.298564086000056, 22.876008945000137 ], [ 113.297599792000028, 22.877744675000031 ], [ 113.29593658400006, 22.880533218000096 ], [ 113.294411621000108, 22.881695703999981 ], [ 113.292526, 22.8831330000001 ], [ 113.291816233000077, 22.883592717 ], [ 113.290329, 22.884556 ], [ 113.286797000000206, 22.886845000000108 ], [ 113.280638302000057, 22.890841443000113 ], [ 113.280601976000071, 22.890865019000103 ], [ 113.279510397000081, 22.89174594300016 ], [ 113.275756867000041, 22.894775365000157 ], [ 113.273827000000324, 22.900059 ], [ 113.274006236000105, 22.903296774000069 ], [ 113.2742, 22.906797000000154 ], [ 113.275049577000118, 22.913127699000029 ], [ 113.275428773000044, 22.915954590000069 ], [ 113.275588990000074, 22.922603612000046 ], [ 113.275606007000192, 22.922810078000111 ], [ 113.275948000000312, 22.926954000000137 ], [ 113.277953446000197, 22.93026461900007 ], [ 113.278282000000218, 22.930807 ], [ 113.283318000000122, 22.933681 ], [ 113.287700342000335, 22.935035071000073 ], [ 113.28957400000013, 22.935614000000101 ], [ 113.291946505000055, 22.937406877000171 ], [ 113.294891052000025, 22.93963218600004 ], [ 113.295465193000041, 22.941706233000104 ], [ 113.296531677000189, 22.945560455000134 ], [ 113.29282379100016, 22.955966950000118 ], [ 113.286949158000198, 22.959535600000152 ], [ 113.284056844000133, 22.960495227000081 ], [ 113.279556, 22.96198800000019 ], [ 113.270233000000189, 22.966318000000172 ], [ 113.264877000000183, 22.970793 ], [ 113.263340276, 22.972278212000049 ], [ 113.259536743000012, 22.975954057000138 ], [ 113.256469727000081, 22.982215882000162 ], [ 113.254386902000192, 22.988454820000186 ], [ 113.253596415000061, 22.988199118000182 ], [ 113.252387881000232, 22.987808200000131 ], [ 113.249763488000099, 22.992223739000167 ], [ 113.248586032000162, 22.994265432000077 ], [ 113.247620000000211, 22.995941000000187 ], [ 113.246921074000056, 22.997563490000118 ], [ 113.246223449000013, 22.999183655000138 ], [ 113.245406578000029, 23.00172755400007 ], [ 113.244370000000231, 23.004957000000104 ], [ 113.244978664000087, 23.01076748800017 ], [ 113.245018005000134, 23.011142731000064 ], [ 113.246658325000112, 23.017072678000147 ], [ 113.248869462000016, 23.019367706000139 ], [ 113.249473572000056, 23.019994736000172 ], [ 113.253028870000094, 23.023363113000073 ], [ 113.254096968000113, 23.026550243000145 ], [ 113.253677368000126, 23.029771806000156 ], [ 113.250038148000044, 23.033063888000072 ], [ 113.248971511000036, 23.034170163 ], [ 113.246650696000074, 23.03657722500003 ], [ 113.24455261300011, 23.037668229000076 ], [ 113.242912292000028, 23.038307191 ], [ 113.240432740000074, 23.038894654000046 ], [ 113.23792266800001, 23.039222717000087 ], [ 113.235382081000012, 23.039161683000032 ], [ 113.2316207880001, 23.039590836000116 ], [ 113.228576660000158, 23.040220261000059 ], [ 113.225059510000278, 23.041801452000016 ], [ 113.221572876000096, 23.042972565000014 ], [ 113.219848633000197, 23.043468475000054 ], [ 113.218109132000222, 23.043506622000052 ], [ 113.206626891000042, 23.049585342000171 ], [ 113.205001830000015, 23.051725387000033 ], [ 113.189201355000023, 23.058437347000108 ], [ 113.187362671000074, 23.059949874999973 ], [ 113.187316894000105, 23.071039200000143 ], [ 113.188507080000022, 23.077493667000113 ], [ 113.190048217000026, 23.079526902000055 ], [ 113.194366454000033, 23.083108903000038 ], [ 113.199203491000162, 23.087366105 ], [ 113.202560425000229, 23.092802047000191 ], [ 113.203910827000072, 23.097135545000128 ], [ 113.204742433000092, 23.100786208999978 ], [ 113.20609283400006, 23.105119705000106 ], [ 113.207168579000154, 23.108541489000061 ], [ 113.20658111600028, 23.114976884000043 ], [ 113.207366943000011, 23.120824815000105 ], [ 113.206687927000189, 23.123952867000128 ], [ 113.205940247000285, 23.133094788000051 ], [ 113.202926635000154, 23.138877869000112 ], [ 113.201988221000192, 23.144632340999976 ], [ 113.200050353000051, 23.153270721000126 ], [ 113.20220947200005, 23.158981323000091 ], [ 113.20232391400009, 23.166637422 ], [ 113.202461243000016, 23.175249100000087 ], [ 113.201545716000055, 23.182916642000123 ], [ 113.201919556000234, 23.206836701000157 ], [ 113.201095582000107, 23.220245362000185 ], [ 113.199111939000204, 23.226013184000124 ], [ 113.190979003000166, 23.235691070000087 ], [ 113.191047669000113, 23.240474702000085 ], [ 113.190086364000081, 23.245271684000159 ], [ 113.189247132000105, 23.257724763000169 ], [ 113.177833557000326, 23.266662599000028 ], [ 113.174972535000052, 23.270036697000137 ], [ 113.172416688000226, 23.277231217000121 ], [ 113.171760560000166, 23.283227920000058 ], [ 113.161582948000046, 23.288450242000181 ], [ 113.157882690000065, 23.28990364100008 ], [ 113.15442657500023, 23.291580199000066 ], [ 113.150756836000028, 23.294181824000134 ], [ 113.144912719000104, 23.299350738000044 ], [ 113.143302917000028, 23.304658890000155 ], [ 113.142089844000111, 23.307905197000082 ], [ 113.141662597000163, 23.30904960800018 ], [ 113.135726929000043, 23.311008454000046 ], [ 113.131553651000104, 23.312698364000084 ], [ 113.125602722000167, 23.314195634000157 ], [ 113.120117187000233, 23.313621522000062 ], [ 113.113571168000135, 23.3107738490001 ], [ 113.108039856000119, 23.308359146000043 ], [ 113.103706361000036, 23.304088593000131 ], [ 113.103157043000124, 23.302034379000133 ], [ 113.097320557000216, 23.297334671000101 ], [ 113.092826844000115, 23.296968459000027 ], [ 113.08711242600009, 23.297542571000122 ], [ 113.080589295000095, 23.295379640000078 ], [ 113.074501037, 23.290454864000139 ], [ 113.071533203000058, 23.28087616 ], [ 113.075248718000125, 23.269561767000084 ], [ 113.076446533000194, 23.267473222000035 ], [ 113.079559327000197, 23.262363435000111 ], [ 113.080818176000207, 23.252473832000135 ], [ 113.077117920000092, 23.243600846000106 ], [ 113.071731568000132, 23.23682403600003 ], [ 113.06568145700021, 23.233274460000132 ], [ 113.05996704100005, 23.233848572000056 ], [ 113.05854797500001, 23.236858368000185 ], [ 113.055900573000031, 23.240812303000041 ], [ 113.054031373000043, 23.245897293000155 ], [ 113.052398682000103, 23.250518800000179 ], [ 113.049453736000146, 23.251724244000059 ], [ 113.048683167000036, 23.251281738000046 ], [ 113.043136597000171, 23.248409271000185 ], [ 113.038490295000088, 23.251483918000076 ], [ 113.037162780000131, 23.258623123000064 ], [ 113.038047791000054, 23.264570236000168 ], [ 113.040168761000245, 23.270263673000045 ], [ 113.039321899000015, 23.276475906000087 ], [ 113.036560059000067, 23.285936355000104 ], [ 113.036186219000115, 23.291677476000189 ], [ 113.037300109000057, 23.296245575000057 ], [ 113.037666321000188, 23.30128669700008 ], [ 113.038543700000218, 23.307006837000131 ], [ 113.038619996000079, 23.31021499700006 ], [ 113.037979126000209, 23.314586640000186 ], [ 113.034690857000328, 23.322908402 ], [ 113.031593322000276, 23.328937530000076 ], [ 113.026069641000049, 23.33753776500015 ], [ 113.02635955900007, 23.339595794000161 ], [ 113.03122711200001, 23.34546470700019 ], [ 113.034126283000205, 23.352287294000064 ], [ 113.031219482000097, 23.355556487000115 ], [ 113.026466369000218, 23.354963302000158 ], [ 113.022186279000039, 23.352983474000098 ], [ 113.014686584000287, 23.351295472000061 ], [ 113.00852203300019, 23.353942871000186 ], [ 113.004837036000026, 23.356079102000081 ], [ 113.00137329100005, 23.357063293000067 ], [ 112.993179322000174, 23.35837364200006 ], [ 112.986297607000211, 23.362407685000164 ], [ 112.983612061000031, 23.364757538000163 ], [ 112.98094177300004, 23.367559432000178 ], [ 112.979621887000121, 23.375156403000176 ], [ 112.980766297000059, 23.382013322000091 ], [ 112.985206603000165, 23.390644074000079 ], [ 112.988082885000267, 23.396326065000096 ], [ 112.990463257000215, 23.402473450000059 ], [ 112.989143372000171, 23.409610748000148 ], [ 112.987037659000293, 23.415845872000034 ], [ 112.98426818900009, 23.425306320000118 ], [ 112.980957031000116, 23.433399200000053 ], [ 112.978340149000132, 23.438497544000029 ], [ 112.973937988000102, 23.442024231000062 ], [ 112.96671295200008, 23.44193458500007 ], [ 112.961280822000163, 23.444105149000109 ], [ 112.95964050300006, 23.448724748000132 ], [ 112.963531495000097, 23.455301286000179 ], [ 112.965927125000121, 23.462366105000058 ], [ 112.965270996000072, 23.466049195000153 ], [ 112.971939086000248, 23.465803146000098 ], [ 112.980239868000012, 23.469085694000114 ], [ 112.986228943000015, 23.469657899000083 ], [ 112.990982056000121, 23.470252992000042 ], [ 113.000976562000119, 23.471435547000112 ], [ 113.008712769000113, 23.471973420000097 ], [ 113.015480042000036, 23.473676682000189 ], [ 113.022972108000204, 23.474449158000141 ], [ 113.028961181000227, 23.474561691000133 ], [ 113.037971496000068, 23.476219176000029 ], [ 113.048789978000059, 23.480594636000035 ], [ 113.055328369000108, 23.483219147000057 ], [ 113.061683654000035, 23.488367081000035 ], [ 113.068778992000034, 23.493503571000133 ], [ 113.077102662000016, 23.497465134000038 ], [ 113.087631225000109, 23.500240327000085 ], [ 113.094413758000087, 23.502168655000105 ], [ 113.104942321000067, 23.504938127000116 ], [ 113.122497559000067, 23.509174348000045 ], [ 113.130546569000217, 23.512222291000114 ], [ 113.138061523000147, 23.513677597000083 ], [ 113.147010803000057, 23.512809753000056 ], [ 113.154647828000179, 23.509212495000099 ], [ 113.168769837000013, 23.505485535000105 ], [ 113.173973084000068, 23.504232407000188 ], [ 113.178466797000169, 23.505056382000021 ], [ 113.18380737200016, 23.509075166 ], [ 113.186546325000222, 23.518884658000047 ], [ 113.189201355000023, 23.52548027000006 ], [ 113.194129943000121, 23.53317833 ], [ 113.198799134000183, 23.540422440000043 ], [ 113.199851989000308, 23.542922974000192 ], [ 113.200912476000212, 23.545423509000045 ], [ 113.200576783000088, 23.55185318000008 ], [ 113.196960448000254, 23.556974411000112 ], [ 113.192848206, 23.561874390000071 ], [ 113.190933228000176, 23.565351486000168 ], [ 113.190368652000188, 23.572704315000067 ], [ 113.193267823000042, 23.579067231000181 ], [ 113.198097229000041, 23.58286857600001 ], [ 113.205673219, 23.586381913000025 ], [ 113.214218139000081, 23.589187622000111 ], [ 113.226287842000147, 23.593063354000151 ], [ 113.23233795100009, 23.595462799000131 ], [ 113.240661621000072, 23.599418639000078 ], [ 113.25083160500003, 23.607004165000149 ], [ 113.254661560000159, 23.610364915 ], [ 113.257186890000071, 23.611917495000057 ], [ 113.269248963000223, 23.615335465000044 ], [ 113.276718140000071, 23.614717484000153 ], [ 113.280632019000222, 23.611654282000188 ], [ 113.283401489000198, 23.612514496000131 ], [ 113.287986756, 23.616544724 ], [ 113.289833068, 23.620407105000083 ], [ 113.291770936000034, 23.627933503000065 ], [ 113.289573670000095, 23.639217377000023 ], [ 113.291473389000316, 23.645143509000093 ], [ 113.295288086000028, 23.648271561000115 ], [ 113.303756715000077, 23.648092270000063 ], [ 113.311950684000067, 23.646312714000089 ], [ 113.317886352000073, 23.644582748000118 ], [ 113.323677063000332, 23.646522522000055 ], [ 113.3273010260001, 23.651262283999984 ], [ 113.329902648000029, 23.65403556900003 ], [ 113.332260131000112, 23.657573700000171 ], [ 113.336128235000047, 23.662855149000052 ], [ 113.340927124000018, 23.670961379 ], [ 113.347488404000046, 23.680995942000095 ], [ 113.353767396000194, 23.690372467000088 ], [ 113.355407715000069, 23.696071626000105 ], [ 113.355400085000042, 23.705245971000068 ], [ 113.356620790000193, 23.713933945 ], [ 113.358566284000062, 23.721462250000059 ], [ 113.361412049000023, 23.725297928000145 ], [ 113.363250733000314, 23.728929520000065 ], [ 113.367507935000162, 23.729524613000024 ], [ 113.374061585000049, 23.731676102000108 ], [ 113.382293700000218, 23.731498718000182 ], [ 113.393768311000258, 23.731023789000062 ], [ 113.413436890000071, 23.729446412000016 ], [ 113.425636291000046, 23.728033066000137 ], [ 113.437232972000061, 23.722274781000067 ], [ 113.446670532000212, 23.711284638000109 ], [ 113.450843810000038, 23.708442688000162 ], [ 113.459243774000129, 23.705274582000072 ], [ 113.465820312, 23.699394226000038 ], [ 113.47402954100005, 23.688892364000139 ], [ 113.491996766000057, 23.688951492000058 ], [ 113.505989074000013, 23.689556123000045 ], [ 113.517990112, 23.690206528000147 ], [ 113.529907227000081, 23.697502135999969 ], [ 113.537551880000251, 23.70283317500008 ], [ 113.552520752000305, 23.702497482000126 ], [ 113.561576844000342, 23.696100235000074 ], [ 113.567146302000197, 23.689779281000028 ], [ 113.574798584000064, 23.677679062000095 ], [ 113.581619263000221, 23.671560287000034 ], [ 113.594329834000177, 23.670810700000061 ], [ 113.599182129000269, 23.674827575000165 ], [ 113.605072022000058, 23.680196762000037 ], [ 113.612663270000098, 23.692865373000132 ], [ 113.621452332000217, 23.70390129000009 ], [ 113.628311156000336, 23.708101272000135 ], [ 113.628906249000124, 23.720930100000089 ], [ 113.627586365000184, 23.727153778000059 ], [ 113.627487182000209, 23.732658386000026 ], [ 113.62937927300004, 23.746610642000178 ], [ 113.627723694000224, 23.758800508000149 ], [ 113.623008728000059, 23.768772125 ], [ 113.620689392000145, 23.784193040000105 ], [ 113.623458861000017, 23.793991089000144 ], [ 113.63272857600009, 23.812812806000011 ], [ 113.638160705000018, 23.819564820000039 ], [ 113.650970458000074, 23.82179260200013 ], [ 113.662399291000042, 23.819688798000186 ], [ 113.667350768, 23.817968368000095 ], [ 113.673301697000056, 23.816453934000037 ], [ 113.677299499000128, 23.816360475000181 ], [ 113.689582825000343, 23.817678452000109 ], [ 113.695625305000135, 23.822919845000058 ], [ 113.699890137000011, 23.828590393000127 ], [ 113.707336426000325, 23.837080001000174 ], [ 113.706871032000208, 23.846168519000059 ], [ 113.709503173000144, 23.859405516999971 ], [ 113.719093323000152, 23.862392425000053 ], [ 113.73150634700005, 23.860261917000173 ], [ 113.745010377000085, 23.860170365000045 ], [ 113.753303528000174, 23.861581802000046 ], [ 113.75811004600007, 23.863988877000168 ], [ 113.765777588000219, 23.869764328000088 ], [ 113.768943786000136, 23.875194549000071 ], [ 113.77165222300016, 23.882696151000061 ], [ 113.773017884000069, 23.895505906000096 ], [ 113.77674102900005, 23.903215408000108 ], [ 113.789062501000103, 23.905670167000096 ], [ 113.795639037000115, 23.908264161000091 ], [ 113.797927857000104, 23.909585953000033 ], [ 113.804412843000023, 23.908740997000109 ], [ 113.811431884000058, 23.909717560000047 ], [ 113.818511963000105, 23.912525176000145 ], [ 113.827911377000078, 23.917575836000083 ], [ 113.835540772000172, 23.921976089000111 ], [ 113.842910767000035, 23.925924302000169 ], [ 113.851516723000145, 23.929840088000162 ], [ 113.863616942000021, 23.932985305000102 ], [ 113.872650146000183, 23.93413925200008 ], [ 113.881446838000215, 23.935527802000024 ], [ 113.888168335000046, 23.934446336000065 ], [ 113.892753600000106, 23.928829193000126 ], [ 113.895606994000104, 23.924169542000129 ], [ 113.90223693900009, 23.920337677000077 ], [ 113.913276672000052, 23.921667100000036 ], [ 113.91808319200004, 23.923156739000092 ], [ 113.932640076000098, 23.925086975000113 ], [ 113.951316834000181, 23.93081283600003 ], [ 113.960403443000132, 23.933336259000157 ], [ 113.97119140600023, 23.934900285000083 ], [ 113.979232788000104, 23.936073304000047 ], [ 113.988731385000051, 23.936063767000064 ], [ 113.996978759000172, 23.935855865000065 ], [ 114.000000000000114, 23.935564041000077 ], [ 114.012458802000197, 23.930549621000182 ], [ 114.020202637000239, 23.929130554000096 ], [ 114.027198792000149, 23.928400040000042 ], [ 114.02993011500007, 23.926092147000134 ], [ 114.033668518000013, 23.92446708600005 ], [ 114.033866882000098, 23.918966293000096 ], [ 114.031799316000047, 23.90889930700007 ], [ 114.030731201000094, 23.899511337000149 ], [ 114.03015136800002, 23.889436722000085 ], [ 114.03209686200023, 23.881635665999966 ], [ 114.035026550000111, 23.873140336000176 ], [ 114.037719726000205, 23.864879609000127 ], [ 114.040176391000159, 23.860740662000069 ], [ 114.043907166000054, 23.856592178000028 ], [ 114.04934692300003, 23.849914550000108 ], [ 114.05079650800019, 23.843261718000178 ], [ 114.049011230000133, 23.838003158999982 ], [ 114.043716431, 23.832080842000153 ], [ 114.035156250000227, 23.824569702000076 ], [ 114.029617309000059, 23.818187713000043 ], [ 114.02709961000005, 23.81499481100019 ], [ 114.023803711000141, 23.809057235000068 ], [ 114.023513795000099, 23.803102494000029 ], [ 114.02472686700014, 23.798284531000093 ], [ 114.029167175000339, 23.792072297000175 ], [ 114.034408570000096, 23.790664673000038 ], [ 114.042129517000149, 23.786952972000165 ], [ 114.044853210000156, 23.783271790000072 ], [ 114.044067383000083, 23.77938079900008 ], [ 114.040527344000111, 23.774133682000183 ], [ 114.037017823000156, 23.771863937000035 ], [ 114.030761719000111, 23.770755768000072 ], [ 114.024246217000155, 23.768959046000134 ], [ 114.01450348000003, 23.76764488200007 ], [ 114.007797241000048, 23.765216828000121 ], [ 114.005104065000069, 23.764238358000171 ], [ 114.000000000000114, 23.763996124000187 ], [ 113.994956969000214, 23.763206482000044 ], [ 113.990196229000162, 23.762638093000191 ], [ 113.981880189000094, 23.760326387000191 ], [ 113.974159240000063, 23.752725601000122 ], [ 113.967140198000038, 23.743495941000162 ], [ 113.953781127000184, 23.73947334200011 ], [ 113.928756714000087, 23.738035202000106 ], [ 113.91625976600028, 23.737199783 ], [ 113.907058715000062, 23.730087280000134 ], [ 113.90589141800001, 23.724384308000083 ], [ 113.903869629000042, 23.715259552000191 ], [ 113.901390075000222, 23.707523345000027 ], [ 113.895179749000022, 23.700109482000073 ], [ 113.885231018000013, 23.693010330000106 ], [ 113.872886657000095, 23.689418794000176 ], [ 113.862838746000193, 23.686912537000183 ], [ 113.854789734000292, 23.684816361000117 ], [ 113.853256227000202, 23.675220488999969 ], [ 113.84748840400016, 23.674215317000119 ], [ 113.841812133000076, 23.676418305000141 ], [ 113.833618164000086, 23.677993774000015 ], [ 113.825538635000044, 23.674751282000159 ], [ 113.819763185000056, 23.665027619000057 ], [ 113.817253112000117, 23.655914307000046 ], [ 113.816642761000139, 23.652027130000079 ], [ 113.817077637000239, 23.641468047000103 ], [ 113.821388244000104, 23.635168077000174 ], [ 113.826362609000057, 23.626102447000051 ], [ 113.827926635000154, 23.619873048000045 ], [ 113.829917908000084, 23.619823456000063 ], [ 113.838577271000077, 23.617546081000171 ], [ 113.847450257000105, 23.613660812000148 ], [ 113.85048675500002, 23.606706619000192 ], [ 113.851600647000168, 23.593601227000136 ], [ 113.852859498000157, 23.585546494000084 ], [ 113.850402833000317, 23.578264236000109 ], [ 113.848983764000081, 23.572332383000173 ], [ 113.853248596000185, 23.564889909000101 ], [ 113.859046936000141, 23.558553697000036 ], [ 113.860862731000338, 23.552316667000184 ], [ 113.863929749000135, 23.546506882000074 ], [ 113.868293762000121, 23.54227256900009 ], [ 113.87689208900008, 23.537929535000103 ], [ 113.881469726000205, 23.532541275000142 ], [ 113.916313172000059, 23.505067826000129 ], [ 113.925903321000192, 23.501157760000069 ], [ 113.933631898000044, 23.492706299000019 ], [ 113.944503785000165, 23.489452362000179 ], [ 113.959213257000101, 23.489538193000101 ], [ 113.966636657000208, 23.488206863000073 ], [ 113.970802307000099, 23.485576630000139 ], [ 113.972488404000046, 23.483470915999987 ], [ 113.972572328000069, 23.478193284000156 ], [ 113.968948365000188, 23.473695755000051 ], [ 113.960197448000031, 23.472768784000039 ], [ 113.95642852900005, 23.471715928000151 ], [ 113.951576234000072, 23.467939378000096 ], [ 113.951271057000213, 23.465883255000051 ], [ 113.950546265000071, 23.458559036000054 ], [ 113.951232910000158, 23.447990418000131 ], [ 113.954681397000058, 23.438726425000027 ], [ 113.962821961000031, 23.436000824000189 ], [ 113.97657775800019, 23.437486649000107 ], [ 113.984008789000086, 23.436149598000043 ], [ 113.984642028000053, 23.432464601000106 ], [ 113.979736328000058, 23.426853180000023 ], [ 113.978889466000169, 23.423433305000117 ], [ 113.982177735000164, 23.416927338000164 ], [ 113.989196777000075, 23.410095215000183 ], [ 113.991256713000098, 23.404077531000041 ], [ 113.989768981000111, 23.396087646000183 ], [ 113.986167907000095, 23.392278671000042 ], [ 113.983566283000073, 23.38890266500016 ], [ 113.980468750000227, 23.385082246000138 ], [ 113.97843170200008, 23.375497819000032 ], [ 113.98146057200006, 23.368539810000129 ], [ 113.986213684000063, 23.361076356000069 ], [ 113.98915863000002, 23.348920821000149 ], [ 113.986358642000141, 23.346927643000072 ], [ 113.982040406000237, 23.344284059000188 ], [ 113.974617004000152, 23.337818146000131 ], [ 113.964279174000126, 23.333265305000111 ], [ 113.948867797000048, 23.334346771000071 ], [ 113.9350585950001, 23.338827133000052 ], [ 113.922241212000131, 23.343509675000064 ], [ 113.91017913900032, 23.348173141000132 ], [ 113.894050598000149, 23.350183488000084 ], [ 113.886131287000126, 23.34349823000008 ], [ 113.886207581, 23.329269410000165 ], [ 113.888603211000031, 23.317508697000108 ], [ 113.889839173000155, 23.308759689000055 ], [ 113.886940003000063, 23.295064927000112 ], [ 113.881332397000051, 23.282125474000168 ], [ 113.876243591000048, 23.278350829000033 ], [ 113.870849609000288, 23.272748947000025 ], [ 113.870376587000237, 23.265417098000057 ], [ 113.879478455000026, 23.261291505000031 ], [ 113.88632965100021, 23.257448197000031 ], [ 113.887443542000028, 23.244340896000097 ], [ 113.887802123000029, 23.239740372000085 ], [ 113.89111328100023, 23.233694077000109 ], [ 113.892478942000139, 23.221269607000124 ], [ 113.886543274000019, 23.213846207000131 ], [ 113.881088256000226, 23.206180572000164 ], [ 113.881576539000207, 23.197446823000064 ], [ 113.890213013000334, 23.189527511999984 ], [ 113.890213013000334, 23.181701660000158 ], [ 113.889091491000045, 23.177366257000187 ], [ 113.875663757000211, 23.159540177000167 ], [ 113.873542785000041, 23.159427644000175 ], [ 113.866157531000226, 23.155151366000041 ], [ 113.86308288500004, 23.152244568000185 ], [ 113.858467101000201, 23.147541047000118 ], [ 113.856117248000032, 23.143699647000119 ], [ 113.850189208000188, 23.136503220000179 ], [ 113.846397400000114, 23.134302139000056 ], [ 113.842796326000098, 23.132419585999969 ], [ 113.834091186000137, 23.132177352000042 ], [ 113.830581664000192, 23.131118775000118 ], [ 113.826568604000158, 23.130067826000072 ], [ 113.812591554000051, 23.128349305000086 ], [ 113.804840088000105, 23.126932143999966 ], [ 113.79987335300018, 23.127056122000113 ], [ 113.797126769000101, 23.127122880000115 ], [ 113.78650665400005, 23.129552842000123 ], [ 113.779678344000104, 23.129791260000104 ], [ 113.773490906, 23.129308699999967 ], [ 113.767829896000194, 23.128297806000035 ], [ 113.763603211000145, 23.12840080300009 ], [ 113.758872986000029, 23.12805747900012 ], [ 113.750228882000101, 23.131593705000114 ], [ 113.74624633700023, 23.135267257000123 ], [ 113.74114227300015, 23.138368607000075 ], [ 113.734268189000318, 23.141950608000059 ], [ 113.733314514000199, 23.140052796000077 ], [ 113.726013184000067, 23.137302400000067 ], [ 113.718681336000031, 23.132638931000088 ], [ 113.708229066000285, 23.127065658000049 ], [ 113.70085907000032, 23.120487213999979 ], [ 113.693542480000019, 23.116779328000177 ], [ 113.683197021000069, 23.116945266000016 ], [ 113.672821044000216, 23.115200044000062 ], [ 113.66175079300001, 23.114789963000135 ], [ 113.654701233000083, 23.111743927000191 ], [ 113.642036439000094, 23.107196809000186 ], [ 113.635559083000089, 23.107398986000135 ], [ 113.623207092000143, 23.106748581000033 ], [ 113.610290527000075, 23.106365205000088 ], [ 113.60291290300006, 23.109292985000081 ], [ 113.60137176600017, 23.113351822000084 ], [ 113.594360352000194, 23.111679077000133 ], [ 113.589286805000029, 23.108354568000152 ], [ 113.586746216000051, 23.105890275000093 ], [ 113.581901551000101, 23.101413728000125 ], [ 113.575111388000209, 23.098817826000129 ], [ 113.569633484000292, 23.098255158000086 ], [ 113.564888001000099, 23.097677231000148 ], [ 113.561996461000035, 23.095100402000185 ], [ 113.558959961000141, 23.093336105000162 ], [ 113.554870605000133, 23.089298248000091 ], [ 113.55127716100003, 23.085252761000106 ], [ 113.546760559000063, 23.08130455100013 ], [ 113.544197082000096, 23.077173232000177 ], [ 113.541687012000125, 23.070787430000109 ], [ 113.538986205000015, 23.064241409000147 ], [ 113.535301208000192, 23.059537888000079 ], [ 113.529716491000045, 23.053983688000073 ], [ 113.524101258000087, 23.048093797000092 ], [ 113.519599914000082, 23.04467773500005 ], [ 113.516952515000185, 23.043706894000138 ], [ 113.51534271200012, 23.039382934000116 ], [ 113.51468658400006, 23.033432007000044 ], [ 113.516723632000208, 23.026039124000079 ], [ 113.518363517000012, 23.022063668000101 ], [ 113.520927000000142, 23.015848 ], [ 113.526291, 23.002874 ], [ 113.526553253000202, 23.002174868000111 ], [ 113.530456543000014, 22.991767883000136 ], [ 113.53142342700005, 22.989374319000149 ], [ 113.53186, 22.988293000000112 ], [ 113.53368208400002, 22.983467274000134 ], [ 113.533782959000064, 22.983200074000081 ], [ 113.533882136000216, 22.982986843000106 ], [ 113.535881, 22.978689 ], [ 113.53675540200004, 22.975997244999974 ], [ 113.537551880000251, 22.973545074000072 ], [ 113.539840698000148, 22.967348099000048 ], [ 113.541192354000032, 22.962094922000176 ], [ 113.541419982000207, 22.961210251000068 ], [ 113.541685844000199, 22.960353179000037 ], [ 113.542800904000046, 22.956758500000035 ], [ 113.545838181000136, 22.94887867500006 ], [ 113.546257019000109, 22.947792054000161 ], [ 113.549438477000081, 22.939525604999972 ], [ 113.551098824000064, 22.9362644200001 ], [ 113.551567077000186, 22.935344696000186 ], [ 113.552016042000105, 22.934182728000167 ], [ 113.553299, 22.930862 ], [ 113.553574815000047, 22.930052824000029 ], [ 113.554702759000065, 22.926742553000111 ], [ 113.556800843000019, 22.922233582 ], [ 113.559310913000218, 22.918354035000107 ], [ 113.561500550000119, 22.911165238000081 ], [ 113.563369751000096, 22.90433693000017 ], [ 113.565078735000156, 22.895854951000103 ], [ 113.566738435000161, 22.887686809 ], [ 113.566802987000301, 22.887369063 ], [ 113.566816848000144, 22.887210925999966 ], [ 113.567657, 22.877621 ], [ 113.567370861000086, 22.868577236000135 ], [ 113.567298889000085, 22.866306306000126 ], [ 113.567672730000027, 22.861480713000105 ], [ 113.568572999000025, 22.858247756000026 ], [ 113.577667236000138, 22.846332550000056 ], [ 113.584899902000075, 22.838132858000165 ], [ 113.590072632000215, 22.833396912000183 ], [ 113.593612670000198, 22.829099655000164 ], [ 113.596520904000045, 22.826238269000044 ], [ 113.596572933000061, 22.826187066000159 ], [ 113.600769043000128, 22.821168899000156 ], [ 113.600929755000266, 22.820940229000087 ], [ 113.605392457000221, 22.814590455000143 ], [ 113.606959227000175, 22.812690822999969 ], [ 113.607322693000015, 22.812250138000024 ], [ 113.609207153000057, 22.807794572000148 ], [ 113.609796790000019, 22.807048797000164 ], [ 113.61152600000014, 22.804861 ], [ 113.61152600000014, 22.804581 ], [ 113.610970000000293, 22.804585000000145 ], [ 113.610970000000293, 22.804306000000167 ], [ 113.61042, 22.804310000000157 ], [ 113.61042, 22.804029000000185 ], [ 113.610138, 22.804029000000185 ], [ 113.610138, 22.803753 ], [ 113.609581000000162, 22.803753 ], [ 113.609581000000162, 22.803473000000167 ], [ 113.609024, 22.803473000000167 ], [ 113.609024, 22.803192 ], [ 113.608749000000216, 22.803192 ], [ 113.608742, 22.802919000000145 ], [ 113.608192000000145, 22.802919000000145 ], [ 113.608192000000145, 22.802643 ], [ 113.607643000000166, 22.802643 ], [ 113.607643000000166, 22.802362 ], [ 113.607361, 22.802362 ], [ 113.607361, 22.80208 ], [ 113.606804, 22.80208400000015 ], [ 113.606804, 22.801805000000172 ], [ 113.606247000000167, 22.801811000000157 ], [ 113.606247000000167, 22.801533 ], [ 113.605698000000189, 22.801533 ], [ 113.605698000000189, 22.801249 ], [ 113.605415000000221, 22.801249 ], [ 113.605415000000221, 22.800970000000177 ], [ 113.604858000000149, 22.800970000000177 ], [ 113.604858000000149, 22.800695000000189 ], [ 113.604309, 22.80069 ], [ 113.604309, 22.800417 ], [ 113.604027, 22.800430000000119 ], [ 113.604027, 22.800138000000118 ], [ 113.60347, 22.800138000000118 ], [ 113.60347, 22.799858 ], [ 113.602913000000171, 22.799862000000189 ], [ 113.602913000000171, 22.799583 ], [ 113.602638000000297, 22.799583 ], [ 113.602638000000297, 22.799305000000118 ], [ 113.602081000000226, 22.799311 ], [ 113.602081000000226, 22.799028 ], [ 113.601517, 22.799028 ], [ 113.601517, 22.79875 ], [ 113.600975, 22.79875 ], [ 113.600975, 22.798471000000177 ], [ 113.600693, 22.798471000000177 ], [ 113.600693, 22.798195 ], [ 113.600136, 22.798195 ], [ 113.600136, 22.7979160000001 ], [ 113.599586, 22.79792 ], [ 113.599586, 22.797640000000172 ], [ 113.599297, 22.797640000000172 ], [ 113.599297, 22.797371000000112 ], [ 113.59874700000023, 22.797371000000112 ], [ 113.59874700000023, 22.797081000000105 ], [ 113.598198000000139, 22.7970830000001 ], [ 113.598198000000139, 22.796806000000117 ], [ 113.597641, 22.79681 ], [ 113.597641, 22.796530000000189 ], [ 113.597366000000193, 22.796530000000189 ], [ 113.597366000000193, 22.796249 ], [ 113.596802, 22.796249 ], [ 113.596802, 22.795971000000122 ], [ 113.596252, 22.795973000000117 ], [ 113.596252, 22.795694 ], [ 113.595970000000193, 22.795694 ], [ 113.595970000000193, 22.795416 ], [ 113.595413000000121, 22.795420000000149 ], [ 113.595413000000121, 22.795141000000172 ], [ 113.594856000000163, 22.795141000000172 ], [ 113.594856000000163, 22.794861 ], [ 113.594582, 22.794861 ], [ 113.594582, 22.79458000000011 ], [ 113.594025000000329, 22.7945840000001 ], [ 113.594025000000329, 22.794306000000176 ], [ 113.593475000000126, 22.794306000000176 ], [ 113.593475000000126, 22.794027 ], [ 113.592918, 22.794031000000189 ], [ 113.592918, 22.7937510000001 ], [ 113.592636000000198, 22.7937510000001 ], [ 113.592636000000198, 22.793470000000127 ], [ 113.59208700000022, 22.793472000000122 ], [ 113.59208700000022, 22.793196 ], [ 113.591530000000148, 22.793196 ], [ 113.591530000000148, 22.79236 ], [ 113.59124, 22.79236 ], [ 113.59124, 22.791811000000166 ], [ 113.591530000000148, 22.791811000000166 ], [ 113.591530000000148, 22.791243 ], [ 113.591805, 22.791250000000105 ], [ 113.591805, 22.790974000000176 ], [ 113.591530000000148, 22.790974000000176 ], [ 113.591530000000148, 22.790417000000105 ], [ 113.59124, 22.790421 ], [ 113.59124, 22.790140000000122 ], [ 113.590973, 22.790140000000122 ], [ 113.590973, 22.78903 ], [ 113.59124, 22.78903 ], [ 113.59124, 22.788752 ], [ 113.591530000000148, 22.788752 ], [ 113.591530000000148, 22.788179 ], [ 113.59208700000022, 22.788195 ], [ 113.59208700000022, 22.787916000000109 ], [ 113.593193, 22.787922 ], [ 113.593193, 22.787359 ], [ 113.593483000000106, 22.787359 ], [ 113.593475000000126, 22.786528 ], [ 113.593750000000114, 22.786528 ], [ 113.593750000000114, 22.785690000000159 ], [ 113.594025000000329, 22.785694000000149 ], [ 113.594025000000329, 22.785418 ], [ 113.595139000000131, 22.785431 ], [ 113.595139000000131, 22.785139 ], [ 113.595413000000121, 22.785139 ], [ 113.595413000000121, 22.784861000000149 ], [ 113.595703, 22.784861000000149 ], [ 113.595695, 22.784306 ], [ 113.595970000000193, 22.784309000000121 ], [ 113.595970000000193, 22.78319 ], [ 113.596252, 22.783194 ], [ 113.596252, 22.782915 ], [ 113.596527, 22.782921 ], [ 113.596527, 22.78264 ], [ 113.596802, 22.78264 ], [ 113.596802, 22.782360000000153 ], [ 113.597084000000109, 22.782362000000148 ], [ 113.597084000000109, 22.781528 ], [ 113.597641, 22.78153 ], [ 113.597641, 22.781811000000175 ], [ 113.598198000000139, 22.781811000000175 ], [ 113.598198000000139, 22.78153 ], [ 113.598473000000126, 22.78153 ], [ 113.598473000000126, 22.78097 ], [ 113.599586, 22.780972 ], [ 113.599586, 22.780693 ], [ 113.600136, 22.780693 ], [ 113.600136, 22.780416 ], [ 113.600693, 22.78042 ], [ 113.600693, 22.780140000000131 ], [ 113.601517, 22.780140000000131 ], [ 113.601517, 22.77986 ], [ 113.602081000000226, 22.779861000000153 ], [ 113.602081000000226, 22.779585 ], [ 113.602364000000193, 22.779585 ], [ 113.602364000000193, 22.779306 ], [ 113.602638000000297, 22.779306 ], [ 113.602638000000297, 22.779028000000153 ], [ 113.602913000000171, 22.779030000000148 ], [ 113.602913000000171, 22.778191000000163 ], [ 113.60347, 22.778194 ], [ 113.60347, 22.777639000000136 ], [ 113.6037520000001, 22.777639000000136 ], [ 113.6037520000001, 22.776531000000148 ], [ 113.604027, 22.776531000000148 ], [ 113.604027, 22.77597 ], [ 113.604309, 22.77597 ], [ 113.604309, 22.775417000000118 ], [ 113.604858000000149, 22.775421000000108 ], [ 113.604858000000149, 22.775143 ], [ 113.605141000000117, 22.775143 ], [ 113.605141000000117, 22.77457800000019 ], [ 113.605316, 22.77458200000018 ], [ 113.605415000000221, 22.774584000000118 ], [ 113.605415000000221, 22.77430500000014 ], [ 113.605972000000293, 22.77430900000013 ], [ 113.605972000000293, 22.774031 ], [ 113.606796000000259, 22.774031 ], [ 113.606796000000259, 22.773748 ], [ 113.607361, 22.773748 ], [ 113.607361, 22.773470000000145 ], [ 113.607918, 22.77347200000014 ], [ 113.607918, 22.772638 ], [ 113.608192000000145, 22.772638 ], [ 113.608192000000145, 22.77207900000019 ], [ 113.608475000000112, 22.77208300000018 ], [ 113.608475000000112, 22.771526 ], [ 113.608749000000216, 22.771528 ], [ 113.608749000000216, 22.770969 ], [ 113.609024, 22.770971000000145 ], [ 113.609024, 22.770695 ], [ 113.609306, 22.770695 ], [ 113.609306, 22.770416 ], [ 113.609863, 22.770418 ], [ 113.609863, 22.77014000000014 ], [ 113.610138, 22.77014000000014 ], [ 113.610138, 22.769861000000162 ], [ 113.61042, 22.769861000000162 ], [ 113.61042, 22.769581 ], [ 113.610970000000293, 22.769583 ], [ 113.610970000000293, 22.769382000000121 ], [ 113.610970000000293, 22.769306 ], [ 113.61152600000014, 22.76931 ], [ 113.61152600000014, 22.768751000000179 ], [ 113.612076000000116, 22.768751000000179 ], [ 113.612076000000116, 22.768471 ], [ 113.612358000000199, 22.768473 ], [ 113.612358000000199, 22.767916000000184 ], [ 113.61264, 22.767920000000117 ], [ 113.61264, 22.76764100000014 ], [ 113.612907000000178, 22.76764100000014 ], [ 113.612907000000178, 22.767071 ], [ 113.613197, 22.767084 ], [ 113.613197, 22.766251 ], [ 113.613747000000217, 22.766251 ], [ 113.613747000000217, 22.76597 ], [ 113.614029, 22.765972 ], [ 113.614029, 22.765694000000167 ], [ 113.614586, 22.765694000000167 ], [ 113.614586, 22.764029 ], [ 113.614861, 22.764030000000162 ], [ 113.614861, 22.76375 ], [ 113.616249000000266, 22.76375 ], [ 113.616249000000266, 22.76347 ], [ 113.616531, 22.763474000000144 ], [ 113.616531, 22.762638 ], [ 113.616806000000224, 22.762642 ], [ 113.616806000000224, 22.762079 ], [ 113.617081000000212, 22.762081 ], [ 113.617081000000212, 22.761806 ], [ 113.617363, 22.761801000000105 ], [ 113.617363, 22.76153 ], [ 113.617638, 22.761532 ], [ 113.617638, 22.760969 ], [ 113.61792, 22.760971 ], [ 113.61792, 22.760416 ], [ 113.618187, 22.760422 ], [ 113.618187, 22.759653000000185 ], [ 113.618187, 22.759581 ], [ 113.618469000000118, 22.759583 ], [ 113.618469000000118, 22.759027000000117 ], [ 113.618752, 22.759027000000117 ], [ 113.618752, 22.757921 ], [ 113.618187, 22.757921 ], [ 113.618187, 22.757641 ], [ 113.61792, 22.757641 ], [ 113.61792, 22.757360000000176 ], [ 113.617363, 22.757360000000176 ], [ 113.617363, 22.757080000000144 ], [ 113.616806000000224, 22.757084 ], [ 113.616806000000224, 22.756805 ], [ 113.616661000000249, 22.756805 ], [ 113.615967, 22.756811 ], [ 113.615891000000147, 22.756531000000166 ], [ 113.615410000000111, 22.756531000000166 ], [ 113.615410000000111, 22.75625 ], [ 113.614861, 22.75625 ], [ 113.614861, 22.755701 ], [ 113.614586, 22.755701 ], [ 113.614586, 22.755421000000183 ], [ 113.614029, 22.755421000000183 ], [ 113.614029, 22.755131000000176 ], [ 113.612915000000157, 22.755138 ], [ 113.612915000000157, 22.754862000000116 ], [ 113.612358000000199, 22.754862000000116 ], [ 113.612358000000199, 22.754583 ], [ 113.612083000000212, 22.754583 ], [ 113.612083000000212, 22.754307 ], [ 113.61152600000014, 22.754307 ], [ 113.61152600000014, 22.754028000000176 ], [ 113.610970000000293, 22.754030000000171 ], [ 113.610970000000293, 22.75375 ], [ 113.610687000000325, 22.75375 ], [ 113.610687000000325, 22.753469000000109 ], [ 113.610138, 22.753471000000104 ], [ 113.610138, 22.753195000000176 ], [ 113.609863, 22.753195000000176 ], [ 113.609863, 22.75264 ], [ 113.608749000000216, 22.75264 ], [ 113.608749000000216, 22.752359000000126 ], [ 113.608192000000145, 22.752361000000121 ], [ 113.608192000000145, 22.751806 ], [ 113.607086, 22.75181 ], [ 113.607086, 22.751251 ], [ 113.606796000000259, 22.751251 ], [ 113.606796000000259, 22.750973 ], [ 113.606247000000167, 22.750973 ], [ 113.606247000000167, 22.750694 ], [ 113.605415000000221, 22.750694 ], [ 113.605415000000221, 22.750139000000104 ], [ 113.604309, 22.750141 ], [ 113.604309, 22.749863000000175 ], [ 113.6037520000001, 22.749863000000175 ], [ 113.6037520000001, 22.749323000000118 ], [ 113.602913000000171, 22.749323000000118 ], [ 113.602913000000171, 22.749031000000116 ], [ 113.602638000000297, 22.749031000000116 ], [ 113.602638000000297, 22.748753 ], [ 113.601807000000122, 22.748753 ], [ 113.601807000000122, 22.74847 ], [ 113.601524000000154, 22.74847 ], [ 113.601524000000154, 22.748194000000126 ], [ 113.600975, 22.748194000000126 ], [ 113.600975, 22.747917000000143 ], [ 113.60041, 22.747919 ], [ 113.60041, 22.747641 ], [ 113.599861, 22.747641 ], [ 113.599861, 22.747358 ], [ 113.599586, 22.747358 ], [ 113.599586, 22.747080000000153 ], [ 113.599030000000198, 22.747084000000143 ], [ 113.599030000000198, 22.746805000000109 ], [ 113.59874700000023, 22.746811 ], [ 113.59874700000023, 22.746531000000175 ], [ 113.598473000000126, 22.746531000000175 ], [ 113.598473000000126, 22.746262000000115 ], [ 113.598198000000139, 22.746262000000115 ], [ 113.598198000000139, 22.745970000000113 ], [ 113.597641, 22.745972000000108 ], [ 113.597641, 22.745695000000126 ], [ 113.596252, 22.745695000000126 ], [ 113.596252, 22.747084000000143 ], [ 113.596527, 22.747080000000153 ], [ 113.596527, 22.748753 ], [ 113.596252, 22.748753 ], [ 113.596252, 22.749031000000116 ], [ 113.595970000000193, 22.749031000000116 ], [ 113.595970000000193, 22.749323000000118 ], [ 113.594856000000163, 22.749323000000118 ], [ 113.594864000000143, 22.749863000000175 ], [ 113.593475000000126, 22.749863000000175 ], [ 113.593475000000126, 22.749584 ], [ 113.593193, 22.749584 ], [ 113.593193, 22.747358 ], [ 113.592918, 22.747358 ], [ 113.592918, 22.747641 ], [ 113.592361000000324, 22.747641 ], [ 113.592361000000324, 22.747358 ], [ 113.59208700000022, 22.747358 ], [ 113.59208700000022, 22.747080000000153 ], [ 113.591797, 22.747080000000153 ], [ 113.591797, 22.747641 ], [ 113.591530000000148, 22.747641 ], [ 113.591530000000148, 22.747919 ], [ 113.590416, 22.747919 ], [ 113.590416, 22.747641 ], [ 113.589859, 22.747641 ], [ 113.589859, 22.747358 ], [ 113.589302000000202, 22.747358 ], [ 113.589302000000202, 22.747080000000153 ], [ 113.589027000000328, 22.747080000000153 ], [ 113.589027000000328, 22.747358 ], [ 113.585983, 22.747358 ], [ 113.585983, 22.747641 ], [ 113.585693000000219, 22.747641 ], [ 113.585693000000219, 22.748194000000126 ], [ 113.585419000000229, 22.748194000000126 ], [ 113.585419000000229, 22.749584 ], [ 113.585136000000261, 22.74958 ], [ 113.585136000000261, 22.749863000000175 ], [ 113.584862000000157, 22.749863000000175 ], [ 113.584862000000157, 22.750141 ], [ 113.583473, 22.750141 ], [ 113.583473, 22.749863000000175 ], [ 113.582916, 22.749863000000175 ], [ 113.582916, 22.74958 ], [ 113.582642000000192, 22.749584 ], [ 113.582642000000192, 22.749027000000126 ], [ 113.582916, 22.749031000000116 ], [ 113.582916, 22.747919 ], [ 113.583191, 22.747919 ], [ 113.583191, 22.746811 ], [ 113.583473, 22.746811 ], [ 113.583473, 22.745970000000113 ], [ 113.583748, 22.745972000000108 ], [ 113.583748, 22.744862000000126 ], [ 113.58403, 22.744862000000126 ], [ 113.58403, 22.744026 ], [ 113.584297000000106, 22.744028 ], [ 113.584297000000106, 22.743191 ], [ 113.58403, 22.743195 ], [ 113.58403, 22.742640000000108 ], [ 113.583748, 22.742640000000108 ], [ 113.583748, 22.74236100000013 ], [ 113.583473, 22.74236100000013 ], [ 113.583473, 22.74181 ], [ 113.583748, 22.74181 ], [ 113.583748, 22.741251000000148 ], [ 113.581253000000174, 22.741251000000148 ], [ 113.581253000000174, 22.741529 ], [ 113.580971, 22.741529 ], [ 113.580971, 22.741251000000148 ], [ 113.580139, 22.741251000000148 ], [ 113.580139, 22.741529 ], [ 113.579857000000288, 22.741529 ], [ 113.579857000000288, 22.741251000000148 ], [ 113.579033000000322, 22.741251000000148 ], [ 113.579033000000322, 22.740971 ], [ 113.578751000000125, 22.740971 ], [ 113.578751000000125, 22.741251000000148 ], [ 113.576813000000129, 22.741251000000148 ], [ 113.576813000000129, 22.741529 ], [ 113.576241, 22.741529 ], [ 113.576241, 22.741251000000148 ], [ 113.574028000000112, 22.741251000000148 ], [ 113.574028000000112, 22.740419 ], [ 113.573196, 22.740417 ], [ 113.573196, 22.740696 ], [ 113.57180800000026, 22.74069 ], [ 113.57180800000026, 22.741251000000148 ], [ 113.571533, 22.741251000000148 ], [ 113.571533, 22.741529 ], [ 113.570427000000223, 22.741529 ], [ 113.570427000000223, 22.74181 ], [ 113.570137, 22.741804 ], [ 113.570137, 22.742083 ], [ 113.569229, 22.742081 ], [ 113.569031000000223, 22.742081 ], [ 113.569031000000223, 22.742237000000159 ], [ 113.569031000000223, 22.74236100000013 ], [ 113.568871, 22.74236100000013 ], [ 113.568748, 22.74236100000013 ], [ 113.568748, 22.74245800000017 ], [ 113.568748, 22.742640000000108 ], [ 113.56852, 22.742640000000108 ], [ 113.567085000000134, 22.742640000000108 ], [ 113.567085000000134, 22.74236100000013 ], [ 113.566803, 22.74236100000013 ] ] ], [ [ [ 113.610687000000325, 22.788752001000091 ], [ 113.610687000000325, 22.788469 ], [ 113.610138, 22.788472999000135 ], [ 113.610138, 22.788195 ], [ 113.608475001000215, 22.788195 ], [ 113.608475001000215, 22.787916000000109 ], [ 113.607643000000166, 22.787922 ], [ 113.607643000000166, 22.787642001000108 ], [ 113.607361, 22.787642001000108 ], [ 113.607361, 22.787922 ], [ 113.606247000000167, 22.787916000000109 ], [ 113.606247000000167, 22.788472999000135 ], [ 113.606796000000259, 22.788469 ], [ 113.606796000000259, 22.788752001000091 ], [ 113.607361, 22.788752001000091 ], [ 113.607361, 22.78903 ], [ 113.607635, 22.78902800100019 ], [ 113.607635, 22.789305000000127 ], [ 113.607918, 22.789305000000127 ], [ 113.607918, 22.789581 ], [ 113.608191999000042, 22.789581 ], [ 113.608191999000042, 22.78902800100019 ], [ 113.608475001000215, 22.78902800100019 ], [ 113.608475001000215, 22.789305000000127 ], [ 113.608749000000216, 22.789305000000127 ], [ 113.608749000000216, 22.789581 ], [ 113.609580999000059, 22.789581 ], [ 113.609580999000059, 22.78986399900009 ], [ 113.611252, 22.78986399900009 ], [ 113.611252, 22.78902800100019 ], [ 113.610969999000076, 22.78903 ], [ 113.610969999000076, 22.788752001000091 ], [ 113.610687000000325, 22.788752001000091 ] ] ], [ [ [ 113.607361, 22.797081000000105 ], [ 113.607361, 22.797371000000112 ], [ 113.607643000000166, 22.797371000000112 ], [ 113.607643000000166, 22.796530000000189 ], [ 113.608192000000145, 22.796530000000189 ], [ 113.608192000000145, 22.795691 ], [ 113.607918, 22.795694 ], [ 113.607918, 22.795973000000117 ], [ 113.607635, 22.795973000000117 ], [ 113.607635, 22.795694 ], [ 113.607361, 22.795694 ], [ 113.607361, 22.795973000000117 ], [ 113.607086, 22.795973000000117 ], [ 113.607086, 22.795694 ], [ 113.606529, 22.795694 ], [ 113.606529, 22.795416 ], [ 113.606247000000167, 22.795420000000149 ], [ 113.606247000000167, 22.795141000000172 ], [ 113.606537000000117, 22.795141000000172 ], [ 113.606537000000117, 22.794861 ], [ 113.605415000000221, 22.794861 ], [ 113.605415000000221, 22.7945840000001 ], [ 113.604576, 22.79458000000011 ], [ 113.604576, 22.795141000000172 ], [ 113.604027, 22.795141000000172 ], [ 113.604027, 22.795420000000149 ], [ 113.6037520000001, 22.795416 ], [ 113.6037520000001, 22.795694 ], [ 113.604027, 22.795691 ], [ 113.604027, 22.796249 ], [ 113.604309, 22.796249 ], [ 113.604309, 22.7970830000001 ], [ 113.604858000000149, 22.797081000000105 ], [ 113.604858000000149, 22.797371000000112 ], [ 113.605141000000117, 22.797371000000112 ], [ 113.605141000000117, 22.797640000000172 ], [ 113.605972000000293, 22.797640000000172 ], [ 113.605972000000293, 22.797371000000112 ], [ 113.606796000000259, 22.797371000000112 ], [ 113.606796000000259, 22.797081000000105 ], [ 113.607361, 22.797081000000105 ] ] ], [ [ [ 113.627913999000043, 22.72680499900008 ], [ 113.627913999000043, 22.726528 ], [ 113.628471000000104, 22.726530000000139 ], [ 113.628471000000104, 22.726250000000107 ], [ 113.629028000000176, 22.726250000000107 ], [ 113.629028000000176, 22.725690999000108 ], [ 113.62930299900006, 22.725695001000076 ], [ 113.62930299900006, 22.725415999000063 ], [ 113.629860000000235, 22.725419999000053 ], [ 113.629860000000235, 22.725151001000029 ], [ 113.630142, 22.725151001000029 ], [ 113.630142, 22.724583001000099 ], [ 113.63041699900009, 22.724585000000161 ], [ 113.63041699900009, 22.724306001000059 ], [ 113.630966001000047, 22.724310001000049 ], [ 113.630966001000047, 22.723751000000107 ], [ 113.631248, 22.723751000000107 ], [ 113.631248, 22.723473000000183 ], [ 113.63180499900011, 22.723473000000183 ], [ 113.63180499900011, 22.723194001000081 ], [ 113.632079999000212, 22.723194001000081 ], [ 113.632079999000212, 22.722639 ], [ 113.632362000000171, 22.722642999000129 ], [ 113.632362000000171, 22.722363 ], [ 113.63291899900014, 22.722363 ], [ 113.63291899900014, 22.722090000000151 ], [ 113.633476001000076, 22.722090000000151 ], [ 113.633476001000076, 22.721809001000054 ], [ 113.633751000000302, 22.721809001000054 ], [ 113.633751000000302, 22.721533001000125 ], [ 113.634033, 22.721533001000125 ], [ 113.634033, 22.721249000000171 ], [ 113.634307999000157, 22.721249000000171 ], [ 113.634307999000157, 22.720968 ], [ 113.634582999000145, 22.72097 ], [ 113.634582999000145, 22.720694001000027 ], [ 113.634865000000104, 22.720694001000027 ], [ 113.634865000000104, 22.720419001000153 ], [ 113.635139, 22.720421001000147 ], [ 113.635139, 22.720138999000085 ], [ 113.635695999000063, 22.720138999000085 ], [ 113.635695999000063, 22.719858 ], [ 113.635970999000051, 22.71986 ], [ 113.635970999000051, 22.719584000000111 ], [ 113.636253, 22.719584000000111 ], [ 113.636253, 22.71930500100018 ], [ 113.636542999000085, 22.719311 ], [ 113.636542999000085, 22.719021 ], [ 113.6368030000001, 22.719030001000192 ], [ 113.6368030000001, 22.718748 ], [ 113.637077000000204, 22.718748 ], [ 113.637077000000204, 22.718470000000138 ], [ 113.637360001000047, 22.718472 ], [ 113.637360001000047, 22.717083000000116 ], [ 113.638191, 22.717083000000116 ], [ 113.638191, 22.716528001000086 ], [ 113.638466000000335, 22.716530001000081 ], [ 113.638466000000335, 22.716248999000129 ], [ 113.638748001000181, 22.716248999000129 ], [ 113.638748001000181, 22.715691 ], [ 113.639030000000162, 22.715694 ], [ 113.639030000000162, 22.715414001000113 ], [ 113.639312999000026, 22.715420000000165 ], [ 113.639312999000026, 22.714860999 ], [ 113.639580000000137, 22.714860999 ], [ 113.639580000000137, 22.714581 ], [ 113.639861999000118, 22.714582000000121 ], [ 113.639861999000118, 22.714306000000192 ], [ 113.640137001000312, 22.714310000000182 ], [ 113.640137001000312, 22.713750999000183 ], [ 113.640419, 22.713750999000183 ], [ 113.640419, 22.713470000000143 ], [ 113.640694000000167, 22.713472000000138 ], [ 113.640694000000167, 22.713196 ], [ 113.640975999000148, 22.713196 ], [ 113.640975999000148, 22.712639001000184 ], [ 113.641251001000114, 22.712641001000179 ], [ 113.641251001000114, 22.71208 ], [ 113.640975999000148, 22.712084 ], [ 113.640975999000148, 22.711527001000036 ], [ 113.640686000000187, 22.711531 ], [ 113.640686000000187, 22.710702999000091 ], [ 113.640419, 22.710702999000091 ], [ 113.640419, 22.71015 ], [ 113.640137001000312, 22.71015 ], [ 113.640137001000312, 22.709579 ], [ 113.639580000000137, 22.709582999000133 ], [ 113.639580000000137, 22.709028000000103 ], [ 113.639312999000026, 22.70903 ], [ 113.639312999000026, 22.707920000000115 ], [ 113.639030000000162, 22.707920000000115 ], [ 113.639030000000162, 22.707359001000157 ], [ 113.638748001000181, 22.707359001000157 ], [ 113.638748001000181, 22.707080999000027 ], [ 113.638473999000212, 22.707082999000022 ], [ 113.638473999000212, 22.706806000000142 ], [ 113.638191, 22.706811999000024 ], [ 113.638191, 22.706532 ], [ 113.637917, 22.706532 ], [ 113.637917, 22.705971001000023 ], [ 113.637642, 22.705973001000018 ], [ 113.637642, 22.705416 ], [ 113.637360001000047, 22.70542 ], [ 113.637360001000047, 22.70486100100004 ], [ 113.637077000000204, 22.70486100100004 ], [ 113.637077000000204, 22.704308999000034 ], [ 113.6368030000001, 22.704308999000034 ], [ 113.6368030000001, 22.703751000000125 ], [ 113.636528000000226, 22.703751000000125 ], [ 113.636528000000226, 22.703193999000121 ], [ 113.636253, 22.703193999000121 ], [ 113.636253, 22.702639000000147 ], [ 113.635970999000051, 22.702641000000142 ], [ 113.635970999000051, 22.70153 ], [ 113.635695999000063, 22.70153 ], [ 113.635695999000063, 22.700981 ], [ 113.635406001000206, 22.700981 ], [ 113.635406001000206, 22.700140000000147 ], [ 113.635695999000063, 22.700140000000147 ], [ 113.635695999000063, 22.69986 ], [ 113.636253, 22.699862 ], [ 113.636253, 22.699583001000121 ], [ 113.637084999000081, 22.699583001000121 ], [ 113.637084999000081, 22.69930599900016 ], [ 113.637642, 22.699310001000129 ], [ 113.637642, 22.699029999000061 ], [ 113.639030000000162, 22.699029999000061 ], [ 113.639030000000162, 22.69875 ], [ 113.639312999000026, 22.69875 ], [ 113.639305000000149, 22.698475 ], [ 113.640419, 22.698475 ], [ 113.640419, 22.698195001000045 ], [ 113.640975999000148, 22.698195001000045 ], [ 113.640975999000148, 22.697915999000088 ], [ 113.641808, 22.697920001000057 ], [ 113.641808, 22.697639000000152 ], [ 113.64263900100002, 22.697639000000152 ], [ 113.64263900100002, 22.697363 ], [ 113.643196000000216, 22.697363 ], [ 113.643196000000216, 22.697639000000152 ], [ 113.64375300100005, 22.697639000000152 ], [ 113.64375300100005, 22.697081001000072 ], [ 113.644028001000038, 22.697081001000072 ], [ 113.644028001000038, 22.696806001000084 ], [ 113.644302001000142, 22.696810001000017 ], [ 113.644302001000142, 22.695972 ], [ 113.644585, 22.695972 ], [ 113.644585, 22.695417001000067 ], [ 113.64485900000011, 22.695421001000057 ], [ 113.64485900000011, 22.695142999000154 ], [ 113.645142001000181, 22.695142999000154 ], [ 113.645142001000181, 22.694862 ], [ 113.645691, 22.694862 ], [ 113.645691, 22.694578001000082 ], [ 113.64597300000014, 22.694584000000134 ], [ 113.64597300000014, 22.694305001000089 ], [ 113.646247999000025, 22.694309000000146 ], [ 113.646247999000025, 22.694031001000155 ], [ 113.646530001000087, 22.694031001000155 ], [ 113.646530001000087, 22.693468000000166 ], [ 113.646805001000075, 22.693472000000156 ], [ 113.646805001000075, 22.693195000000173 ], [ 113.647087, 22.693199000000106 ], [ 113.647087, 22.692921 ], [ 113.647362000000271, 22.692921 ], [ 113.647362000000271, 22.692637999000169 ], [ 113.647635999000158, 22.692637999000169 ], [ 113.647635999000158, 22.692360000000178 ], [ 113.648193000000106, 22.692362000000173 ], [ 113.648193000000106, 22.692083 ], [ 113.648476, 22.692083 ], [ 113.648476, 22.69152600100017 ], [ 113.649017, 22.691528001000165 ], [ 113.649017, 22.691249999000092 ], [ 113.649307001000011, 22.691249999000092 ], [ 113.649307001000011, 22.690969000000166 ], [ 113.649582000000123, 22.690971000000161 ], [ 113.649582000000123, 22.690695 ], [ 113.650138999000092, 22.690695 ], [ 113.650138999000092, 22.690416001000187 ], [ 113.650406, 22.69042 ], [ 113.650406, 22.690140001000088 ], [ 113.650696000000266, 22.690140001000088 ], [ 113.650696000000266, 22.689581 ], [ 113.65097, 22.689583 ], [ 113.65097, 22.689306000000101 ], [ 113.651253000000338, 22.68931 ], [ 113.651253000000338, 22.689041 ], [ 113.651801999000213, 22.689041 ], [ 113.651801999000213, 22.688750999000092 ], [ 113.652359, 22.688750999000092 ], [ 113.652359, 22.688471000000106 ], [ 113.652915999000015, 22.688472999000169 ], [ 113.652915999000015, 22.688194 ], [ 113.653198001000078, 22.688194 ], [ 113.653198001000078, 22.687916 ], [ 113.65347300000019, 22.687920000000133 ], [ 113.65347300000019, 22.687641001000088 ], [ 113.653748, 22.687641001000088 ], [ 113.653748, 22.687360999000191 ], [ 113.654029999000159, 22.687360999000191 ], [ 113.654029999000159, 22.68708 ], [ 113.654304999000033, 22.687084 ], [ 113.654304999000033, 22.686806000000161 ], [ 113.654579001000116, 22.68681000000015 ], [ 113.654579001000116, 22.686531000000173 ], [ 113.654861, 22.686531000000173 ], [ 113.654861, 22.686251001000187 ], [ 113.655136, 22.686251001000187 ], [ 113.655136, 22.685980001000132 ], [ 113.655417999000065, 22.685980001000132 ], [ 113.655417999000065, 22.68569 ], [ 113.655136, 22.685694000000183 ], [ 113.655136, 22.685139000999982 ], [ 113.654861, 22.685141000000101 ], [ 113.654861, 22.684859999000025 ], [ 113.654579001000116, 22.684859999000025 ], [ 113.654579001000116, 22.68431100000015 ], [ 113.654861, 22.68431100000015 ], [ 113.654861, 22.683750001000192 ], [ 113.655136, 22.683750001000192 ], [ 113.655136, 22.683203001000038 ], [ 113.655417999000065, 22.683203001000038 ], [ 113.655417999000065, 22.682640000000106 ], [ 113.655692999000053, 22.682640000000106 ], [ 113.655692999000053, 22.682079 ], [ 113.656806999000082, 22.682080999000107 ], [ 113.656806999000082, 22.682362001000115 ], [ 113.657646000000113, 22.682362001000115 ], [ 113.657646000000113, 22.682640000000106 ], [ 113.658203001000288, 22.682640000000106 ], [ 113.658203001000288, 22.68292 ], [ 113.658752000000163, 22.68292 ], [ 113.658752000000163, 22.683203001000038 ], [ 113.659583999, 22.683195000000183 ], [ 113.659583999, 22.683473999000057 ], [ 113.660141000000181, 22.683469999000124 ], [ 113.660141000000181, 22.684031 ], [ 113.6598590010002, 22.684029 ], [ 113.6598590010002, 22.684583999000097 ], [ 113.659576000000129, 22.68458 ], [ 113.659576000000129, 22.685141000000101 ], [ 113.659302, 22.685139000999982 ], [ 113.659302, 22.685694000000183 ], [ 113.659027, 22.68569 ], [ 113.659027, 22.686251001000187 ], [ 113.658752000000163, 22.686251001000187 ], [ 113.658752000000163, 22.68681000000015 ], [ 113.658470001000182, 22.686806000000161 ], [ 113.658470001000182, 22.687084 ], [ 113.657913, 22.687084 ], [ 113.657913, 22.686806000000161 ], [ 113.657356001000039, 22.68681000000015 ], [ 113.657356001000039, 22.687360999000191 ], [ 113.657082001000049, 22.687360999000191 ], [ 113.657082001000049, 22.687920000000133 ], [ 113.657639000000131, 22.687916 ], [ 113.657639000000131, 22.688194 ], [ 113.657913, 22.688194 ], [ 113.657913, 22.688472999000169 ], [ 113.658470001000182, 22.688471000000106 ], [ 113.658470001000182, 22.688750999000092 ], [ 113.658752000000163, 22.688750999000092 ], [ 113.658752000000163, 22.689041 ], [ 113.659302, 22.689041 ], [ 113.659302, 22.68931 ], [ 113.6598590010002, 22.689306000000101 ], [ 113.6598590010002, 22.689583 ], [ 113.660416000000168, 22.689583 ], [ 113.660416000000168, 22.689860999000075 ], [ 113.660697999000149, 22.689860999000075 ], [ 113.660697999000149, 22.689306000000101 ], [ 113.660141000000181, 22.68931 ], [ 113.660141000000181, 22.688750999000092 ], [ 113.6598590010002, 22.688750999000092 ], [ 113.6598590010002, 22.688471000000106 ], [ 113.659583999, 22.688472999000169 ], [ 113.659583999, 22.687916 ], [ 113.6598590010002, 22.687920000000133 ], [ 113.6598590010002, 22.686531000000173 ], [ 113.660141000000181, 22.686531000000173 ], [ 113.660141000000181, 22.685421000000133 ], [ 113.660422999000161, 22.685421000000133 ], [ 113.660422999000161, 22.685141000000101 ], [ 113.660713000000101, 22.685141000000101 ], [ 113.660713000000101, 22.684859999000025 ], [ 113.660973001000116, 22.684859999000025 ], [ 113.660973001000116, 22.684031 ], [ 113.661247001000106, 22.684031 ], [ 113.661247001000106, 22.683469999000124 ], [ 113.661530000000198, 22.683473999000057 ], [ 113.661530000000198, 22.682638000000111 ], [ 113.661797000000206, 22.682640000000106 ], [ 113.661797000000206, 22.682362001000115 ], [ 113.662085999000055, 22.682362001000115 ], [ 113.662085999000055, 22.681805000000111 ], [ 113.662361001000249, 22.681805000000111 ], [ 113.662361001000249, 22.681252 ], [ 113.662636001000124, 22.681252 ], [ 113.662636001000124, 22.680691000000138 ], [ 113.662918000000104, 22.680694999000025 ], [ 113.662918000000104, 22.680141000000106 ], [ 113.663185000000112, 22.680141000000106 ], [ 113.663475001000052, 22.680141000000106 ], [ 113.663475001000052, 22.680973001000098 ], [ 113.663193, 22.680968999000129 ], [ 113.663193, 22.68292 ], [ 113.663475001000052, 22.682917 ], [ 113.663475001000052, 22.684859999000025 ], [ 113.663750001000039, 22.684859999000025 ], [ 113.663750001000039, 22.686251001000187 ], [ 113.664307000000235, 22.686251001000187 ], [ 113.664307000000235, 22.687084 ], [ 113.664581000000339, 22.68708 ], [ 113.664581000000339, 22.687920000000133 ], [ 113.664307000000235, 22.687920000000133 ], [ 113.664307000000235, 22.688750999000092 ], [ 113.664016999000182, 22.688750999000092 ], [ 113.664016999000182, 22.68931 ], [ 113.663750001000039, 22.68931 ], [ 113.663750001000039, 22.690140001000088 ], [ 113.663483000000269, 22.690140001000088 ], [ 113.663483000000269, 22.69042 ], [ 113.662636001000124, 22.69042 ], [ 113.662636001000124, 22.690140001000088 ], [ 113.662085999000055, 22.690140001000088 ], [ 113.662024999000209, 22.69042 ], [ 113.661804, 22.690416001000187 ], [ 113.661804, 22.690971000000161 ], [ 113.66198, 22.690971000000161 ], [ 113.662361001000249, 22.690969000000166 ], [ 113.662361001000249, 22.691249999000092 ], [ 113.662636001000124, 22.691249999000092 ], [ 113.662636001000124, 22.691528001000165 ], [ 113.663193, 22.691528001000165 ], [ 113.663193, 22.691811 ], [ 113.663750001000039, 22.691811 ], [ 113.663750001000039, 22.691528001000165 ], [ 113.664016999000182, 22.691528001000165 ], [ 113.664016999000182, 22.690969000000166 ], [ 113.664307000000235, 22.690971000000161 ], [ 113.664307000000235, 22.690140001000088 ], [ 113.664581000000339, 22.690140001000088 ], [ 113.664581000000339, 22.689581 ], [ 113.664864001000069, 22.689583 ], [ 113.664864001000069, 22.688748999000097 ], [ 113.665138001000173, 22.688750999000092 ], [ 113.665138001000173, 22.688471000000106 ], [ 113.664864001000069, 22.688472999000169 ], [ 113.664864001000069, 22.688194 ], [ 113.665138001000173, 22.688194 ], [ 113.665138001000173, 22.687916 ], [ 113.665413, 22.687920000000133 ], [ 113.665413, 22.68681000000015 ], [ 113.665702999000018, 22.68681000000015 ], [ 113.665702999000018, 22.686531000000173 ], [ 113.66597, 22.686531000000173 ], [ 113.66597, 22.685421000000133 ], [ 113.666252001000316, 22.685421000000133 ], [ 113.666252001000316, 22.685141000000101 ], [ 113.666518999, 22.685141000000101 ], [ 113.666518999, 22.68458 ], [ 113.666809000000171, 22.684583999000097 ], [ 113.666809000000171, 22.683750001000192 ], [ 113.667076, 22.683750001000192 ], [ 113.667076, 22.68292 ], [ 113.66735799900016, 22.68292 ], [ 113.66735799900016, 22.681801000000121 ], [ 113.667641001000106, 22.681805000000111 ], [ 113.667641001000106, 22.681528 ], [ 113.667923, 22.681532 ], [ 113.667923, 22.680968999000129 ], [ 113.668198000000302, 22.680973001000098 ], [ 113.668198000000302, 22.680141000000106 ], [ 113.668472, 22.680141000000106 ], [ 113.668472, 22.679580999000052 ], [ 113.668746999000177, 22.679582999 ], [ 113.668746999000177, 22.678747 ], [ 113.669029001000013, 22.678749 ], [ 113.669029001000013, 22.677917 ], [ 113.669296001000134, 22.677917 ], [ 113.669296001000134, 22.677361000000133 ], [ 113.669586000000209, 22.677361000000133 ], [ 113.669586000000209, 22.676530999000079 ], [ 113.669860999000321, 22.676530999000079 ], [ 113.669860999000321, 22.675970001000053 ], [ 113.670134999000084, 22.675972001000048 ], [ 113.670134999000084, 22.675694001000124 ], [ 113.669860999000321, 22.675694001000124 ], [ 113.669860999000321, 22.675138 ], [ 113.670143001000042, 22.67514 ], [ 113.670143001000042, 22.674580001000152 ], [ 113.67041800100003, 22.67458300100003 ], [ 113.67041800100003, 22.674307001000102 ], [ 113.670692, 22.674311001000092 ], [ 113.670692, 22.67375 ], [ 113.670967000000132, 22.67375 ], [ 113.670967000000132, 22.67292000100008 ], [ 113.671248999000227, 22.67292000100008 ], [ 113.671248999000227, 22.672359000000142 ], [ 113.671523999000101, 22.672361000000137 ], [ 113.671523999000101, 22.671527999000034 ], [ 113.671806, 22.671529999000029 ], [ 113.671806, 22.67069100100008 ], [ 113.672081, 22.670694001000129 ], [ 113.672081, 22.670138999000017 ], [ 113.672363000000132, 22.670140999000182 ], [ 113.672363000000132, 22.66931000000011 ], [ 113.672653000000309, 22.66931000000011 ], [ 113.672653000000309, 22.66847 ], [ 113.67292000100008, 22.66847 ], [ 113.67292000100008, 22.667917001000035 ], [ 113.673195, 22.667917001000035 ], [ 113.673195, 22.667084000000102 ], [ 113.67347, 22.667084000000102 ], [ 113.67347, 22.66624799900012 ], [ 113.673751999000046, 22.66624799900012 ], [ 113.673751999000046, 22.665701 ], [ 113.67402599900015, 22.665701 ], [ 113.67402599900015, 22.66485 ], [ 113.674309000000221, 22.664861999000038 ], [ 113.674309000000221, 22.664026001000138 ], [ 113.674576001000219, 22.664028001000133 ], [ 113.674576001000219, 22.663471000000129 ], [ 113.674858000000199, 22.663472999000021 ], [ 113.674858000000199, 22.662640001000057 ], [ 113.675139999000294, 22.662640001000057 ], [ 113.675139999000294, 22.66181 ], [ 113.675423001000127, 22.66181 ], [ 113.675423001000127, 22.661251001000039 ], [ 113.675690001000021, 22.661251001000039 ], [ 113.675690001000021, 22.660419 ], [ 113.675972000000115, 22.660419 ], [ 113.675972000000115, 22.65958 ], [ 113.676247000000103, 22.659585999000114 ], [ 113.676247000000103, 22.659027000000151 ], [ 113.676528999000084, 22.659031000000141 ], [ 113.676528999000084, 22.658190000000161 ], [ 113.676804001000164, 22.658194000000151 ], [ 113.676804001000164, 22.657364001000133 ], [ 113.677086000000145, 22.657364001000133 ], [ 113.677086000000145, 22.656805000000134 ], [ 113.677361000000133, 22.656810999000015 ], [ 113.677361000000133, 22.655969999000092 ], [ 113.677635000000237, 22.655969999000092 ], [ 113.677635000000237, 22.65514 ], [ 113.677916999000217, 22.655142 ], [ 113.677916999000217, 22.65457899900008 ], [ 113.67819200100007, 22.654580999000075 ], [ 113.67819200100007, 22.653751 ], [ 113.6784589990001, 22.653751 ], [ 113.6784589990001, 22.652910000000134 ], [ 113.678749, 22.652916 ], [ 113.678749, 22.652361000000155 ], [ 113.67903099900002, 22.652361000000155 ], [ 113.67903099900002, 22.651530999000158 ], [ 113.679305999, 22.651530999000158 ], [ 113.679305999, 22.650689999000178 ], [ 113.679581001000088, 22.650694000999977 ], [ 113.679581001000088, 22.64986000000016 ], [ 113.679863, 22.649870000000135 ], [ 113.679863, 22.649030999000047 ], [ 113.680138, 22.649030999000047 ], [ 113.680138, 22.648201 ], [ 113.680419999000037, 22.648201 ], [ 113.680419999000037, 22.64764 ], [ 113.680686999000045, 22.64764 ], [ 113.680686999000045, 22.64681100100006 ], [ 113.680969001000108, 22.64681100100006 ], [ 113.680969001000108, 22.645969 ], [ 113.6812520000002, 22.645971 ], [ 113.6812520000002, 22.64513999899998 ], [ 113.681526000000304, 22.64513999899998 ], [ 113.681526000000304, 22.644310000000132 ], [ 113.681816001000016, 22.644310000000132 ], [ 113.681816001000016, 22.642920001000164 ], [ 113.680969001000108, 22.642920001000164 ], [ 113.680969001000108, 22.64264099899998 ], [ 113.680138, 22.64264099899998 ], [ 113.680138, 22.642363000000159 ], [ 113.679305999, 22.642363000000159 ], [ 113.679305999, 22.642080000000192 ], [ 113.678474, 22.642084000000182 ], [ 113.678474, 22.641806 ], [ 113.677642999000113, 22.641809 ], [ 113.677642999000113, 22.641533001000141 ], [ 113.676796, 22.641533001000141 ], [ 113.676796, 22.641252999000073 ], [ 113.675972000000115, 22.641252999000073 ], [ 113.675972000000115, 22.640968 ], [ 113.675139999000294, 22.64097 ], [ 113.675139999000294, 22.64069400000011 ], [ 113.674309000000221, 22.64069400000011 ], [ 113.674309000000221, 22.640417001000174 ], [ 113.67347, 22.640421 ], [ 113.67347, 22.640141001000075 ], [ 113.672653000000309, 22.640141001000075 ], [ 113.672653000000309, 22.639858 ], [ 113.671806, 22.639858 ], [ 113.671806, 22.639580000000137 ], [ 113.670975000000226, 22.639584000000127 ], [ 113.670975000000226, 22.639305 ], [ 113.670143001000042, 22.639311 ], [ 113.670143001000042, 22.639030000999981 ], [ 113.669029001000013, 22.639030000999981 ], [ 113.669029001000013, 22.638747999000145 ], [ 113.668198000000302, 22.638747999000145 ], [ 113.668198000000302, 22.63847 ], [ 113.66735799900016, 22.638472 ], [ 113.66735799900016, 22.63819500000011 ], [ 113.666518999, 22.638201 ], [ 113.666518999, 22.637931999000102 ], [ 113.665702999000018, 22.637931999000102 ], [ 113.665702999000018, 22.637638001000141 ], [ 113.66485599900011, 22.637638001000141 ], [ 113.66485599900011, 22.637359999000012 ], [ 113.66402400100003, 22.637361999000177 ], [ 113.66402400100003, 22.637083000000132 ], [ 113.662918000000104, 22.637083000000132 ], [ 113.662918000000104, 22.636806 ], [ 113.662085999000055, 22.636801 ], [ 113.662085999000055, 22.636526001000107 ], [ 113.661247001000106, 22.63653 ], [ 113.661247001000106, 22.636250001 ], [ 113.660697999000149, 22.636250001 ], [ 113.660713000000101, 22.636801 ], [ 113.660422999000161, 22.63681 ], [ 113.660422999000161, 22.638201 ], [ 113.660141000000181, 22.638201 ], [ 113.660141000000181, 22.639311 ], [ 113.6598590010002, 22.639311 ], [ 113.6598590010002, 22.640421 ], [ 113.659576000000129, 22.640421 ], [ 113.659576000000129, 22.641533001000141 ], [ 113.659302, 22.641533001000141 ], [ 113.659302, 22.64264099899998 ], [ 113.659027, 22.642638998999985 ], [ 113.659027, 22.643473 ], [ 113.658752000000163, 22.643473 ], [ 113.658752000000163, 22.644030000999976 ], [ 113.658470001000182, 22.644030000999976 ], [ 113.658470001000182, 22.644310000000132 ], [ 113.658194999000216, 22.644306001000075 ], [ 113.658203001000288, 22.644861000000105 ], [ 113.657913, 22.644861000000105 ], [ 113.657913, 22.64513999899998 ], [ 113.657639000000131, 22.64513999899998 ], [ 113.657639000000131, 22.645695001000092 ], [ 113.657356001000039, 22.645693001000097 ], [ 113.657356001000039, 22.64625 ], [ 113.657082001000049, 22.64625 ], [ 113.657082001000049, 22.646529999000052 ], [ 113.656806999000082, 22.646529999000052 ], [ 113.656806999000082, 22.64681100100006 ], [ 113.656525000000101, 22.646805001000075 ], [ 113.656525000000101, 22.647362000000101 ], [ 113.656250000000114, 22.647360000000106 ], [ 113.656250000000114, 22.64764 ], [ 113.655983000000219, 22.64764 ], [ 113.655983000000219, 22.648201 ], [ 113.655692999000053, 22.648201 ], [ 113.655692999000053, 22.648750000000177 ], [ 113.655417999000065, 22.648750000000177 ], [ 113.655417999000065, 22.649311001000115 ], [ 113.655136, 22.649311001000115 ], [ 113.655136, 22.649870000000135 ], [ 113.654861, 22.649870000000135 ], [ 113.654861, 22.650141000000133 ], [ 113.654579001000116, 22.650141000000133 ], [ 113.654579001000116, 22.650420999000119 ], [ 113.654304999000033, 22.650416999000186 ], [ 113.654304999000033, 22.650694000999977 ], [ 113.654029999000159, 22.650694000999977 ], [ 113.654029999000159, 22.650972001000071 ], [ 113.653748, 22.650970001000076 ], [ 113.653748, 22.651251000000173 ], [ 113.65347300000019, 22.651251000000173 ], [ 113.65347300000019, 22.651530999000158 ], [ 113.653198001000078, 22.651530999000158 ], [ 113.65319099900023, 22.651810001000115 ], [ 113.652915999000015, 22.651805999000146 ], [ 113.652915999000015, 22.65208200100011 ], [ 113.652641000000131, 22.652080999000191 ], [ 113.652641000000131, 22.652361000000155 ], [ 113.652359, 22.652361000000155 ], [ 113.652359, 22.652637 ], [ 113.652084000000173, 22.652637 ], [ 113.652084000000173, 22.652916 ], [ 113.651801999000213, 22.652916 ], [ 113.651801999000213, 22.653193999000052 ], [ 113.651526999000225, 22.653193999000052 ], [ 113.651526999000225, 22.653473001000066 ], [ 113.651253000000338, 22.653469001000076 ], [ 113.651253000000338, 22.653751 ], [ 113.65097, 22.653751 ], [ 113.65097, 22.654032 ], [ 113.650696000000266, 22.654032 ], [ 113.650696000000266, 22.65430999900002 ], [ 113.650413999000079, 22.654305999000087 ], [ 113.650413999000079, 22.654580999000075 ], [ 113.650138999000092, 22.654580999000075 ], [ 113.650138999000092, 22.654860001000088 ], [ 113.649857000000111, 22.654860001000088 ], [ 113.649857000000111, 22.655142 ], [ 113.649582000000123, 22.655142 ], [ 113.649582000000123, 22.655420000000163 ], [ 113.649307001000011, 22.655416000000173 ], [ 113.649307001000011, 22.655694999000048 ], [ 113.649024999000289, 22.655694999000048 ], [ 113.649024999000289, 22.655969999000092 ], [ 113.64875, 22.655969999000092 ], [ 113.64875, 22.656252 ], [ 113.648482999000066, 22.656252 ], [ 113.648482999000066, 22.656530000000146 ], [ 113.648193000000106, 22.656530000000146 ], [ 113.648193000000106, 22.656810999000015 ], [ 113.647919001000105, 22.656805000000134 ], [ 113.647919001000105, 22.657083999000065 ], [ 113.647635999000158, 22.657083999000065 ], [ 113.647635999000158, 22.657364001000133 ], [ 113.647362000000271, 22.657360001000143 ], [ 113.647362000000271, 22.657640000000129 ], [ 113.647087, 22.657640000000129 ], [ 113.647087, 22.657921000000101 ], [ 113.646805001000075, 22.657917000000168 ], [ 113.646805001000075, 22.658194000000151 ], [ 113.646530001000087, 22.658194000000151 ], [ 113.646530001000087, 22.658471999000142 ], [ 113.646247999000025, 22.658469999000147 ], [ 113.646247999000025, 22.658751001000155 ], [ 113.64597300000014, 22.658751001000155 ], [ 113.64597300000014, 22.659031000000141 ], [ 113.645691, 22.659031000000141 ], [ 113.645691, 22.659309 ], [ 113.645416001000285, 22.659306000000129 ], [ 113.645416001000285, 22.659585999000114 ], [ 113.645142001000181, 22.65958 ], [ 113.645142001000181, 22.659860999000159 ], [ 113.64485900000011, 22.659860999000159 ], [ 113.64485900000011, 22.660141000000124 ], [ 113.644577, 22.660141000000124 ], [ 113.644577, 22.660419 ], [ 113.644302001000142, 22.660418000000163 ], [ 113.644287, 22.660694 ], [ 113.644028001000038, 22.660694 ], [ 113.644028001000038, 22.660896 ], [ 113.644028001000038, 22.660972999000137 ], [ 113.643928999000195, 22.660972999000137 ], [ 113.64375300100005, 22.660970999000142 ], [ 113.64375300100005, 22.661104001000126 ], [ 113.64375300100005, 22.661251001000039 ], [ 113.643562, 22.661251001000039 ], [ 113.643471000000204, 22.661251001000039 ], [ 113.643471000000204, 22.66132400000015 ], [ 113.643471000000204, 22.661530000000141 ], [ 113.643196000000216, 22.661535000000185 ], [ 113.643196000000216, 22.66181 ], [ 113.642914001, 22.661804 ], [ 113.642914001, 22.662083 ], [ 113.64263900100002, 22.662081 ], [ 113.64263900100002, 22.662360999000043 ], [ 113.642357, 22.662360999000043 ], [ 113.642357, 22.662640001000057 ], [ 113.642082, 22.662640001000057 ], [ 113.642082, 22.662918 ], [ 113.641808, 22.662916 ], [ 113.641808, 22.663195 ], [ 113.641525001000218, 22.663195 ], [ 113.641525001000218, 22.663472999000021 ], [ 113.641251001000114, 22.663471000000129 ], [ 113.641251001000114, 22.663749999000061 ], [ 113.640975999000148, 22.663749999000061 ], [ 113.640975999000148, 22.664028001000133 ], [ 113.640694000000167, 22.664026001000138 ], [ 113.640694000000167, 22.664305 ], [ 113.640419, 22.664305 ], [ 113.640419, 22.664583000000164 ], [ 113.640137001000312, 22.664583000000164 ], [ 113.640137001000312, 22.664861999000038 ], [ 113.639861999000118, 22.66485 ], [ 113.639861999000118, 22.665421 ], [ 113.639312999000026, 22.665421 ], [ 113.639312999000026, 22.665701 ], [ 113.639030000000162, 22.665701 ], [ 113.639030000000162, 22.66624799900012 ], [ 113.638748001000181, 22.66624799900012 ], [ 113.638748001000181, 22.666531001000124 ], [ 113.638466000000335, 22.666531001000124 ], [ 113.638466000000335, 22.666809000000114 ], [ 113.638191, 22.666805000000124 ], [ 113.638191, 22.667084000000102 ], [ 113.637917, 22.667080000000169 ], [ 113.637917, 22.667358 ], [ 113.637642, 22.667358 ], [ 113.637642, 22.667640999000128 ], [ 113.637360001000047, 22.667640999000128 ], [ 113.637360001000047, 22.667917001000035 ], [ 113.637084999000081, 22.667917001000035 ], [ 113.637084999000081, 22.668194000000142 ], [ 113.6368030000001, 22.668194000000142 ], [ 113.6368030000001, 22.66847 ], [ 113.636528000000226, 22.66847 ], [ 113.636542999000085, 22.668752999000105 ], [ 113.636253, 22.668752999000105 ], [ 113.636253, 22.66931000000011 ], [ 113.635970999000051, 22.669306001000052 ], [ 113.635970999000051, 22.66958 ], [ 113.635695999000063, 22.66958 ], [ 113.635695999000063, 22.670140999000182 ], [ 113.634865000000104, 22.670138999000017 ], [ 113.634865000000104, 22.670694001000129 ], [ 113.634307999000157, 22.670694001000129 ], [ 113.634307999000157, 22.670975 ], [ 113.634033, 22.670973 ], [ 113.634033, 22.671529999000029 ], [ 113.633751000000302, 22.671529999000029 ], [ 113.633751000000302, 22.671810001000097 ], [ 113.633193999000014, 22.671806001000107 ], [ 113.633193999000014, 22.672361000000137 ], [ 113.63291899900014, 22.672359000000142 ], [ 113.63291899900014, 22.672640000000115 ], [ 113.632637000000159, 22.67263800000012 ], [ 113.632637000000159, 22.673195001000124 ], [ 113.632362000000171, 22.673195001000124 ], [ 113.632362000000171, 22.67347100000012 ], [ 113.632079999000212, 22.67347 ], [ 113.632079999000212, 22.674040001000037 ], [ 113.631531000000109, 22.674040001000037 ], [ 113.631531000000109, 22.674311001000092 ], [ 113.631248, 22.674307001000102 ], [ 113.631248, 22.67458300100003 ], [ 113.630966001000047, 22.674580001000152 ], [ 113.630966001000047, 22.67514 ], [ 113.63041699900009, 22.67514 ], [ 113.63041699900009, 22.675420999000096 ], [ 113.630142, 22.675416999000106 ], [ 113.630142, 22.675694001000124 ], [ 113.629860000000235, 22.675689999000156 ], [ 113.629860000000235, 22.67625 ], [ 113.629593000000227, 22.67625 ], [ 113.629593000000227, 22.676530999000079 ], [ 113.62930299900006, 22.676525 ], [ 113.62930299900006, 22.677084001000026 ], [ 113.629028000000176, 22.677079999000057 ], [ 113.629028000000176, 22.677361000000133 ], [ 113.628746, 22.677361000000133 ], [ 113.628746, 22.677917 ], [ 113.628197001000217, 22.677917 ], [ 113.628197001000217, 22.678473000999986 ], [ 113.627907000000164, 22.678471001000048 ], [ 113.627907000000164, 22.678749 ], [ 113.62764, 22.678749 ], [ 113.62764, 22.679309999000168 ], [ 113.626808001000086, 22.679305999000178 ], [ 113.626808001000086, 22.679859001000125 ], [ 113.626525999000023, 22.679849999000055 ], [ 113.626525999000023, 22.680141000000106 ], [ 113.625969000000168, 22.680141000000106 ], [ 113.625969000000168, 22.680421999000146 ], [ 113.62542000100018, 22.680416 ], [ 113.62542000100018, 22.680694999000025 ], [ 113.625137000000109, 22.680691000000138 ], [ 113.625137000000109, 22.681252 ], [ 113.62458000100014, 22.681252 ], [ 113.62458000100014, 22.681532 ], [ 113.62430600100015, 22.681528 ], [ 113.62430600100015, 22.681805000000111 ], [ 113.624031001000162, 22.681805000000111 ], [ 113.624031001000162, 22.682080999000107 ], [ 113.623749000000203, 22.682080999000107 ], [ 113.623749000000203, 22.682362001000115 ], [ 113.623192001, 22.682362001000115 ], [ 113.623192001, 22.682640000000106 ], [ 113.622917001000019, 22.682640000000106 ], [ 113.622917001000019, 22.68292 ], [ 113.623192001, 22.68292 ], [ 113.623192001, 22.683203001000038 ], [ 113.622917001000019, 22.683195000000183 ], [ 113.622917001000019, 22.683473999000057 ], [ 113.622643001000029, 22.683469999000124 ], [ 113.622643001000029, 22.684031 ], [ 113.622092999000188, 22.684031 ], [ 113.622092999000188, 22.68431100000015 ], [ 113.621803001000217, 22.684305000000165 ], [ 113.621803001000217, 22.684583999000097 ], [ 113.621529001000113, 22.684583999000097 ], [ 113.621536000000219, 22.684859999000025 ], [ 113.620972, 22.684859999000025 ], [ 113.620972, 22.685141000000101 ], [ 113.620697, 22.685141000000101 ], [ 113.620697, 22.685421000000133 ], [ 113.620140001000095, 22.685417 ], [ 113.620140001000095, 22.685694000000183 ], [ 113.619583000000262, 22.68569 ], [ 113.619583000000262, 22.685980001000132 ], [ 113.619308, 22.685980001000132 ], [ 113.619308, 22.686251001000187 ], [ 113.619026001000066, 22.686251001000187 ], [ 113.619026001000066, 22.686531000000173 ], [ 113.61875199900021, 22.686531000000173 ], [ 113.61875199900021, 22.68681000000015 ], [ 113.618469000000118, 22.686806000000161 ], [ 113.618469000000118, 22.687084 ], [ 113.618187, 22.68708 ], [ 113.618187, 22.687360999000191 ], [ 113.61792, 22.687360999000191 ], [ 113.61792, 22.687920000000133 ], [ 113.617362999000193, 22.687916 ], [ 113.617362999000193, 22.688194 ], [ 113.617081000000212, 22.688194 ], [ 113.617081000000212, 22.688472999000169 ], [ 113.616531, 22.688471000000106 ], [ 113.616531, 22.688750999000092 ], [ 113.615967, 22.688750999000092 ], [ 113.615967, 22.689041 ], [ 113.615410001000214, 22.689041 ], [ 113.615410001000214, 22.68931 ], [ 113.615135001000226, 22.689306000000101 ], [ 113.615135001000226, 22.689583 ], [ 113.614585999000042, 22.689583 ], [ 113.614585999000042, 22.689860999000075 ], [ 113.614296001000071, 22.689859000000183 ], [ 113.614296001000071, 22.690140001000088 ], [ 113.613747001000092, 22.690140001000088 ], [ 113.613747001000092, 22.69042 ], [ 113.613471999000126, 22.690416001000187 ], [ 113.613471999000126, 22.690695 ], [ 113.612915000000157, 22.690695 ], [ 113.612915000000157, 22.690971000000161 ], [ 113.61264, 22.690969000000166 ], [ 113.61264, 22.691249999000092 ], [ 113.612076000000116, 22.691249999000092 ], [ 113.612076000000116, 22.691528001000165 ], [ 113.611809000000108, 22.691528001000165 ], [ 113.611809000000108, 22.691811 ], [ 113.61152600000014, 22.691805000000102 ], [ 113.61152600000014, 22.692362000000173 ], [ 113.610969999000076, 22.692360000000178 ], [ 113.610969999000076, 22.692637999000169 ], [ 113.61042, 22.692637999000169 ], [ 113.61042, 22.692921 ], [ 113.610138, 22.692921 ], [ 113.610138, 22.693199000000106 ], [ 113.609580999000059, 22.693195000000173 ], [ 113.609580999000059, 22.693472000000156 ], [ 113.609016001000214, 22.693468000000166 ], [ 113.609016001000214, 22.693748 ], [ 113.608466999000029, 22.693748 ], [ 113.608466999000029, 22.694031001000155 ], [ 113.607918, 22.694031001000155 ], [ 113.607918, 22.694309000000146 ], [ 113.607635, 22.694305001000089 ], [ 113.607635, 22.694584000000134 ], [ 113.607086001000198, 22.694578001000082 ], [ 113.607086001000198, 22.694862 ], [ 113.606796000000259, 22.694862 ], [ 113.606796000000259, 22.695142999000154 ], [ 113.606247000000167, 22.695142999000154 ], [ 113.606247000000167, 22.695421001000057 ], [ 113.605972001000055, 22.695417001000067 ], [ 113.605972001000055, 22.695692001000054 ], [ 113.605415000000221, 22.695692001000054 ], [ 113.605415000000221, 22.695972 ], [ 113.604858000000149, 22.695972 ], [ 113.604858000000149, 22.696253 ], [ 113.604309001000274, 22.696253 ], [ 113.604309001000274, 22.696810001000017 ], [ 113.6037520000001, 22.696806001000084 ], [ 113.6037520000001, 22.697081001000072 ], [ 113.602638000000297, 22.697081001000072 ], [ 113.602638000000297, 22.697363 ], [ 113.6023560000001, 22.697363 ], [ 113.6023560000001, 22.697081001000072 ], [ 113.60125, 22.697081001000072 ], [ 113.60125, 22.696806001000084 ], [ 113.600693001000081, 22.696806001000084 ], [ 113.600693001000081, 22.697081001000072 ], [ 113.600136, 22.697081001000072 ], [ 113.600136, 22.697363 ], [ 113.59986899900025, 22.697363 ], [ 113.599586, 22.697363 ], [ 113.599586, 22.697639000000152 ], [ 113.599029999000095, 22.697639000000152 ], [ 113.599029999000095, 22.697920001000057 ], [ 113.59874700000023, 22.697915999000088 ], [ 113.59874700000023, 22.698195001000045 ], [ 113.598473000000126, 22.698195001000045 ], [ 113.598473000000126, 22.698475 ], [ 113.597916001000158, 22.698475 ], [ 113.597923000000264, 22.69875 ], [ 113.597640999000077, 22.69875 ], [ 113.597640999000077, 22.699029999000061 ], [ 113.597084000000109, 22.699027999000066 ], [ 113.597076001000119, 22.699300999000059 ], [ 113.596802001000015, 22.69930599900016 ], [ 113.596802001000015, 22.699583001000121 ], [ 113.596251999000174, 22.699581001000183 ], [ 113.596251999000174, 22.700140000000147 ], [ 113.595703, 22.700140000000147 ], [ 113.595703, 22.700419999000133 ], [ 113.595138999000028, 22.700419999000133 ], [ 113.595138999000028, 22.700701 ], [ 113.594856000000163, 22.700701 ], [ 113.594856000000163, 22.70125000000013 ], [ 113.594307, 22.70125000000013 ], [ 113.594307, 22.70153 ], [ 113.593749999000011, 22.70153 ], [ 113.593749999000011, 22.701811001000124 ], [ 113.593474999000023, 22.70180499900016 ], [ 113.593474999000023, 22.702084001000117 ], [ 113.592918, 22.702079999000148 ], [ 113.592918, 22.702641000000142 ], [ 113.592635999000095, 22.702641000000142 ], [ 113.592635999000095, 22.702920999000128 ], [ 113.592086999000117, 22.702915 ], [ 113.592086999000117, 22.703472001000023 ], [ 113.591797001000145, 22.703470001000085 ], [ 113.591797001000145, 22.703751000000125 ], [ 113.591530000000148, 22.703751000000125 ], [ 113.591530000000148, 22.704027 ], [ 113.59124, 22.704020000000185 ], [ 113.59124, 22.704308999000034 ], [ 113.590698, 22.704305999000155 ], [ 113.59069100000022, 22.704584001000057 ], [ 113.590416, 22.704579999000089 ], [ 113.590416, 22.70486100100004 ], [ 113.590141001, 22.70486100100004 ], [ 113.590141001, 22.705139 ], [ 113.589858999000171, 22.705139 ], [ 113.589858999000171, 22.70542 ], [ 113.589302000000202, 22.705416 ], [ 113.589302000000202, 22.705973001000018 ], [ 113.589027000000328, 22.705971001000023 ], [ 113.589027000000328, 22.706249001000117 ], [ 113.5887530010001, 22.706249001000117 ], [ 113.5887530010001, 22.706811999000024 ], [ 113.58846999900004, 22.706806000000142 ], [ 113.58846999900004, 22.707082999000022 ], [ 113.587906001000079, 22.707080999000027 ], [ 113.587906001000079, 22.707359001000157 ], [ 113.587639, 22.707359001000157 ], [ 113.587639, 22.707920000000115 ], [ 113.58736400100031, 22.707916000000125 ], [ 113.58736400100031, 22.708194999000057 ], [ 113.587081999000247, 22.70819100000017 ], [ 113.587081999000247, 22.708752001000107 ], [ 113.586807, 22.708752001000107 ], [ 113.586807, 22.709305000000143 ], [ 113.586525, 22.709305000000143 ], [ 113.586525, 22.709864001000085 ], [ 113.586250001000167, 22.70986200100009 ], [ 113.586250001000167, 22.71042100000011 ], [ 113.585976001000063, 22.71041700000012 ], [ 113.585976001000063, 22.710973999000089 ], [ 113.585693000000219, 22.710971999000094 ], [ 113.585693000000219, 22.711531 ], [ 113.585419000000229, 22.711527001000036 ], [ 113.585419000000229, 22.712084 ], [ 113.585136000000261, 22.71208 ], [ 113.585136000000261, 22.712641001000179 ], [ 113.584862001000033, 22.712639001000184 ], [ 113.584862001000033, 22.713472000000138 ], [ 113.584587001000045, 22.713470000000143 ], [ 113.584587001000045, 22.714310000000182 ], [ 113.584297000000106, 22.714310000000182 ], [ 113.584297000000106, 22.715139001000125 ], [ 113.58403, 22.715139001000125 ], [ 113.58403, 22.715973 ], [ 113.583748001000117, 22.715960000999985 ], [ 113.583748001000117, 22.71681 ], [ 113.583473001000243, 22.71681 ], [ 113.583473001000243, 22.717639999000085 ], [ 113.58319099900018, 22.717635999000095 ], [ 113.58319099900018, 22.718472 ], [ 113.582916, 22.718470000000138 ], [ 113.582916, 22.719311 ], [ 113.582642000000192, 22.719311 ], [ 113.582642000000192, 22.720138999000085 ], [ 113.5823590010001, 22.720138999000085 ], [ 113.5823590010001, 22.72097 ], [ 113.582076999000037, 22.720968 ], [ 113.582076999000037, 22.721809001000054 ], [ 113.581802000000152, 22.721806001000175 ], [ 113.581802000000152, 22.723194001000081 ], [ 113.581528000000162, 22.723189999000112 ], [ 113.581528000000162, 22.724861 ], [ 113.582367, 22.724861 ], [ 113.582367, 22.725151001000029 ], [ 113.583473001000243, 22.725151001000029 ], [ 113.583473001000243, 22.724861 ], [ 113.583748001000117, 22.724861 ], [ 113.583748001000117, 22.724310001000049 ], [ 113.584862001000033, 22.724310001000049 ], [ 113.584862001000033, 22.723751000000107 ], [ 113.585136000000261, 22.723751000000107 ], [ 113.585136000000261, 22.722642999000129 ], [ 113.585425999000222, 22.722642999000129 ], [ 113.585425999000222, 22.722090000000151 ], [ 113.586639001000208, 22.722090000000151 ], [ 113.589302000000202, 22.722090000000151 ], [ 113.589302000000202, 22.721809001000054 ], [ 113.589858999000171, 22.721809001000054 ], [ 113.589858999000171, 22.721533001000125 ], [ 113.590141001, 22.721533001000125 ], [ 113.590141001, 22.721809001000054 ], [ 113.590972999000314, 22.721809001000054 ], [ 113.590972999000314, 22.722090000000151 ], [ 113.593749999000011, 22.722090000000151 ], [ 113.593749999000011, 22.721809001000054 ], [ 113.594307, 22.721809001000054 ], [ 113.594307, 22.721533001000125 ], [ 113.595703, 22.721533001000125 ], [ 113.595703, 22.721249000000171 ], [ 113.596251999000174, 22.721249000000171 ], [ 113.596251999000174, 22.720968 ], [ 113.597084000000109, 22.72097 ], [ 113.597084000000109, 22.720694001000027 ], [ 113.597916001000158, 22.720694001000027 ], [ 113.597916001000158, 22.720419001000153 ], [ 113.598473000000126, 22.720421001000147 ], [ 113.598473000000126, 22.720138999000085 ], [ 113.599029999000095, 22.720138999000085 ], [ 113.599029999000095, 22.719858 ], [ 113.599861, 22.71986 ], [ 113.599861, 22.719584000000111 ], [ 113.600975, 22.719584000000111 ], [ 113.600975, 22.71930500100018 ], [ 113.6023560000001, 22.719311 ], [ 113.6023560000001, 22.719021 ], [ 113.602912999000068, 22.719030001000192 ], [ 113.602912999000068, 22.718748 ], [ 113.604309001000274, 22.718748 ], [ 113.604309001000274, 22.718470000000138 ], [ 113.605141000000117, 22.718472 ], [ 113.605141000000117, 22.718195 ], [ 113.605698001000064, 22.718195 ], [ 113.605698001000064, 22.717916001 ], [ 113.605972001000055, 22.717920001000152 ], [ 113.605972001000055, 22.717639999000085 ], [ 113.606247000000167, 22.717639999000085 ], [ 113.606247000000167, 22.717081000000121 ], [ 113.606529, 22.717083000000116 ], [ 113.606529, 22.716806 ], [ 113.607086001000198, 22.71681 ], [ 113.607086001000198, 22.716530001000081 ], [ 113.607361, 22.716530001000081 ], [ 113.607361, 22.716248999000129 ], [ 113.607643000000166, 22.716248999000129 ], [ 113.607635, 22.715973 ], [ 113.607918, 22.715973 ], [ 113.607918, 22.715694 ], [ 113.608749000000216, 22.715694 ], [ 113.608749000000216, 22.715973 ], [ 113.609580999000059, 22.715960000999985 ], [ 113.609580999000059, 22.716530001000081 ], [ 113.610138, 22.716530001000081 ], [ 113.610138, 22.71681 ], [ 113.610694999000202, 22.716806 ], [ 113.610694999000202, 22.717083000000116 ], [ 113.610969999000076, 22.717083000000116 ], [ 113.610969999000076, 22.717361 ], [ 113.611252, 22.71736 ], [ 113.611252, 22.717639999000085 ], [ 113.61152600000014, 22.717639999000085 ], [ 113.61152600000014, 22.717920001000152 ], [ 113.612082999000108, 22.717916001 ], [ 113.612082999000108, 22.718195 ], [ 113.612357999000096, 22.718195 ], [ 113.612357999000096, 22.718472 ], [ 113.612907001000053, 22.718470000000138 ], [ 113.612907001000053, 22.718748 ], [ 113.613471999000126, 22.718748 ], [ 113.613471999000126, 22.719311 ], [ 113.613747001000092, 22.71930500100018 ], [ 113.613747001000092, 22.719584000000111 ], [ 113.614304, 22.719584000000111 ], [ 113.614304, 22.71986 ], [ 113.614860999000143, 22.719858 ], [ 113.614860999000143, 22.720138999000085 ], [ 113.615143000000103, 22.720138999000085 ], [ 113.615143000000103, 22.720421001000147 ], [ 113.616248999000049, 22.720419001000153 ], [ 113.616248999000049, 22.720694001000027 ], [ 113.616806000000224, 22.720690001000037 ], [ 113.616806000000224, 22.721249000000171 ], [ 113.617081000000212, 22.721249000000171 ], [ 113.617081000000212, 22.721533001000125 ], [ 113.617638001000046, 22.721533001000125 ], [ 113.617638001000046, 22.722090000000151 ], [ 113.618187, 22.722090000000151 ], [ 113.618187, 22.722363 ], [ 113.618476999000109, 22.722363 ], [ 113.618469000000118, 22.722084000000166 ], [ 113.61875199900021, 22.722090000000151 ], [ 113.61875199900021, 22.722363 ], [ 113.619026001000066, 22.722363 ], [ 113.619026001000066, 22.722919001000093 ], [ 113.619583000000262, 22.722917999000174 ], [ 113.619583000000262, 22.723194001000081 ], [ 113.620140001000095, 22.723194001000081 ], [ 113.620140001000095, 22.723473000000183 ], [ 113.620406999000011, 22.723473000000183 ], [ 113.620406999000011, 22.723751000000107 ], [ 113.620697, 22.723751000000107 ], [ 113.620697, 22.724029999000152 ], [ 113.620972, 22.724029999000152 ], [ 113.620972, 22.724310001000049 ], [ 113.621529001000113, 22.724306001000059 ], [ 113.621529001000113, 22.724585000000161 ], [ 113.621803001000217, 22.724583001000099 ], [ 113.621803001000217, 22.724861 ], [ 113.622360000000185, 22.724861 ], [ 113.622360000000185, 22.725151001000029 ], [ 113.622917001000019, 22.725151001000029 ], [ 113.622917001000019, 22.725419999000053 ], [ 113.623192001, 22.725415999000063 ], [ 113.623192001, 22.725695001000076 ], [ 113.623749000000203, 22.725695001000076 ], [ 113.623749000000203, 22.725973 ], [ 113.624031001000162, 22.725971001000175 ], [ 113.624031001000162, 22.726250000000107 ], [ 113.624313000000143, 22.726250000000107 ], [ 113.624313000000143, 22.726530000000139 ], [ 113.624863, 22.726528 ], [ 113.624863, 22.72680499900008 ], [ 113.625694001000056, 22.72680499900008 ], [ 113.625694001000056, 22.727083001000153 ], [ 113.626808001000086, 22.727083001000153 ], [ 113.626808001000086, 22.727362 ], [ 113.627083001000074, 22.727362 ], [ 113.627083001000074, 22.727083001000153 ], [ 113.62764, 22.727083001000153 ], [ 113.62764, 22.72680499900008 ], [ 113.627913999000043, 22.72680499900008 ] ] ], [ [ [ 113.620040893, 22.798526765000076 ], [ 113.620054194000204, 22.798488194000186 ], [ 113.620058, 22.798477000000162 ], [ 113.620085, 22.798398000000191 ], [ 113.620155000000182, 22.798195 ], [ 113.619858000000136, 22.798195 ], [ 113.619858000000136, 22.798471000000177 ], [ 113.619583000000262, 22.798470000000123 ], [ 113.619606000000203, 22.798788000000116 ], [ 113.619632, 22.798772 ], [ 113.619677865000199, 22.798744898000109 ], [ 113.619698348000043, 22.798732590000157 ], [ 113.620040893, 22.798526765000076 ] ] ], [ [ [ 113.619606000000203, 22.798788000000116 ], [ 113.619308, 22.79875 ], [ 113.619308, 22.798967000000175 ], [ 113.619606000000203, 22.798788000000116 ] ] ] ] } }
]
}
